[2026-09-06T21:08:50.842+0000] {manager.py:470} INFO - Processing files using up to 2 processes at a time 
[2026-09-06T21:08:50.853+0000] {manager.py:471} INFO - Process each file at most once every 30 seconds
[2026-09-06T21:08:50.859+0000] {manager.py:472} INFO - Checking for new files in /opt/airflow/dags every 300 seconds
[2026-09-06T21:08:50.864+0000] {manager.py:737} INFO - Searching for files in /opt/airflow/dags
[2026-09-06T21:08:50.882+0000] {manager.py:740} INFO - There are 0 files in /opt/airflow/dags
[2026-09-06T21:13:51.768+0000] {manager.py:737} INFO - Searching for files in /opt/airflow/dags
[2026-09-06T21:13:51.799+0000] {manager.py:740} INFO - There are 0 files in /opt/airflow/dags
[2026-09-06T21:18:52.217+0000] {manager.py:737} INFO - Searching for files in /opt/airflow/dags
[2026-09-06T21:18:52.228+0000] {manager.py:740} INFO - There are 0 files in /opt/airflow/dags
[2026-09-06T21:23:52.651+0000] {manager.py:737} INFO - Searching for files in /opt/airflow/dags
[2026-09-06T21:23:52.664+0000] {manager.py:740} INFO - There are 0 files in /opt/airflow/dags
[2026-09-06T21:28:53.376+0000] {manager.py:737} INFO - Searching for files in /opt/airflow/dags
[2026-09-06T21:28:53.412+0000] {manager.py:740} INFO - There are 0 files in /opt/airflow/dags
[2026-09-06T21:33:53.485+0000] {manager.py:737} INFO - Searching for files in /opt/airflow/dags
[2026-09-06T21:33:53.510+0000] {manager.py:740} INFO - There are 0 files in /opt/airflow/dags
[2026-09-06T21:38:53.509+0000] {manager.py:737} INFO - Searching for files in /opt/airflow/dags
[2026-09-06T21:38:53.535+0000] {manager.py:740} INFO - There are 0 files in /opt/airflow/dags
[2026-09-06T21:43:54.244+0000] {manager.py:737} INFO - Searching for files in /opt/airflow/dags
[2026-09-06T21:43:54.260+0000] {manager.py:740} INFO - There are 0 files in /opt/airflow/dags
[2026-09-06T21:48:54.949+0000] {manager.py:737} INFO - Searching for files in /opt/airflow/dags
[2026-09-06T21:48:55.005+0000] {manager.py:740} INFO - There are 0 files in /opt/airflow/dags
[2026-09-06T21:53:55.918+0000] {manager.py:737} INFO - Searching for files in /opt/airflow/dags
[2026-09-06T21:53:55.977+0000] {manager.py:740} INFO - There are 0 files in /opt/airflow/dags
[2026-09-06T21:58:56.598+0000] {manager.py:737} INFO - Searching for files in /opt/airflow/dags
[2026-09-06T21:58:56.620+0000] {manager.py:740} INFO - There are 0 files in /opt/airflow/dags
[2026-09-06T22:03:57.082+0000] {manager.py:737} INFO - Searching for files in /opt/airflow/dags
[2026-09-06T22:03:57.096+0000] {manager.py:740} INFO - There are 0 files in /opt/airflow/dags
[2026-09-06T22:08:57.874+0000] {manager.py:737} INFO - Searching for files in /opt/airflow/dags
[2026-09-06T22:08:57.912+0000] {manager.py:740} INFO - There are 0 files in /opt/airflow/dags
[2026-09-06T22:13:58.523+0000] {manager.py:737} INFO - Searching for files in /opt/airflow/dags
[2026-09-06T22:13:58.535+0000] {manager.py:740} INFO - There are 0 files in /opt/airflow/dags
[2026-09-06T22:18:59.431+0000] {manager.py:737} INFO - Searching for files in /opt/airflow/dags
[2026-09-06T22:18:59.617+0000] {manager.py:740} INFO - There are 0 files in /opt/airflow/dags
[2026-09-06T22:24:00.205+0000] {manager.py:737} INFO - Searching for files in /opt/airflow/dags
[2026-09-06T22:24:00.226+0000] {manager.py:740} INFO - There are 0 files in /opt/airflow/dags
[2026-09-06T22:29:00.628+0000] {manager.py:737} INFO - Searching for files in /opt/airflow/dags
[2026-09-06T22:29:00.656+0000] {manager.py:740} INFO - There are 0 files in /opt/airflow/dags
[2026-09-06T22:34:01.173+0000] {manager.py:737} INFO - Searching for files in /opt/airflow/dags
[2026-09-06T22:34:01.186+0000] {manager.py:740} INFO - There are 0 files in /opt/airflow/dags
[2026-09-06T22:39:01.919+0000] {manager.py:737} INFO - Searching for files in /opt/airflow/dags
[2026-09-06T22:39:01.940+0000] {manager.py:740} INFO - There are 0 files in /opt/airflow/dags
[2026-09-06T22:44:02.603+0000] {manager.py:737} INFO - Searching for files in /opt/airflow/dags
[2026-09-06T22:44:02.633+0000] {manager.py:740} INFO - There are 0 files in /opt/airflow/dags
[2026-09-06T22:49:03.262+0000] {manager.py:737} INFO - Searching for files in /opt/airflow/dags
[2026-09-06T22:49:03.279+0000] {manager.py:740} INFO - There are 0 files in /opt/airflow/dags
[2026-09-06T22:54:03.947+0000] {manager.py:737} INFO - Searching for files in /opt/airflow/dags
[2026-09-06T22:54:03.988+0000] {manager.py:740} INFO - There are 0 files in /opt/airflow/dags
[2026-09-06T22:59:04.866+0000] {manager.py:737} INFO - Searching for files in /opt/airflow/dags
[2026-09-06T22:59:04.920+0000] {manager.py:740} INFO - There are 0 files in /opt/airflow/dags
[2026-09-06T23:04:05.718+0000] {manager.py:737} INFO - Searching for files in /opt/airflow/dags
[2026-09-06T23:04:05.784+0000] {manager.py:740} INFO - There are 0 files in /opt/airflow/dags
[2026-09-06T23:09:05.964+0000] {manager.py:737} INFO - Searching for files in /opt/airflow/dags
[2026-09-06T23:09:06.005+0000] {manager.py:740} INFO - There are 0 files in /opt/airflow/dags
[2026-09-06T23:14:06.546+0000] {manager.py:737} INFO - Searching for files in /opt/airflow/dags
[2026-09-06T23:14:06.567+0000] {manager.py:740} INFO - There are 0 files in /opt/airflow/dags
[2026-09-06T23:19:07.261+0000] {manager.py:737} INFO - Searching for files in /opt/airflow/dags
[2026-09-06T23:19:07.277+0000] {manager.py:740} INFO - There are 0 files in /opt/airflow/dags
[2026-09-06T23:24:08.076+0000] {manager.py:737} INFO - Searching for files in /opt/airflow/dags
[2026-09-06T23:24:08.099+0000] {manager.py:740} INFO - There are 0 files in /opt/airflow/dags
[2026-09-06T23:29:09.036+0000] {manager.py:737} INFO - Searching for files in /opt/airflow/dags
[2026-09-06T23:29:09.051+0000] {manager.py:740} INFO - There are 0 files in /opt/airflow/dags
[2026-09-06T23:34:09.623+0000] {manager.py:737} INFO - Searching for files in /opt/airflow/dags
[2026-09-06T23:34:09.642+0000] {manager.py:740} INFO - There are 0 files in /opt/airflow/dags
[2026-09-06T23:39:09.660+0000] {manager.py:737} INFO - Searching for files in /opt/airflow/dags
[2026-09-06T23:39:09.694+0000] {manager.py:740} INFO - There are 0 files in /opt/airflow/dags
[2026-09-06T23:44:10.413+0000] {manager.py:737} INFO - Searching for files in /opt/airflow/dags
[2026-09-06T23:44:10.456+0000] {manager.py:740} INFO - There are 0 files in /opt/airflow/dags
[2026-09-06T23:49:10.792+0000] {manager.py:737} INFO - Searching for files in /opt/airflow/dags
[2026-09-06T23:49:10.805+0000] {manager.py:740} INFO - There are 0 files in /opt/airflow/dags
[2026-09-06T23:54:11.126+0000] {manager.py:737} INFO - Searching for files in /opt/airflow/dags
[2026-09-06T23:54:11.137+0000] {manager.py:740} INFO - There are 0 files in /opt/airflow/dags
[2026-09-06T23:59:11.649+0000] {manager.py:737} INFO - Searching for files in /opt/airflow/dags
[2026-09-06T23:59:11.696+0000] {manager.py:740} INFO - There are 0 files in /opt/airflow/dags
[2026-09-07T00:04:11.848+0000] {manager.py:737} INFO - Searching for files in /opt/airflow/dags
[2026-09-07T00:04:11.869+0000] {manager.py:740} INFO - There are 0 files in /opt/airflow/dags
[2026-09-07T00:09:12.760+0000] {manager.py:737} INFO - Searching for files in /opt/airflow/dags
[2026-09-07T00:09:12.832+0000] {manager.py:740} INFO - There are 0 files in /opt/airflow/dags
[2026-09-07T00:14:12.949+0000] {manager.py:737} INFO - Searching for files in /opt/airflow/dags
[2026-09-07T00:14:12.983+0000] {manager.py:740} INFO - There are 0 files in /opt/airflow/dags
[2026-09-07T00:15:13.629+0000] {manager.py:452} INFO - Exiting gracefully upon receiving signal 15
[2026-09-07T13:52:24.348+0000] {manager.py:470} INFO - Processing files using up to 2 processes at a time 
[2026-09-07T13:52:24.364+0000] {manager.py:471} INFO - Process each file at most once every 30 seconds
[2026-09-07T13:52:24.368+0000] {manager.py:472} INFO - Checking for new files in /opt/airflow/dags every 300 seconds
[2026-09-07T13:52:24.373+0000] {manager.py:737} INFO - Searching for files in /opt/airflow/dags
[2026-09-07T13:52:24.387+0000] {manager.py:740} INFO - There are 0 files in /opt/airflow/dags
[2026-09-07T13:57:25.194+0000] {manager.py:737} INFO - Searching for files in /opt/airflow/dags
[2026-09-07T13:57:25.220+0000] {manager.py:740} INFO - There are 0 files in /opt/airflow/dags
[2026-09-07T15:21:29.354+0000] {manager.py:737} INFO - Searching for files in /opt/airflow/dags
[2026-09-07T15:21:30.016+0000] {manager.py:740} INFO - There are 0 files in /opt/airflow/dags
[2026-09-07T15:26:29.707+0000] {manager.py:737} INFO - Searching for files in /opt/airflow/dags
[2026-09-07T15:26:29.847+0000] {manager.py:740} INFO - There are 0 files in /opt/airflow/dags
[2026-09-07T15:31:30.494+0000] {manager.py:737} INFO - Searching for files in /opt/airflow/dags
[2026-09-07T15:31:30.533+0000] {manager.py:740} INFO - There are 0 files in /opt/airflow/dags
[2026-09-07T15:36:31.354+0000] {manager.py:737} INFO - Searching for files in /opt/airflow/dags
[2026-09-07T15:36:31.432+0000] {manager.py:740} INFO - There are 0 files in /opt/airflow/dags
[2026-09-07T15:41:32.110+0000] {manager.py:737} INFO - Searching for files in /opt/airflow/dags
[2026-09-07T15:41:32.170+0000] {manager.py:740} INFO - There are 0 files in /opt/airflow/dags
[2026-09-07T15:46:32.184+0000] {manager.py:737} INFO - Searching for files in /opt/airflow/dags
[2026-09-07T15:46:32.247+0000] {manager.py:740} INFO - There are 0 files in /opt/airflow/dags
[2026-09-07T15:51:32.516+0000] {manager.py:737} INFO - Searching for files in /opt/airflow/dags
[2026-09-07T15:51:32.534+0000] {manager.py:740} INFO - There are 0 files in /opt/airflow/dags
[2026-09-07T15:56:33.294+0000] {manager.py:737} INFO - Searching for files in /opt/airflow/dags
[2026-09-07T15:56:33.309+0000] {manager.py:740} INFO - There are 0 files in /opt/airflow/dags
[2026-09-07T16:01:33.452+0000] {manager.py:737} INFO - Searching for files in /opt/airflow/dags
[2026-09-07T16:01:33.586+0000] {manager.py:740} INFO - There are 0 files in /opt/airflow/dags
[2026-09-07T16:06:33.716+0000] {manager.py:737} INFO - Searching for files in /opt/airflow/dags
[2026-09-07T16:06:33.814+0000] {manager.py:740} INFO - There are 0 files in /opt/airflow/dags
[2026-09-07T16:11:33.949+0000] {manager.py:737} INFO - Searching for files in /opt/airflow/dags
[2026-09-07T16:11:35.675+0000] {manager.py:740} INFO - There are 0 files in /opt/airflow/dags
[2026-09-07T16:16:34.086+0000] {manager.py:737} INFO - Searching for files in /opt/airflow/dags
[2026-09-07T16:16:34.157+0000] {manager.py:740} INFO - There are 0 files in /opt/airflow/dags
[2026-09-07T16:21:34.826+0000] {manager.py:737} INFO - Searching for files in /opt/airflow/dags
[2026-09-07T16:21:34.973+0000] {manager.py:740} INFO - There are 0 files in /opt/airflow/dags
[2026-09-07T16:26:35.460+0000] {manager.py:737} INFO - Searching for files in /opt/airflow/dags
[2026-09-07T16:26:35.497+0000] {manager.py:740} INFO - There are 0 files in /opt/airflow/dags
[2026-09-07T16:31:35.925+0000] {manager.py:737} INFO - Searching for files in /opt/airflow/dags
[2026-09-07T16:31:35.985+0000] {manager.py:740} INFO - There are 0 files in /opt/airflow/dags
[2026-09-07T16:36:36.156+0000] {manager.py:737} INFO - Searching for files in /opt/airflow/dags
[2026-09-07T16:36:36.304+0000] {manager.py:740} INFO - There are 0 files in /opt/airflow/dags
[2026-09-07T16:41:36.549+0000] {manager.py:737} INFO - Searching for files in /opt/airflow/dags
[2026-09-07T16:41:36.659+0000] {manager.py:740} INFO - There are 0 files in /opt/airflow/dags
[2026-09-07T16:46:37.286+0000] {manager.py:737} INFO - Searching for files in /opt/airflow/dags
[2026-09-07T16:46:38.196+0000] {manager.py:740} INFO - There are 0 files in /opt/airflow/dags
[2026-09-07T16:51:38.118+0000] {manager.py:737} INFO - Searching for files in /opt/airflow/dags
[2026-09-07T16:51:38.195+0000] {manager.py:740} INFO - There are 0 files in /opt/airflow/dags
[2026-09-07T16:56:38.877+0000] {manager.py:737} INFO - Searching for files in /opt/airflow/dags
[2026-09-07T16:56:38.957+0000] {manager.py:740} INFO - There are 0 files in /opt/airflow/dags
[2026-09-07T17:01:38.770+0000] {manager.py:737} INFO - Searching for files in /opt/airflow/dags
[2026-09-07T17:01:38.846+0000] {manager.py:740} INFO - There are 0 files in /opt/airflow/dags
[2026-09-07T17:06:38.914+0000] {manager.py:737} INFO - Searching for files in /opt/airflow/dags
[2026-09-07T17:06:38.998+0000] {manager.py:740} INFO - There are 0 files in /opt/airflow/dags
[2026-09-07T17:11:39.539+0000] {manager.py:737} INFO - Searching for files in /opt/airflow/dags
[2026-09-07T17:11:39.590+0000] {manager.py:740} INFO - There are 0 files in /opt/airflow/dags
[2026-09-07T17:16:39.767+0000] {manager.py:737} INFO - Searching for files in /opt/airflow/dags
[2026-09-07T17:16:39.820+0000] {manager.py:740} INFO - There are 0 files in /opt/airflow/dags
[2026-09-07T17:21:40.491+0000] {manager.py:737} INFO - Searching for files in /opt/airflow/dags
[2026-09-07T17:21:40.512+0000] {manager.py:740} INFO - There are 0 files in /opt/airflow/dags
[2026-09-07T17:26:40.984+0000] {manager.py:737} INFO - Searching for files in /opt/airflow/dags
[2026-09-07T17:26:40.991+0000] {manager.py:740} INFO - There are 0 files in /opt/airflow/dags
[2026-09-07T17:31:41.398+0000] {manager.py:737} INFO - Searching for files in /opt/airflow/dags
[2026-09-07T17:31:41.432+0000] {manager.py:740} INFO - There are 0 files in /opt/airflow/dags
[2026-09-07T17:36:41.748+0000] {manager.py:737} INFO - Searching for files in /opt/airflow/dags
[2026-09-07T17:36:41.766+0000] {manager.py:740} INFO - There are 0 files in /opt/airflow/dags
[2026-09-07T17:41:41.855+0000] {manager.py:737} INFO - Searching for files in /opt/airflow/dags
[2026-09-07T17:41:41.872+0000] {manager.py:740} INFO - There are 0 files in /opt/airflow/dags
[2026-09-07T17:46:42.009+0000] {manager.py:737} INFO - Searching for files in /opt/airflow/dags
[2026-09-07T17:46:42.021+0000] {manager.py:740} INFO - There are 0 files in /opt/airflow/dags
[2026-09-07T17:51:42.015+0000] {manager.py:737} INFO - Searching for files in /opt/airflow/dags
[2026-09-07T17:51:42.044+0000] {manager.py:740} INFO - There are 0 files in /opt/airflow/dags
[2026-09-07T17:56:42.780+0000] {manager.py:737} INFO - Searching for files in /opt/airflow/dags
[2026-09-07T17:56:42.854+0000] {manager.py:740} INFO - There are 0 files in /opt/airflow/dags
[2026-09-07T18:01:43.655+0000] {manager.py:737} INFO - Searching for files in /opt/airflow/dags
[2026-09-07T18:01:43.733+0000] {manager.py:740} INFO - There are 0 files in /opt/airflow/dags
[2026-09-07T18:06:44.621+0000] {manager.py:737} INFO - Searching for files in /opt/airflow/dags
[2026-09-07T18:06:44.750+0000] {manager.py:740} INFO - There are 0 files in /opt/airflow/dags
[2026-09-07T18:11:44.657+0000] {manager.py:737} INFO - Searching for files in /opt/airflow/dags
[2026-09-07T18:11:44.672+0000] {manager.py:740} INFO - There are 0 files in /opt/airflow/dags
[2026-09-07T18:16:45.474+0000] {manager.py:737} INFO - Searching for files in /opt/airflow/dags
[2026-09-07T18:16:45.502+0000] {manager.py:740} INFO - There are 0 files in /opt/airflow/dags
[2026-09-07T18:21:45.716+0000] {manager.py:737} INFO - Searching for files in /opt/airflow/dags
[2026-09-07T18:21:45.957+0000] {manager.py:740} INFO - There are 0 files in /opt/airflow/dags
[2026-09-07T18:26:45.984+0000] {manager.py:737} INFO - Searching for files in /opt/airflow/dags
[2026-09-07T18:26:46.074+0000] {manager.py:740} INFO - There are 0 files in /opt/airflow/dags
[2026-09-07T18:31:46.919+0000] {manager.py:737} INFO - Searching for files in /opt/airflow/dags
[2026-09-07T18:31:46.984+0000] {manager.py:740} INFO - There are 0 files in /opt/airflow/dags
[2026-09-07T18:36:46.881+0000] {manager.py:737} INFO - Searching for files in /opt/airflow/dags
[2026-09-07T18:36:46.920+0000] {manager.py:740} INFO - There are 0 files in /opt/airflow/dags
[2026-09-07T18:41:47.439+0000] {manager.py:737} INFO - Searching for files in /opt/airflow/dags
[2026-09-07T18:41:47.464+0000] {manager.py:740} INFO - There are 0 files in /opt/airflow/dags
[2026-09-07T18:46:47.924+0000] {manager.py:737} INFO - Searching for files in /opt/airflow/dags
[2026-09-07T18:46:47.941+0000] {manager.py:740} INFO - There are 0 files in /opt/airflow/dags
[2026-09-07T18:51:48.475+0000] {manager.py:737} INFO - Searching for files in /opt/airflow/dags
[2026-09-07T18:51:48.493+0000] {manager.py:740} INFO - There are 0 files in /opt/airflow/dags
[2026-09-07T18:56:48.907+0000] {manager.py:737} INFO - Searching for files in /opt/airflow/dags
[2026-09-07T18:56:48.922+0000] {manager.py:740} INFO - There are 0 files in /opt/airflow/dags
[2026-09-07T19:01:49.398+0000] {manager.py:737} INFO - Searching for files in /opt/airflow/dags
[2026-09-07T19:01:49.421+0000] {manager.py:740} INFO - There are 0 files in /opt/airflow/dags
[2026-09-07T19:06:49.870+0000] {manager.py:737} INFO - Searching for files in /opt/airflow/dags
[2026-09-07T19:06:49.911+0000] {manager.py:740} INFO - There are 0 files in /opt/airflow/dags
[2026-09-07T19:11:50.579+0000] {manager.py:737} INFO - Searching for files in /opt/airflow/dags
[2026-09-07T19:11:50.628+0000] {manager.py:740} INFO - There are 0 files in /opt/airflow/dags
[2026-09-07T19:16:50.967+0000] {manager.py:737} INFO - Searching for files in /opt/airflow/dags
[2026-09-07T19:16:50.986+0000] {manager.py:740} INFO - There are 0 files in /opt/airflow/dags
[2026-09-07T19:21:51.387+0000] {manager.py:737} INFO - Searching for files in /opt/airflow/dags
[2026-09-07T19:21:51.404+0000] {manager.py:740} INFO - There are 0 files in /opt/airflow/dags
[2026-09-07T19:26:51.818+0000] {manager.py:737} INFO - Searching for files in /opt/airflow/dags
[2026-09-07T19:26:51.832+0000] {manager.py:740} INFO - There are 0 files in /opt/airflow/dags
[2026-09-07T20:57:49.207+0000] {manager.py:737} INFO - Searching for files in /opt/airflow/dags
[2026-09-07T20:57:50.349+0000] {manager.py:740} INFO - There are 0 files in /opt/airflow/dags
[2026-09-07T21:02:49.440+0000] {manager.py:737} INFO - Searching for files in /opt/airflow/dags
[2026-09-07T21:02:49.473+0000] {manager.py:740} INFO - There are 0 files in /opt/airflow/dags
[2026-09-07T21:07:49.804+0000] {manager.py:737} INFO - Searching for files in /opt/airflow/dags
[2026-09-07T21:07:49.815+0000] {manager.py:740} INFO - There are 0 files in /opt/airflow/dags
[2026-09-07T21:12:50.091+0000] {manager.py:737} INFO - Searching for files in /opt/airflow/dags
[2026-09-07T21:12:50.098+0000] {manager.py:740} INFO - There are 0 files in /opt/airflow/dags
[2026-09-07T21:17:50.405+0000] {manager.py:737} INFO - Searching for files in /opt/airflow/dags
[2026-09-07T21:17:50.414+0000] {manager.py:740} INFO - There are 0 files in /opt/airflow/dags
[2026-09-07T21:22:50.733+0000] {manager.py:737} INFO - Searching for files in /opt/airflow/dags
[2026-09-07T21:22:50.744+0000] {manager.py:740} INFO - There are 0 files in /opt/airflow/dags
[2026-09-07T21:27:51.125+0000] {manager.py:737} INFO - Searching for files in /opt/airflow/dags
[2026-09-07T21:27:51.133+0000] {manager.py:740} INFO - There are 0 files in /opt/airflow/dags
[2026-09-07T21:43:58.922+0000] {manager.py:737} INFO - Searching for files in /opt/airflow/dags
[2026-09-07T21:43:59.443+0000] {manager.py:740} INFO - There are 0 files in /opt/airflow/dags
[2026-09-07T21:48:59.252+0000] {manager.py:737} INFO - Searching for files in /opt/airflow/dags
[2026-09-07T21:48:59.281+0000] {manager.py:740} INFO - There are 0 files in /opt/airflow/dags
[2026-09-07T21:53:59.628+0000] {manager.py:737} INFO - Searching for files in /opt/airflow/dags
[2026-09-07T21:53:59.639+0000] {manager.py:740} INFO - There are 0 files in /opt/airflow/dags
[2026-09-07T21:59:00.063+0000] {manager.py:737} INFO - Searching for files in /opt/airflow/dags
[2026-09-07T21:59:00.075+0000] {manager.py:740} INFO - There are 0 files in /opt/airflow/dags
[2026-09-07T22:04:00.436+0000] {manager.py:737} INFO - Searching for files in /opt/airflow/dags
[2026-09-07T22:04:00.443+0000] {manager.py:740} INFO - There are 0 files in /opt/airflow/dags
[2026-09-07T22:09:00.769+0000] {manager.py:737} INFO - Searching for files in /opt/airflow/dags
[2026-09-07T22:09:00.779+0000] {manager.py:740} INFO - There are 0 files in /opt/airflow/dags
[2026-09-07T22:14:01.094+0000] {manager.py:737} INFO - Searching for files in /opt/airflow/dags
[2026-09-07T22:14:01.102+0000] {manager.py:740} INFO - There are 0 files in /opt/airflow/dags
[2026-09-07T22:19:01.429+0000] {manager.py:737} INFO - Searching for files in /opt/airflow/dags
[2026-09-07T22:19:01.437+0000] {manager.py:740} INFO - There are 0 files in /opt/airflow/dags
[2026-09-07T22:24:01.759+0000] {manager.py:737} INFO - Searching for files in /opt/airflow/dags
[2026-09-07T22:24:01.770+0000] {manager.py:740} INFO - There are 0 files in /opt/airflow/dags
[2026-09-07T22:29:02.676+0000] {manager.py:737} INFO - Searching for files in /opt/airflow/dags
[2026-09-07T22:29:02.883+0000] {manager.py:740} INFO - There are 0 files in /opt/airflow/dags
[2026-09-07T22:34:03.014+0000] {manager.py:737} INFO - Searching for files in /opt/airflow/dags
[2026-09-07T22:34:03.116+0000] {manager.py:740} INFO - There are 0 files in /opt/airflow/dags
[2026-09-07T22:39:03.132+0000] {manager.py:737} INFO - Searching for files in /opt/airflow/dags
[2026-09-07T22:39:03.160+0000] {manager.py:740} INFO - There are 0 files in /opt/airflow/dags
[2026-09-07T22:44:03.244+0000] {manager.py:737} INFO - Searching for files in /opt/airflow/dags
[2026-09-07T22:44:03.264+0000] {manager.py:740} INFO - There are 0 files in /opt/airflow/dags
[2026-09-07T22:49:04.192+0000] {manager.py:737} INFO - Searching for files in /opt/airflow/dags
[2026-09-07T22:49:04.216+0000] {manager.py:740} INFO - There are 0 files in /opt/airflow/dags
[2026-09-07T22:54:05.032+0000] {manager.py:737} INFO - Searching for files in /opt/airflow/dags
[2026-09-07T22:54:05.044+0000] {manager.py:740} INFO - There are 0 files in /opt/airflow/dags
[2026-09-07T22:59:05.039+0000] {manager.py:737} INFO - Searching for files in /opt/airflow/dags
[2026-09-07T22:59:05.122+0000] {manager.py:740} INFO - There are 0 files in /opt/airflow/dags
[2026-09-07T23:04:05.809+0000] {manager.py:737} INFO - Searching for files in /opt/airflow/dags
[2026-09-07T23:04:05.894+0000] {manager.py:740} INFO - There are 0 files in /opt/airflow/dags
[2026-09-07T23:09:05.897+0000] {manager.py:737} INFO - Searching for files in /opt/airflow/dags
[2026-09-07T23:09:05.972+0000] {manager.py:740} INFO - There are 0 files in /opt/airflow/dags
[2026-09-07T23:14:06.750+0000] {manager.py:737} INFO - Searching for files in /opt/airflow/dags
[2026-09-07T23:14:06.772+0000] {manager.py:740} INFO - There are 0 files in /opt/airflow/dags
[2026-09-07T23:19:07.519+0000] {manager.py:737} INFO - Searching for files in /opt/airflow/dags
[2026-09-07T23:19:07.590+0000] {manager.py:740} INFO - There are 0 files in /opt/airflow/dags
[2026-09-07T23:24:07.713+0000] {manager.py:737} INFO - Searching for files in /opt/airflow/dags
[2026-09-07T23:24:07.825+0000] {manager.py:740} INFO - There are 0 files in /opt/airflow/dags
[2026-09-07T23:29:07.837+0000] {manager.py:737} INFO - Searching for files in /opt/airflow/dags
[2026-09-07T23:29:07.871+0000] {manager.py:740} INFO - There are 0 files in /opt/airflow/dags
[2026-09-07T23:34:07.908+0000] {manager.py:737} INFO - Searching for files in /opt/airflow/dags
[2026-09-07T23:34:07.990+0000] {manager.py:740} INFO - There are 0 files in /opt/airflow/dags
[2026-09-07T23:39:07.927+0000] {manager.py:737} INFO - Searching for files in /opt/airflow/dags
[2026-09-07T23:39:07.997+0000] {manager.py:740} INFO - There are 0 files in /opt/airflow/dags
[2026-09-07T23:44:07.927+0000] {manager.py:737} INFO - Searching for files in /opt/airflow/dags
[2026-09-07T23:44:07.955+0000] {manager.py:740} INFO - There are 0 files in /opt/airflow/dags
[2026-09-07T23:49:08.720+0000] {manager.py:737} INFO - Searching for files in /opt/airflow/dags
[2026-09-07T23:49:08.784+0000] {manager.py:740} INFO - There are 0 files in /opt/airflow/dags
[2026-09-07T23:54:09.558+0000] {manager.py:737} INFO - Searching for files in /opt/airflow/dags
[2026-09-07T23:54:09.686+0000] {manager.py:740} INFO - There are 0 files in /opt/airflow/dags
[2026-09-07T23:59:10.030+0000] {manager.py:737} INFO - Searching for files in /opt/airflow/dags
[2026-09-07T23:59:10.164+0000] {manager.py:740} INFO - There are 0 files in /opt/airflow/dags
[2026-09-08T00:04:10.267+0000] {manager.py:737} INFO - Searching for files in /opt/airflow/dags
[2026-09-08T00:04:10.290+0000] {manager.py:740} INFO - There are 0 files in /opt/airflow/dags
[2026-09-08T00:09:10.325+0000] {manager.py:737} INFO - Searching for files in /opt/airflow/dags
[2026-09-08T00:09:10.339+0000] {manager.py:740} INFO - There are 0 files in /opt/airflow/dags
[2026-09-08T00:14:11.001+0000] {manager.py:737} INFO - Searching for files in /opt/airflow/dags
[2026-09-08T00:14:11.023+0000] {manager.py:740} INFO - There are 0 files in /opt/airflow/dags
[2026-09-08T00:19:11.905+0000] {manager.py:737} INFO - Searching for files in /opt/airflow/dags
[2026-09-08T00:19:11.976+0000] {manager.py:740} INFO - There are 0 files in /opt/airflow/dags
[2026-09-08T00:24:12.223+0000] {manager.py:737} INFO - Searching for files in /opt/airflow/dags
[2026-09-08T00:24:12.385+0000] {manager.py:740} INFO - There are 0 files in /opt/airflow/dags
[2026-09-08T00:29:12.668+0000] {manager.py:737} INFO - Searching for files in /opt/airflow/dags
[2026-09-08T00:29:12.804+0000] {manager.py:740} INFO - There are 0 files in /opt/airflow/dags
[2026-09-08T00:34:12.795+0000] {manager.py:737} INFO - Searching for files in /opt/airflow/dags
[2026-09-08T00:34:12.831+0000] {manager.py:740} INFO - There are 0 files in /opt/airflow/dags
[2026-09-08T00:39:13.578+0000] {manager.py:737} INFO - Searching for files in /opt/airflow/dags
[2026-09-08T00:39:13.618+0000] {manager.py:740} INFO - There are 0 files in /opt/airflow/dags
[2026-09-08T00:44:13.967+0000] {manager.py:737} INFO - Searching for files in /opt/airflow/dags
[2026-09-08T00:44:13.977+0000] {manager.py:740} INFO - There are 0 files in /opt/airflow/dags
[2026-09-08T00:49:14.515+0000] {manager.py:737} INFO - Searching for files in /opt/airflow/dags
[2026-09-08T00:49:14.602+0000] {manager.py:740} INFO - There are 0 files in /opt/airflow/dags
[2026-09-08T00:54:15.115+0000] {manager.py:737} INFO - Searching for files in /opt/airflow/dags
[2026-09-08T00:54:15.166+0000] {manager.py:740} INFO - There are 0 files in /opt/airflow/dags
[2026-09-08T00:59:15.937+0000] {manager.py:737} INFO - Searching for files in /opt/airflow/dags
[2026-09-08T00:59:15.998+0000] {manager.py:740} INFO - There are 0 files in /opt/airflow/dags
[2026-09-08T01:04:16.397+0000] {manager.py:737} INFO - Searching for files in /opt/airflow/dags
[2026-09-08T01:04:16.436+0000] {manager.py:740} INFO - There are 0 files in /opt/airflow/dags
[2026-09-08T01:09:16.944+0000] {manager.py:737} INFO - Searching for files in /opt/airflow/dags
[2026-09-08T01:09:16.994+0000] {manager.py:740} INFO - There are 0 files in /opt/airflow/dags
[2026-09-08T01:14:17.500+0000] {manager.py:737} INFO - Searching for files in /opt/airflow/dags
[2026-09-08T01:14:17.565+0000] {manager.py:740} INFO - There are 0 files in /opt/airflow/dags
[2026-09-08T01:19:18.107+0000] {manager.py:737} INFO - Searching for files in /opt/airflow/dags
[2026-09-08T01:19:18.154+0000] {manager.py:740} INFO - There are 0 files in /opt/airflow/dags
[2026-09-08T01:24:18.894+0000] {manager.py:737} INFO - Searching for files in /opt/airflow/dags
[2026-09-08T01:24:18.980+0000] {manager.py:740} INFO - There are 0 files in /opt/airflow/dags
[2026-09-08T01:29:18.909+0000] {manager.py:737} INFO - Searching for files in /opt/airflow/dags
[2026-09-08T01:29:19.000+0000] {manager.py:740} INFO - There are 0 files in /opt/airflow/dags
[2026-09-08T01:34:19.640+0000] {manager.py:737} INFO - Searching for files in /opt/airflow/dags
[2026-09-08T01:34:19.683+0000] {manager.py:740} INFO - There are 0 files in /opt/airflow/dags
[2026-09-08T01:39:20.086+0000] {manager.py:737} INFO - Searching for files in /opt/airflow/dags
[2026-09-08T01:39:20.128+0000] {manager.py:740} INFO - There are 0 files in /opt/airflow/dags
[2026-09-08T01:44:20.492+0000] {manager.py:737} INFO - Searching for files in /opt/airflow/dags
[2026-09-08T01:44:20.523+0000] {manager.py:740} INFO - There are 0 files in /opt/airflow/dags
[2026-09-08T01:49:20.841+0000] {manager.py:737} INFO - Searching for files in /opt/airflow/dags
[2026-09-08T01:49:20.857+0000] {manager.py:740} INFO - There are 0 files in /opt/airflow/dags
[2026-09-08T01:54:21.457+0000] {manager.py:737} INFO - Searching for files in /opt/airflow/dags
[2026-09-08T06:01:38.350+0000] {manager.py:740} INFO - There are 0 files in /opt/airflow/dags
[2026-09-08T06:01:41.538+0000] {manager.py:737} INFO - Searching for files in /opt/airflow/dags
[2026-09-08T06:01:41.412+0000] {manager.py:740} INFO - There are 0 files in /opt/airflow/dags
[2026-09-08T08:25:16.908+0000] {manager.py:737} INFO - Searching for files in /opt/airflow/dags
[2026-09-08T08:25:18.446+0000] {manager.py:740} INFO - There are 0 files in /opt/airflow/dags
[2026-09-08T08:30:17.693+0000] {manager.py:737} INFO - Searching for files in /opt/airflow/dags
[2026-09-08T08:30:17.880+0000] {manager.py:740} INFO - There are 0 files in /opt/airflow/dags
[2026-09-08T08:35:17.934+0000] {manager.py:737} INFO - Searching for files in /opt/airflow/dags
[2026-09-08T08:35:18.039+0000] {manager.py:740} INFO - There are 0 files in /opt/airflow/dags
[2026-09-08T08:40:18.242+0000] {manager.py:737} INFO - Searching for files in /opt/airflow/dags
[2026-09-08T08:40:18.488+0000] {manager.py:740} INFO - There are 0 files in /opt/airflow/dags
[2026-09-08T08:45:18.723+0000] {manager.py:737} INFO - Searching for files in /opt/airflow/dags
[2026-09-08T08:45:18.823+0000] {manager.py:740} INFO - There are 0 files in /opt/airflow/dags
[2026-09-08T08:50:18.973+0000] {manager.py:737} INFO - Searching for files in /opt/airflow/dags
[2026-09-08T08:50:19.145+0000] {manager.py:740} INFO - There are 0 files in /opt/airflow/dags
[2026-09-08T08:55:19.173+0000] {manager.py:737} INFO - Searching for files in /opt/airflow/dags
[2026-09-08T08:55:19.277+0000] {manager.py:740} INFO - There are 0 files in /opt/airflow/dags
[2026-09-08T09:00:19.882+0000] {manager.py:737} INFO - Searching for files in /opt/airflow/dags
[2026-09-08T09:00:20.054+0000] {manager.py:740} INFO - There are 0 files in /opt/airflow/dags
[2026-09-08T09:05:20.707+0000] {manager.py:737} INFO - Searching for files in /opt/airflow/dags
[2026-09-08T09:05:20.811+0000] {manager.py:740} INFO - There are 0 files in /opt/airflow/dags
[2026-09-08T09:10:21.599+0000] {manager.py:737} INFO - Searching for files in /opt/airflow/dags
[2026-09-08T09:10:21.694+0000] {manager.py:740} INFO - There are 0 files in /opt/airflow/dags
[2026-09-08T09:15:21.847+0000] {manager.py:737} INFO - Searching for files in /opt/airflow/dags
[2026-09-08T09:15:21.996+0000] {manager.py:740} INFO - There are 0 files in /opt/airflow/dags
[2026-09-08T09:20:22.254+0000] {manager.py:737} INFO - Searching for files in /opt/airflow/dags
[2026-09-08T09:20:22.378+0000] {manager.py:740} INFO - There are 0 files in /opt/airflow/dags
[2026-09-08T09:25:22.677+0000] {manager.py:737} INFO - Searching for files in /opt/airflow/dags
[2026-09-08T09:25:23.028+0000] {manager.py:740} INFO - There are 0 files in /opt/airflow/dags
[2026-09-08T09:30:23.676+0000] {manager.py:737} INFO - Searching for files in /opt/airflow/dags
[2026-09-08T09:30:23.931+0000] {manager.py:740} INFO - There are 0 files in /opt/airflow/dags
[2026-09-08T09:35:24.244+0000] {manager.py:737} INFO - Searching for files in /opt/airflow/dags
[2026-09-08T09:35:24.459+0000] {manager.py:740} INFO - There are 0 files in /opt/airflow/dags
[2026-09-08T09:40:24.574+0000] {manager.py:737} INFO - Searching for files in /opt/airflow/dags
[2026-09-08T09:40:24.774+0000] {manager.py:740} INFO - There are 0 files in /opt/airflow/dags
[2026-09-08T09:45:24.947+0000] {manager.py:737} INFO - Searching for files in /opt/airflow/dags
[2026-09-08T09:45:25.136+0000] {manager.py:740} INFO - There are 0 files in /opt/airflow/dags
[2026-09-08T09:50:25.801+0000] {manager.py:737} INFO - Searching for files in /opt/airflow/dags
[2026-09-08T09:50:25.980+0000] {manager.py:740} INFO - There are 0 files in /opt/airflow/dags
[2026-09-08T09:55:26.563+0000] {manager.py:737} INFO - Searching for files in /opt/airflow/dags
[2026-09-08T09:55:26.673+0000] {manager.py:740} INFO - There are 0 files in /opt/airflow/dags
[2026-09-08T10:00:27.373+0000] {manager.py:737} INFO - Searching for files in /opt/airflow/dags
[2026-09-08T10:00:27.465+0000] {manager.py:740} INFO - There are 0 files in /opt/airflow/dags
[2026-09-08T10:05:27.414+0000] {manager.py:737} INFO - Searching for files in /opt/airflow/dags
[2026-09-08T10:05:28.224+0000] {manager.py:740} INFO - There are 0 files in /opt/airflow/dags
[2026-09-08T10:10:28.215+0000] {manager.py:737} INFO - Searching for files in /opt/airflow/dags
[2026-09-08T10:10:28.461+0000] {manager.py:740} INFO - There are 0 files in /opt/airflow/dags
[2026-09-08T10:15:28.244+0000] {manager.py:737} INFO - Searching for files in /opt/airflow/dags
[2026-09-08T10:15:28.331+0000] {manager.py:740} INFO - There are 0 files in /opt/airflow/dags
[2026-09-08T10:20:28.730+0000] {manager.py:737} INFO - Searching for files in /opt/airflow/dags
[2026-09-08T10:20:28.739+0000] {manager.py:740} INFO - There are 0 files in /opt/airflow/dags
[2026-09-08T10:25:29.202+0000] {manager.py:737} INFO - Searching for files in /opt/airflow/dags
[2026-09-08T10:25:29.209+0000] {manager.py:740} INFO - There are 0 files in /opt/airflow/dags
[2026-09-08T10:30:29.620+0000] {manager.py:737} INFO - Searching for files in /opt/airflow/dags
[2026-09-08T10:30:29.693+0000] {manager.py:740} INFO - There are 0 files in /opt/airflow/dags
[2026-09-08T10:35:30.114+0000] {manager.py:737} INFO - Searching for files in /opt/airflow/dags
[2026-09-08T10:35:30.142+0000] {manager.py:740} INFO - There are 0 files in /opt/airflow/dags
[2026-09-08T10:40:30.501+0000] {manager.py:737} INFO - Searching for files in /opt/airflow/dags
[2026-09-08T10:40:30.511+0000] {manager.py:740} INFO - There are 0 files in /opt/airflow/dags
[2026-09-08T10:45:30.849+0000] {manager.py:737} INFO - Searching for files in /opt/airflow/dags
[2026-09-08T10:45:30.859+0000] {manager.py:740} INFO - There are 0 files in /opt/airflow/dags
[2026-09-08T10:50:31.198+0000] {manager.py:737} INFO - Searching for files in /opt/airflow/dags
[2026-09-08T10:50:31.218+0000] {manager.py:740} INFO - There are 0 files in /opt/airflow/dags
[2026-09-08T10:55:31.618+0000] {manager.py:737} INFO - Searching for files in /opt/airflow/dags
[2026-09-08T10:55:31.628+0000] {manager.py:740} INFO - There are 0 files in /opt/airflow/dags
[2026-09-08T11:00:31.932+0000] {manager.py:737} INFO - Searching for files in /opt/airflow/dags
[2026-09-08T11:00:31.944+0000] {manager.py:740} INFO - There are 0 files in /opt/airflow/dags
[2026-09-08T11:05:32.276+0000] {manager.py:737} INFO - Searching for files in /opt/airflow/dags
[2026-09-08T11:05:32.287+0000] {manager.py:740} INFO - There are 0 files in /opt/airflow/dags
[2026-09-08T11:10:32.638+0000] {manager.py:737} INFO - Searching for files in /opt/airflow/dags
[2026-09-08T11:10:32.657+0000] {manager.py:740} INFO - There are 0 files in /opt/airflow/dags
[2026-09-08T11:15:33.012+0000] {manager.py:737} INFO - Searching for files in /opt/airflow/dags
[2026-09-08T11:15:33.032+0000] {manager.py:740} INFO - There are 0 files in /opt/airflow/dags
[2026-09-08T11:20:33.992+0000] {manager.py:737} INFO - Searching for files in /opt/airflow/dags
[2026-09-08T11:20:34.134+0000] {manager.py:740} INFO - There are 0 files in /opt/airflow/dags
[2026-09-08T11:25:34.723+0000] {manager.py:737} INFO - Searching for files in /opt/airflow/dags
[2026-09-08T11:25:34.965+0000] {manager.py:740} INFO - There are 0 files in /opt/airflow/dags
[2026-09-08T11:30:35.069+0000] {manager.py:737} INFO - Searching for files in /opt/airflow/dags
[2026-09-08T11:30:35.337+0000] {manager.py:740} INFO - There are 0 files in /opt/airflow/dags
[2026-09-08T11:35:35.190+0000] {manager.py:737} INFO - Searching for files in /opt/airflow/dags
[2026-09-08T11:35:35.379+0000] {manager.py:740} INFO - There are 0 files in /opt/airflow/dags
[2026-09-08T11:40:35.207+0000] {manager.py:737} INFO - Searching for files in /opt/airflow/dags
[2026-09-08T11:40:35.348+0000] {manager.py:740} INFO - There are 0 files in /opt/airflow/dags
[2026-09-08T11:45:36.163+0000] {manager.py:737} INFO - Searching for files in /opt/airflow/dags
[2026-09-08T11:45:36.274+0000] {manager.py:740} INFO - There are 0 files in /opt/airflow/dags
[2026-09-08T11:50:36.276+0000] {manager.py:737} INFO - Searching for files in /opt/airflow/dags
[2026-09-08T11:50:36.538+0000] {manager.py:740} INFO - There are 0 files in /opt/airflow/dags
[2026-09-08T11:55:37.839+0000] {manager.py:737} INFO - Searching for files in /opt/airflow/dags
[2026-09-08T11:55:38.769+0000] {manager.py:740} INFO - There are 0 files in /opt/airflow/dags
[2026-09-08T12:00:37.310+0000] {manager.py:737} INFO - Searching for files in /opt/airflow/dags
[2026-09-08T12:00:37.432+0000] {manager.py:740} INFO - There are 0 files in /opt/airflow/dags
[2026-09-08T12:05:37.316+0000] {manager.py:737} INFO - Searching for files in /opt/airflow/dags
[2026-09-08T12:05:37.485+0000] {manager.py:740} INFO - There are 0 files in /opt/airflow/dags
[2026-09-08T12:10:37.686+0000] {manager.py:737} INFO - Searching for files in /opt/airflow/dags
[2026-09-08T12:10:37.830+0000] {manager.py:740} INFO - There are 0 files in /opt/airflow/dags
[2026-09-08T12:15:38.540+0000] {manager.py:737} INFO - Searching for files in /opt/airflow/dags
[2026-09-08T12:15:38.660+0000] {manager.py:740} INFO - There are 0 files in /opt/airflow/dags
[2026-09-08T12:20:39.346+0000] {manager.py:737} INFO - Searching for files in /opt/airflow/dags
[2026-09-08T12:20:39.486+0000] {manager.py:740} INFO - There are 0 files in /opt/airflow/dags
[2026-09-08T12:25:39.689+0000] {manager.py:737} INFO - Searching for files in /opt/airflow/dags
[2026-09-08T12:25:39.799+0000] {manager.py:740} INFO - There are 0 files in /opt/airflow/dags
[2026-09-08T12:30:40.285+0000] {manager.py:737} INFO - Searching for files in /opt/airflow/dags
[2026-09-08T12:30:40.370+0000] {manager.py:740} INFO - There are 0 files in /opt/airflow/dags
[2026-09-08T12:35:40.366+0000] {manager.py:737} INFO - Searching for files in /opt/airflow/dags
[2026-09-08T12:35:40.482+0000] {manager.py:740} INFO - There are 0 files in /opt/airflow/dags
[2026-09-08T12:40:40.570+0000] {manager.py:737} INFO - Searching for files in /opt/airflow/dags
[2026-09-08T12:40:40.917+0000] {manager.py:740} INFO - There are 0 files in /opt/airflow/dags
[2026-09-08T12:45:41.217+0000] {manager.py:737} INFO - Searching for files in /opt/airflow/dags
[2026-09-08T12:45:41.429+0000] {manager.py:740} INFO - There are 0 files in /opt/airflow/dags
[2026-09-08T12:50:41.575+0000] {manager.py:737} INFO - Searching for files in /opt/airflow/dags
[2026-09-08T12:50:41.673+0000] {manager.py:740} INFO - There are 0 files in /opt/airflow/dags
[2026-09-08T12:55:41.595+0000] {manager.py:737} INFO - Searching for files in /opt/airflow/dags
[2026-09-08T12:55:41.761+0000] {manager.py:740} INFO - There are 0 files in /opt/airflow/dags
[2026-09-08T13:00:42.235+0000] {manager.py:737} INFO - Searching for files in /opt/airflow/dags
[2026-09-08T13:00:43.162+0000] {manager.py:740} INFO - There are 0 files in /opt/airflow/dags
[2026-09-08T13:05:42.210+0000] {manager.py:737} INFO - Searching for files in /opt/airflow/dags
[2026-09-08T13:05:42.395+0000] {manager.py:740} INFO - There are 0 files in /opt/airflow/dags
[2026-09-08T13:10:42.711+0000] {manager.py:737} INFO - Searching for files in /opt/airflow/dags
[2026-09-08T13:10:42.816+0000] {manager.py:740} INFO - There are 0 files in /opt/airflow/dags
[2026-09-08T13:15:43.457+0000] {manager.py:737} INFO - Searching for files in /opt/airflow/dags
[2026-09-08T13:15:43.582+0000] {manager.py:740} INFO - There are 0 files in /opt/airflow/dags
[2026-09-08T13:20:44.003+0000] {manager.py:737} INFO - Searching for files in /opt/airflow/dags
[2026-09-08T13:20:44.429+0000] {manager.py:740} INFO - There are 0 files in /opt/airflow/dags
[2026-09-08T13:25:44.409+0000] {manager.py:737} INFO - Searching for files in /opt/airflow/dags
[2026-09-08T13:25:44.504+0000] {manager.py:740} INFO - There are 0 files in /opt/airflow/dags
[2026-09-08T13:30:44.511+0000] {manager.py:737} INFO - Searching for files in /opt/airflow/dags
[2026-09-08T13:30:44.563+0000] {manager.py:740} INFO - There are 0 files in /opt/airflow/dags
[2026-09-08T13:35:45.505+0000] {manager.py:737} INFO - Searching for files in /opt/airflow/dags
[2026-09-08T13:35:45.559+0000] {manager.py:740} INFO - There are 0 files in /opt/airflow/dags
[2026-09-08T13:40:46.492+0000] {manager.py:737} INFO - Searching for files in /opt/airflow/dags
[2026-09-08T13:40:46.613+0000] {manager.py:740} INFO - There are 0 files in /opt/airflow/dags
[2026-09-08T13:45:47.076+0000] {manager.py:737} INFO - Searching for files in /opt/airflow/dags
[2026-09-08T13:45:47.141+0000] {manager.py:740} INFO - There are 0 files in /opt/airflow/dags
[2026-09-08T13:50:47.664+0000] {manager.py:737} INFO - Searching for files in /opt/airflow/dags
[2026-09-08T13:50:47.752+0000] {manager.py:740} INFO - There are 0 files in /opt/airflow/dags
[2026-09-08T13:55:47.928+0000] {manager.py:737} INFO - Searching for files in /opt/airflow/dags
[2026-09-08T13:55:47.990+0000] {manager.py:740} INFO - There are 0 files in /opt/airflow/dags
[2026-09-08T14:00:48.601+0000] {manager.py:737} INFO - Searching for files in /opt/airflow/dags
[2026-09-08T14:00:48.716+0000] {manager.py:740} INFO - There are 0 files in /opt/airflow/dags
[2026-09-08T14:05:49.246+0000] {manager.py:737} INFO - Searching for files in /opt/airflow/dags
[2026-09-08T14:05:49.295+0000] {manager.py:740} INFO - There are 0 files in /opt/airflow/dags
[2026-09-08T14:10:49.873+0000] {manager.py:737} INFO - Searching for files in /opt/airflow/dags
[2026-09-08T14:10:50.009+0000] {manager.py:740} INFO - There are 0 files in /opt/airflow/dags
[2026-09-08T14:15:50.711+0000] {manager.py:737} INFO - Searching for files in /opt/airflow/dags
[2026-09-08T14:15:50.868+0000] {manager.py:740} INFO - There are 0 files in /opt/airflow/dags
[2026-09-08T14:20:51.563+0000] {manager.py:737} INFO - Searching for files in /opt/airflow/dags
[2026-09-08T14:20:51.619+0000] {manager.py:740} INFO - There are 0 files in /opt/airflow/dags
[2026-09-08T14:25:52.564+0000] {manager.py:737} INFO - Searching for files in /opt/airflow/dags
[2026-09-08T14:25:52.646+0000] {manager.py:740} INFO - There are 0 files in /opt/airflow/dags
[2026-09-08T14:30:53.122+0000] {manager.py:737} INFO - Searching for files in /opt/airflow/dags
[2026-09-08T14:30:53.173+0000] {manager.py:740} INFO - There are 0 files in /opt/airflow/dags
[2026-09-08T14:35:53.568+0000] {manager.py:737} INFO - Searching for files in /opt/airflow/dags
[2026-09-08T14:35:53.626+0000] {manager.py:740} INFO - There are 0 files in /opt/airflow/dags
[2026-09-08T14:40:54.356+0000] {manager.py:737} INFO - Searching for files in /opt/airflow/dags
[2026-09-08T14:40:54.470+0000] {manager.py:740} INFO - There are 0 files in /opt/airflow/dags
[2026-09-08T14:45:54.431+0000] {manager.py:737} INFO - Searching for files in /opt/airflow/dags
[2026-09-08T14:45:54.549+0000] {manager.py:740} INFO - There are 0 files in /opt/airflow/dags
[2026-09-08T14:50:54.438+0000] {manager.py:737} INFO - Searching for files in /opt/airflow/dags
[2026-09-08T14:50:54.545+0000] {manager.py:740} INFO - There are 0 files in /opt/airflow/dags
[2026-09-08T14:55:54.637+0000] {manager.py:737} INFO - Searching for files in /opt/airflow/dags
[2026-09-08T14:55:54.690+0000] {manager.py:740} INFO - There are 0 files in /opt/airflow/dags
[2026-09-08T15:00:55.455+0000] {manager.py:737} INFO - Searching for files in /opt/airflow/dags
[2026-09-08T15:00:55.530+0000] {manager.py:740} INFO - There are 0 files in /opt/airflow/dags
[2026-09-08T15:05:56.272+0000] {manager.py:737} INFO - Searching for files in /opt/airflow/dags
[2026-09-08T15:05:56.344+0000] {manager.py:740} INFO - There are 0 files in /opt/airflow/dags
[2026-09-08T15:10:56.527+0000] {manager.py:737} INFO - Searching for files in /opt/airflow/dags
[2026-09-08T15:10:56.615+0000] {manager.py:740} INFO - There are 0 files in /opt/airflow/dags
[2026-09-08T15:15:57.049+0000] {manager.py:737} INFO - Searching for files in /opt/airflow/dags
[2026-09-08T15:15:57.081+0000] {manager.py:740} INFO - There are 0 files in /opt/airflow/dags
[2026-09-08T15:20:57.410+0000] {manager.py:737} INFO - Searching for files in /opt/airflow/dags
[2026-09-08T15:20:57.420+0000] {manager.py:740} INFO - There are 0 files in /opt/airflow/dags
[2026-09-08T15:25:57.793+0000] {manager.py:737} INFO - Searching for files in /opt/airflow/dags
[2026-09-08T15:25:57.815+0000] {manager.py:740} INFO - There are 0 files in /opt/airflow/dags
[2026-09-08T15:30:58.137+0000] {manager.py:737} INFO - Searching for files in /opt/airflow/dags
[2026-09-08T15:30:58.158+0000] {manager.py:740} INFO - There are 0 files in /opt/airflow/dags
[2026-09-08T15:35:58.583+0000] {manager.py:737} INFO - Searching for files in /opt/airflow/dags
[2026-09-08T15:35:58.624+0000] {manager.py:740} INFO - There are 0 files in /opt/airflow/dags
[2026-09-08T15:40:59.024+0000] {manager.py:737} INFO - Searching for files in /opt/airflow/dags
[2026-09-08T15:40:59.042+0000] {manager.py:740} INFO - There are 0 files in /opt/airflow/dags
[2026-09-08T15:45:59.396+0000] {manager.py:737} INFO - Searching for files in /opt/airflow/dags
[2026-09-08T15:45:59.419+0000] {manager.py:740} INFO - There are 0 files in /opt/airflow/dags
[2026-09-08T15:50:59.719+0000] {manager.py:737} INFO - Searching for files in /opt/airflow/dags
[2026-09-08T15:50:59.734+0000] {manager.py:740} INFO - There are 0 files in /opt/airflow/dags
[2026-09-08T15:56:00.154+0000] {manager.py:737} INFO - Searching for files in /opt/airflow/dags
[2026-09-08T15:56:00.177+0000] {manager.py:740} INFO - There are 0 files in /opt/airflow/dags
[2026-09-08T16:01:00.500+0000] {manager.py:737} INFO - Searching for files in /opt/airflow/dags
[2026-09-08T16:01:00.521+0000] {manager.py:740} INFO - There are 0 files in /opt/airflow/dags
[2026-09-08T16:32:05.196+0000] {manager.py:737} INFO - Searching for files in /opt/airflow/dags
[2026-09-08T16:32:06.800+0000] {manager.py:740} INFO - There are 0 files in /opt/airflow/dags
[2026-09-08T16:37:05.960+0000] {manager.py:737} INFO - Searching for files in /opt/airflow/dags
[2026-09-08T16:37:05.997+0000] {manager.py:740} INFO - There are 0 files in /opt/airflow/dags
[2026-09-08T16:42:06.369+0000] {manager.py:737} INFO - Searching for files in /opt/airflow/dags
[2026-09-08T16:42:06.380+0000] {manager.py:740} INFO - There are 0 files in /opt/airflow/dags
[2026-09-08T16:47:06.707+0000] {manager.py:737} INFO - Searching for files in /opt/airflow/dags
[2026-09-08T16:47:06.716+0000] {manager.py:740} INFO - There are 0 files in /opt/airflow/dags
[2026-09-08T16:52:07.026+0000] {manager.py:737} INFO - Searching for files in /opt/airflow/dags
[2026-09-08T16:52:07.034+0000] {manager.py:740} INFO - There are 0 files in /opt/airflow/dags
[2026-09-08T16:57:09.074+0000] {manager.py:737} INFO - Searching for files in /opt/airflow/dags
[2026-09-08T16:57:10.926+0000] {manager.py:740} INFO - There are 0 files in /opt/airflow/dags
[2026-09-08T17:02:09.964+0000] {manager.py:737} INFO - Searching for files in /opt/airflow/dags
[2026-09-08T17:02:09.979+0000] {manager.py:740} INFO - There are 0 files in /opt/airflow/dags
[2026-09-08T17:07:10.288+0000] {manager.py:737} INFO - Searching for files in /opt/airflow/dags
[2026-09-08T17:07:10.304+0000] {manager.py:740} INFO - There are 0 files in /opt/airflow/dags
[2026-09-08T17:12:10.605+0000] {manager.py:737} INFO - Searching for files in /opt/airflow/dags
[2026-09-08T17:12:10.615+0000] {manager.py:740} INFO - There are 0 files in /opt/airflow/dags
[2026-09-08T17:17:10.925+0000] {manager.py:737} INFO - Searching for files in /opt/airflow/dags
[2026-09-08T17:17:10.936+0000] {manager.py:740} INFO - There are 0 files in /opt/airflow/dags
[2026-09-09T03:55:26.634+0000] {manager.py:737} INFO - Searching for files in /opt/airflow/dags
[2026-09-09T03:55:27.346+0000] {manager.py:740} INFO - There are 0 files in /opt/airflow/dags
[2026-09-09T04:00:26.793+0000] {manager.py:737} INFO - Searching for files in /opt/airflow/dags
[2026-09-09T04:00:27.005+0000] {manager.py:740} INFO - There are 0 files in /opt/airflow/dags
[2026-09-09T04:05:27.108+0000] {manager.py:737} INFO - Searching for files in /opt/airflow/dags
[2026-09-09T04:05:27.628+0000] {manager.py:740} INFO - There are 0 files in /opt/airflow/dags
[2026-09-09T04:10:27.865+0000] {manager.py:737} INFO - Searching for files in /opt/airflow/dags
[2026-09-09T04:10:27.967+0000] {manager.py:740} INFO - There are 0 files in /opt/airflow/dags
[2026-09-09T04:15:28.762+0000] {manager.py:737} INFO - Searching for files in /opt/airflow/dags
[2026-09-09T04:15:29.431+0000] {manager.py:740} INFO - There are 0 files in /opt/airflow/dags
[2026-09-09T04:20:29.591+0000] {manager.py:737} INFO - Searching for files in /opt/airflow/dags
[2026-09-09T04:20:29.661+0000] {manager.py:740} INFO - There are 0 files in /opt/airflow/dags
[2026-09-09T04:25:29.748+0000] {manager.py:737} INFO - Searching for files in /opt/airflow/dags
[2026-09-09T04:25:29.841+0000] {manager.py:740} INFO - There are 0 files in /opt/airflow/dags
[2026-09-09T04:30:29.989+0000] {manager.py:737} INFO - Searching for files in /opt/airflow/dags
[2026-09-09T04:30:30.117+0000] {manager.py:740} INFO - There are 0 files in /opt/airflow/dags
[2026-09-09T04:35:30.915+0000] {manager.py:737} INFO - Searching for files in /opt/airflow/dags
[2026-09-09T04:35:30.956+0000] {manager.py:740} INFO - There are 0 files in /opt/airflow/dags
[2026-09-09T04:40:31.293+0000] {manager.py:737} INFO - Searching for files in /opt/airflow/dags
[2026-09-09T04:40:31.317+0000] {manager.py:740} INFO - There are 0 files in /opt/airflow/dags
[2026-09-09T04:45:31.773+0000] {manager.py:737} INFO - Searching for files in /opt/airflow/dags
[2026-09-09T04:45:31.825+0000] {manager.py:740} INFO - There are 0 files in /opt/airflow/dags
[2026-09-09T04:50:32.353+0000] {manager.py:737} INFO - Searching for files in /opt/airflow/dags
[2026-09-09T04:50:32.404+0000] {manager.py:740} INFO - There are 0 files in /opt/airflow/dags
[2026-09-09T04:55:33.322+0000] {manager.py:737} INFO - Searching for files in /opt/airflow/dags
[2026-09-09T04:55:33.939+0000] {manager.py:740} INFO - There are 0 files in /opt/airflow/dags
[2026-09-09T05:00:33.345+0000] {manager.py:737} INFO - Searching for files in /opt/airflow/dags
[2026-09-09T05:00:33.723+0000] {manager.py:740} INFO - There are 0 files in /opt/airflow/dags
[2026-09-09T05:05:33.891+0000] {manager.py:737} INFO - Searching for files in /opt/airflow/dags
[2026-09-09T05:05:33.967+0000] {manager.py:740} INFO - There are 0 files in /opt/airflow/dags
[2026-09-09T05:10:34.528+0000] {manager.py:737} INFO - Searching for files in /opt/airflow/dags
[2026-09-09T05:10:34.551+0000] {manager.py:740} INFO - There are 0 files in /opt/airflow/dags
[2026-09-09T05:15:35.294+0000] {manager.py:737} INFO - Searching for files in /opt/airflow/dags
[2026-09-09T05:15:35.384+0000] {manager.py:740} INFO - There are 0 files in /opt/airflow/dags
[2026-09-09T05:20:36.232+0000] {manager.py:737} INFO - Searching for files in /opt/airflow/dags
[2026-09-09T05:20:36.297+0000] {manager.py:740} INFO - There are 0 files in /opt/airflow/dags
[2026-09-09T05:25:36.313+0000] {manager.py:737} INFO - Searching for files in /opt/airflow/dags
[2026-09-09T05:25:36.385+0000] {manager.py:740} INFO - There are 0 files in /opt/airflow/dags
[2026-09-09T05:30:36.564+0000] {manager.py:737} INFO - Searching for files in /opt/airflow/dags
[2026-09-09T05:30:36.638+0000] {manager.py:740} INFO - There are 0 files in /opt/airflow/dags
[2026-09-09T05:35:37.359+0000] {manager.py:737} INFO - Searching for files in /opt/airflow/dags
[2026-09-09T05:35:37.460+0000] {manager.py:740} INFO - There are 0 files in /opt/airflow/dags
[2026-09-09T05:40:37.508+0000] {manager.py:737} INFO - Searching for files in /opt/airflow/dags
[2026-09-09T05:40:37.629+0000] {manager.py:740} INFO - There are 0 files in /opt/airflow/dags
[2026-09-09T05:45:38.038+0000] {manager.py:737} INFO - Searching for files in /opt/airflow/dags
[2026-09-09T05:45:38.078+0000] {manager.py:740} INFO - There are 0 files in /opt/airflow/dags
[2026-09-09T05:50:38.952+0000] {manager.py:737} INFO - Searching for files in /opt/airflow/dags
[2026-09-09T05:50:39.028+0000] {manager.py:740} INFO - There are 0 files in /opt/airflow/dags
[2026-09-09T05:55:39.189+0000] {manager.py:737} INFO - Searching for files in /opt/airflow/dags
[2026-09-09T05:55:39.219+0000] {manager.py:740} INFO - There are 0 files in /opt/airflow/dags
[2026-09-09T06:00:39.992+0000] {manager.py:737} INFO - Searching for files in /opt/airflow/dags
[2026-09-09T06:00:40.017+0000] {manager.py:740} INFO - There are 0 files in /opt/airflow/dags
[2026-09-09T06:06:28.141+0000] {manager.py:737} INFO - Searching for files in /opt/airflow/dags
[2026-09-09T06:06:30.469+0000] {manager.py:740} INFO - There are 0 files in /opt/airflow/dags
[2026-09-09T06:11:28.381+0000] {manager.py:737} INFO - Searching for files in /opt/airflow/dags
[2026-09-09T06:11:28.440+0000] {manager.py:740} INFO - There are 0 files in /opt/airflow/dags
[2026-09-09T06:16:28.462+0000] {manager.py:737} INFO - Searching for files in /opt/airflow/dags
[2026-09-09T06:16:28.563+0000] {manager.py:740} INFO - There are 0 files in /opt/airflow/dags
[2026-09-09T06:21:28.550+0000] {manager.py:737} INFO - Searching for files in /opt/airflow/dags
[2026-09-09T06:21:28.630+0000] {manager.py:740} INFO - There are 0 files in /opt/airflow/dags
[2026-09-09T06:26:29.047+0000] {manager.py:737} INFO - Searching for files in /opt/airflow/dags
[2026-09-09T06:26:29.130+0000] {manager.py:740} INFO - There are 0 files in /opt/airflow/dags
[2026-09-09T06:31:29.393+0000] {manager.py:737} INFO - Searching for files in /opt/airflow/dags
[2026-09-09T06:31:29.505+0000] {manager.py:740} INFO - There are 0 files in /opt/airflow/dags
[2026-09-09T06:36:29.532+0000] {manager.py:737} INFO - Searching for files in /opt/airflow/dags
[2026-09-09T06:36:29.565+0000] {manager.py:740} INFO - There are 0 files in /opt/airflow/dags
[2026-09-09T06:45:00.504+0000] {manager.py:737} INFO - Searching for files in /opt/airflow/dags
[2026-09-09T06:45:02.021+0000] {manager.py:740} INFO - There are 0 files in /opt/airflow/dags
[2026-09-09T06:50:01.193+0000] {manager.py:737} INFO - Searching for files in /opt/airflow/dags
[2026-09-09T06:50:01.335+0000] {manager.py:740} INFO - There are 0 files in /opt/airflow/dags
[2026-09-09T06:55:01.627+0000] {manager.py:737} INFO - Searching for files in /opt/airflow/dags
[2026-09-09T06:55:01.767+0000] {manager.py:740} INFO - There are 0 files in /opt/airflow/dags
[2026-09-09T07:00:01.988+0000] {manager.py:737} INFO - Searching for files in /opt/airflow/dags
[2026-09-09T07:00:02.084+0000] {manager.py:740} INFO - There are 0 files in /opt/airflow/dags
[2026-09-09T07:05:02.164+0000] {manager.py:737} INFO - Searching for files in /opt/airflow/dags
[2026-09-09T07:05:02.233+0000] {manager.py:740} INFO - There are 0 files in /opt/airflow/dags
[2026-09-09T07:10:02.481+0000] {manager.py:737} INFO - Searching for files in /opt/airflow/dags
[2026-09-09T07:10:02.546+0000] {manager.py:740} INFO - There are 0 files in /opt/airflow/dags
[2026-09-09T07:15:02.619+0000] {manager.py:737} INFO - Searching for files in /opt/airflow/dags
[2026-09-09T07:15:02.728+0000] {manager.py:740} INFO - There are 0 files in /opt/airflow/dags
[2026-09-09T07:20:02.898+0000] {manager.py:737} INFO - Searching for files in /opt/airflow/dags
[2026-09-09T07:20:03.038+0000] {manager.py:740} INFO - There are 0 files in /opt/airflow/dags
[2026-09-09T07:25:03.109+0000] {manager.py:737} INFO - Searching for files in /opt/airflow/dags
[2026-09-09T07:25:03.241+0000] {manager.py:740} INFO - There are 0 files in /opt/airflow/dags
[2026-09-09T07:30:03.677+0000] {manager.py:737} INFO - Searching for files in /opt/airflow/dags
[2026-09-09T07:30:03.827+0000] {manager.py:740} INFO - There are 0 files in /opt/airflow/dags
[2026-09-09T07:35:03.994+0000] {manager.py:737} INFO - Searching for files in /opt/airflow/dags
[2026-09-09T07:35:04.076+0000] {manager.py:740} INFO - There are 0 files in /opt/airflow/dags
[2026-09-09T07:40:04.824+0000] {manager.py:737} INFO - Searching for files in /opt/airflow/dags
[2026-09-09T07:40:04.857+0000] {manager.py:740} INFO - There are 0 files in /opt/airflow/dags
[2026-09-09T07:45:05.241+0000] {manager.py:737} INFO - Searching for files in /opt/airflow/dags
[2026-09-09T07:45:05.259+0000] {manager.py:740} INFO - There are 0 files in /opt/airflow/dags
[2026-09-09T07:50:05.628+0000] {manager.py:737} INFO - Searching for files in /opt/airflow/dags
[2026-09-09T07:50:05.654+0000] {manager.py:740} INFO - There are 0 files in /opt/airflow/dags
[2026-09-09T07:55:06.032+0000] {manager.py:737} INFO - Searching for files in /opt/airflow/dags
[2026-09-09T07:55:06.043+0000] {manager.py:740} INFO - There are 0 files in /opt/airflow/dags
[2026-09-09T08:00:06.489+0000] {manager.py:737} INFO - Searching for files in /opt/airflow/dags
[2026-09-09T08:00:06.557+0000] {manager.py:740} INFO - There are 0 files in /opt/airflow/dags
[2026-09-09T08:05:07.193+0000] {manager.py:737} INFO - Searching for files in /opt/airflow/dags
[2026-09-09T08:05:07.256+0000] {manager.py:740} INFO - There are 0 files in /opt/airflow/dags
[2026-09-09T08:10:07.655+0000] {manager.py:737} INFO - Searching for files in /opt/airflow/dags
[2026-09-09T08:10:07.672+0000] {manager.py:740} INFO - There are 0 files in /opt/airflow/dags
[2026-09-09T08:15:08.017+0000] {manager.py:737} INFO - Searching for files in /opt/airflow/dags
[2026-09-09T08:15:08.035+0000] {manager.py:740} INFO - There are 0 files in /opt/airflow/dags
[2026-09-09T08:20:08.401+0000] {manager.py:737} INFO - Searching for files in /opt/airflow/dags
[2026-09-09T08:20:08.416+0000] {manager.py:740} INFO - There are 0 files in /opt/airflow/dags
[2026-09-09T08:25:08.859+0000] {manager.py:737} INFO - Searching for files in /opt/airflow/dags
[2026-09-09T08:25:08.877+0000] {manager.py:740} INFO - There are 0 files in /opt/airflow/dags
[2026-09-09T08:30:09.296+0000] {manager.py:737} INFO - Searching for files in /opt/airflow/dags
[2026-09-09T08:30:09.321+0000] {manager.py:740} INFO - There are 0 files in /opt/airflow/dags
[2026-09-09T08:35:09.698+0000] {manager.py:737} INFO - Searching for files in /opt/airflow/dags
[2026-09-09T08:35:09.708+0000] {manager.py:740} INFO - There are 0 files in /opt/airflow/dags
[2026-09-09T08:40:10.044+0000] {manager.py:737} INFO - Searching for files in /opt/airflow/dags
[2026-09-09T08:40:10.061+0000] {manager.py:740} INFO - There are 0 files in /opt/airflow/dags
[2026-09-09T08:45:10.446+0000] {manager.py:737} INFO - Searching for files in /opt/airflow/dags
[2026-09-09T08:45:10.472+0000] {manager.py:740} INFO - There are 0 files in /opt/airflow/dags
[2026-09-09T08:50:10.891+0000] {manager.py:737} INFO - Searching for files in /opt/airflow/dags
[2026-09-09T08:50:10.905+0000] {manager.py:740} INFO - There are 0 files in /opt/airflow/dags
[2026-09-09T08:55:11.321+0000] {manager.py:737} INFO - Searching for files in /opt/airflow/dags
[2026-09-09T08:55:11.349+0000] {manager.py:740} INFO - There are 0 files in /opt/airflow/dags
[2026-09-09T09:00:11.831+0000] {manager.py:737} INFO - Searching for files in /opt/airflow/dags
[2026-09-09T09:00:11.880+0000] {manager.py:740} INFO - There are 0 files in /opt/airflow/dags
[2026-09-09T09:05:12.302+0000] {manager.py:737} INFO - Searching for files in /opt/airflow/dags
[2026-09-09T09:05:12.349+0000] {manager.py:740} INFO - There are 0 files in /opt/airflow/dags
[2026-09-09T09:10:13.072+0000] {manager.py:737} INFO - Searching for files in /opt/airflow/dags
[2026-09-09T09:10:13.107+0000] {manager.py:740} INFO - There are 0 files in /opt/airflow/dags
[2026-09-09T09:15:14.006+0000] {manager.py:737} INFO - Searching for files in /opt/airflow/dags
[2026-09-09T09:15:14.035+0000] {manager.py:740} INFO - There are 0 files in /opt/airflow/dags
[2026-09-09T09:20:14.851+0000] {manager.py:737} INFO - Searching for files in /opt/airflow/dags
[2026-09-09T09:20:14.876+0000] {manager.py:740} INFO - There are 0 files in /opt/airflow/dags
[2026-09-09T09:36:16.276+0000] {manager.py:737} INFO - Searching for files in /opt/airflow/dags
[2026-09-09T09:36:20.208+0000] {manager.py:740} INFO - There are 0 files in /opt/airflow/dags
[2026-09-09T09:41:17.281+0000] {manager.py:737} INFO - Searching for files in /opt/airflow/dags
[2026-09-09T09:41:17.409+0000] {manager.py:740} INFO - There are 0 files in /opt/airflow/dags
[2026-09-09T09:46:18.065+0000] {manager.py:737} INFO - Searching for files in /opt/airflow/dags
[2026-09-09T09:46:18.184+0000] {manager.py:740} INFO - There are 0 files in /opt/airflow/dags
[2026-09-09T09:51:18.458+0000] {manager.py:737} INFO - Searching for files in /opt/airflow/dags
[2026-09-09T09:51:18.565+0000] {manager.py:740} INFO - There are 0 files in /opt/airflow/dags
[2026-09-09T09:56:18.583+0000] {manager.py:737} INFO - Searching for files in /opt/airflow/dags
[2026-09-09T09:56:18.653+0000] {manager.py:740} INFO - There are 0 files in /opt/airflow/dags
[2026-09-09T10:01:19.085+0000] {manager.py:737} INFO - Searching for files in /opt/airflow/dags
[2026-09-09T10:01:19.332+0000] {manager.py:740} INFO - There are 0 files in /opt/airflow/dags
[2026-09-09T10:06:20.057+0000] {manager.py:737} INFO - Searching for files in /opt/airflow/dags
[2026-09-09T10:06:20.256+0000] {manager.py:740} INFO - There are 0 files in /opt/airflow/dags
[2026-09-09T10:11:20.829+0000] {manager.py:737} INFO - Searching for files in /opt/airflow/dags
[2026-09-09T10:11:21.006+0000] {manager.py:740} INFO - There are 0 files in /opt/airflow/dags
[2026-09-09T10:16:21.674+0000] {manager.py:737} INFO - Searching for files in /opt/airflow/dags
[2026-09-09T10:16:21.739+0000] {manager.py:740} INFO - There are 0 files in /opt/airflow/dags
[2026-09-09T10:21:22.384+0000] {manager.py:737} INFO - Searching for files in /opt/airflow/dags
[2026-09-09T10:21:22.434+0000] {manager.py:740} INFO - There are 0 files in /opt/airflow/dags
[2026-09-09T10:26:22.846+0000] {manager.py:737} INFO - Searching for files in /opt/airflow/dags
[2026-09-09T10:26:23.047+0000] {manager.py:740} INFO - There are 0 files in /opt/airflow/dags
[2026-09-09T10:31:23.614+0000] {manager.py:737} INFO - Searching for files in /opt/airflow/dags
[2026-09-09T10:31:23.961+0000] {manager.py:740} INFO - There are 0 files in /opt/airflow/dags
[2026-09-09T10:36:24.053+0000] {manager.py:737} INFO - Searching for files in /opt/airflow/dags
[2026-09-09T10:36:24.138+0000] {manager.py:740} INFO - There are 0 files in /opt/airflow/dags
[2026-09-09T10:41:24.250+0000] {manager.py:737} INFO - Searching for files in /opt/airflow/dags
[2026-09-09T10:41:24.470+0000] {manager.py:740} INFO - There are 0 files in /opt/airflow/dags
[2026-09-09T10:46:24.629+0000] {manager.py:737} INFO - Searching for files in /opt/airflow/dags
[2026-09-09T10:46:25.420+0000] {manager.py:740} INFO - There are 0 files in /opt/airflow/dags
[2026-09-09T10:51:24.741+0000] {manager.py:737} INFO - Searching for files in /opt/airflow/dags
[2026-09-09T10:51:24.811+0000] {manager.py:740} INFO - There are 0 files in /opt/airflow/dags
[2026-09-09T10:56:25.379+0000] {manager.py:737} INFO - Searching for files in /opt/airflow/dags
[2026-09-09T10:56:25.547+0000] {manager.py:740} INFO - There are 0 files in /opt/airflow/dags
[2026-09-09T11:01:25.498+0000] {manager.py:737} INFO - Searching for files in /opt/airflow/dags
[2026-09-09T11:01:25.698+0000] {manager.py:740} INFO - There are 0 files in /opt/airflow/dags
[2026-09-09T11:06:26.335+0000] {manager.py:737} INFO - Searching for files in /opt/airflow/dags
[2026-09-09T11:06:26.829+0000] {manager.py:740} INFO - There are 0 files in /opt/airflow/dags
[2026-09-09T11:11:26.992+0000] {manager.py:737} INFO - Searching for files in /opt/airflow/dags
[2026-09-09T11:11:27.110+0000] {manager.py:740} INFO - There are 0 files in /opt/airflow/dags
[2026-09-09T11:16:27.715+0000] {manager.py:737} INFO - Searching for files in /opt/airflow/dags
[2026-09-09T11:16:27.775+0000] {manager.py:740} INFO - There are 0 files in /opt/airflow/dags
[2026-09-09T11:21:27.915+0000] {manager.py:737} INFO - Searching for files in /opt/airflow/dags
[2026-09-09T11:21:27.980+0000] {manager.py:740} INFO - There are 0 files in /opt/airflow/dags
[2026-09-09T11:26:28.578+0000] {manager.py:737} INFO - Searching for files in /opt/airflow/dags
[2026-09-09T11:26:28.675+0000] {manager.py:740} INFO - There are 0 files in /opt/airflow/dags
[2026-09-09T11:31:29.143+0000] {manager.py:737} INFO - Searching for files in /opt/airflow/dags
[2026-09-09T11:31:29.233+0000] {manager.py:740} INFO - There are 0 files in /opt/airflow/dags
[2026-09-09T11:36:29.492+0000] {manager.py:737} INFO - Searching for files in /opt/airflow/dags
[2026-09-09T11:36:29.589+0000] {manager.py:740} INFO - There are 0 files in /opt/airflow/dags
[2026-09-09T11:41:30.212+0000] {manager.py:737} INFO - Searching for files in /opt/airflow/dags
[2026-09-09T11:41:30.300+0000] {manager.py:740} INFO - There are 0 files in /opt/airflow/dags
[2026-09-09T11:46:30.973+0000] {manager.py:737} INFO - Searching for files in /opt/airflow/dags
[2026-09-09T11:46:31.060+0000] {manager.py:740} INFO - There are 0 files in /opt/airflow/dags
[2026-09-09T11:51:31.537+0000] {manager.py:737} INFO - Searching for files in /opt/airflow/dags
[2026-09-09T11:51:31.620+0000] {manager.py:740} INFO - There are 0 files in /opt/airflow/dags
[2026-09-09T11:56:32.079+0000] {manager.py:737} INFO - Searching for files in /opt/airflow/dags
[2026-09-09T11:56:32.151+0000] {manager.py:740} INFO - There are 0 files in /opt/airflow/dags
[2026-09-09T12:01:32.757+0000] {manager.py:737} INFO - Searching for files in /opt/airflow/dags
[2026-09-09T12:01:33.107+0000] {manager.py:740} INFO - There are 0 files in /opt/airflow/dags
[2026-09-09T12:06:33.366+0000] {manager.py:737} INFO - Searching for files in /opt/airflow/dags
[2026-09-09T12:06:33.768+0000] {manager.py:740} INFO - There are 0 files in /opt/airflow/dags
[2026-09-09T12:11:33.913+0000] {manager.py:737} INFO - Searching for files in /opt/airflow/dags
[2026-09-09T12:11:34.124+0000] {manager.py:740} INFO - There are 0 files in /opt/airflow/dags
[2026-09-09T12:16:33.954+0000] {manager.py:737} INFO - Searching for files in /opt/airflow/dags
[2026-09-09T12:16:35.125+0000] {manager.py:740} INFO - There are 0 files in /opt/airflow/dags
[2026-09-09T12:21:34.797+0000] {manager.py:737} INFO - Searching for files in /opt/airflow/dags
[2026-09-09T12:21:35.131+0000] {manager.py:740} INFO - There are 0 files in /opt/airflow/dags
[2026-09-09T12:26:35.525+0000] {manager.py:737} INFO - Searching for files in /opt/airflow/dags
[2026-09-09T12:26:36.175+0000] {manager.py:740} INFO - There are 0 files in /opt/airflow/dags
[2026-09-09T12:31:36.345+0000] {manager.py:737} INFO - Searching for files in /opt/airflow/dags
[2026-09-09T12:31:36.437+0000] {manager.py:740} INFO - There are 0 files in /opt/airflow/dags
[2026-09-09T12:36:36.463+0000] {manager.py:737} INFO - Searching for files in /opt/airflow/dags
[2026-09-09T12:36:36.598+0000] {manager.py:740} INFO - There are 0 files in /opt/airflow/dags
[2026-09-09T12:41:36.769+0000] {manager.py:737} INFO - Searching for files in /opt/airflow/dags
[2026-09-09T12:41:36.844+0000] {manager.py:740} INFO - There are 0 files in /opt/airflow/dags
[2026-09-09T12:46:37.118+0000] {manager.py:737} INFO - Searching for files in /opt/airflow/dags
[2026-09-09T12:46:37.216+0000] {manager.py:740} INFO - There are 0 files in /opt/airflow/dags
[2026-09-09T12:51:37.802+0000] {manager.py:737} INFO - Searching for files in /opt/airflow/dags
[2026-09-09T12:51:38.040+0000] {manager.py:740} INFO - There are 0 files in /opt/airflow/dags
[2026-09-09T12:56:38.629+0000] {manager.py:737} INFO - Searching for files in /opt/airflow/dags
[2026-09-09T12:56:38.810+0000] {manager.py:740} INFO - There are 0 files in /opt/airflow/dags
[2026-09-09T13:01:38.749+0000] {manager.py:737} INFO - Searching for files in /opt/airflow/dags
[2026-09-09T13:01:38.812+0000] {manager.py:740} INFO - There are 0 files in /opt/airflow/dags
[2026-09-09T13:06:39.654+0000] {manager.py:737} INFO - Searching for files in /opt/airflow/dags
[2026-09-09T13:06:39.826+0000] {manager.py:740} INFO - There are 0 files in /opt/airflow/dags
[2026-09-09T13:11:40.128+0000] {manager.py:737} INFO - Searching for files in /opt/airflow/dags
[2026-09-09T13:11:40.367+0000] {manager.py:740} INFO - There are 0 files in /opt/airflow/dags
[2026-09-09T13:16:40.738+0000] {manager.py:737} INFO - Searching for files in /opt/airflow/dags
[2026-09-09T13:16:51.136+0000] {manager.py:740} INFO - There are 0 files in /opt/airflow/dags
[2026-09-09T13:21:40.914+0000] {manager.py:737} INFO - Searching for files in /opt/airflow/dags
[2026-09-09T13:21:41.793+0000] {manager.py:740} INFO - There are 0 files in /opt/airflow/dags
[2026-09-09T13:26:41.461+0000] {manager.py:737} INFO - Searching for files in /opt/airflow/dags
[2026-09-09T13:26:42.600+0000] {manager.py:740} INFO - There are 0 files in /opt/airflow/dags
[2026-09-09T13:31:41.643+0000] {manager.py:737} INFO - Searching for files in /opt/airflow/dags
[2026-09-09T13:31:42.195+0000] {manager.py:740} INFO - There are 0 files in /opt/airflow/dags
[2026-09-09T13:36:41.747+0000] {manager.py:737} INFO - Searching for files in /opt/airflow/dags
[2026-09-09T13:36:42.133+0000] {manager.py:740} INFO - There are 0 files in /opt/airflow/dags
[2026-09-09T13:41:42.456+0000] {manager.py:737} INFO - Searching for files in /opt/airflow/dags
[2026-09-09T13:41:43.207+0000] {manager.py:740} INFO - There are 0 files in /opt/airflow/dags
[2026-09-09T13:46:42.932+0000] {manager.py:737} INFO - Searching for files in /opt/airflow/dags
[2026-09-09T13:46:43.387+0000] {manager.py:740} INFO - There are 0 files in /opt/airflow/dags
[2026-09-09T13:51:43.721+0000] {manager.py:737} INFO - Searching for files in /opt/airflow/dags
[2026-09-09T13:51:44.376+0000] {manager.py:740} INFO - There are 0 files in /opt/airflow/dags
[2026-09-09T13:56:44.028+0000] {manager.py:737} INFO - Searching for files in /opt/airflow/dags
[2026-09-09T13:56:44.144+0000] {manager.py:740} INFO - There are 0 files in /opt/airflow/dags
[2026-09-09T14:01:44.303+0000] {manager.py:737} INFO - Searching for files in /opt/airflow/dags
[2026-09-09T14:01:44.475+0000] {manager.py:740} INFO - There are 0 files in /opt/airflow/dags
[2026-09-09T14:06:44.486+0000] {manager.py:737} INFO - Searching for files in /opt/airflow/dags
[2026-09-09T14:06:44.645+0000] {manager.py:740} INFO - There are 0 files in /opt/airflow/dags
[2026-09-09T14:11:45.055+0000] {manager.py:737} INFO - Searching for files in /opt/airflow/dags
[2026-09-09T14:11:45.126+0000] {manager.py:740} INFO - There are 0 files in /opt/airflow/dags
[2026-09-09T14:16:45.343+0000] {manager.py:737} INFO - Searching for files in /opt/airflow/dags
[2026-09-09T14:16:45.443+0000] {manager.py:740} INFO - There are 0 files in /opt/airflow/dags
[2026-09-09T14:21:45.656+0000] {manager.py:737} INFO - Searching for files in /opt/airflow/dags
[2026-09-09T14:21:45.738+0000] {manager.py:740} INFO - There are 0 files in /opt/airflow/dags
[2026-09-09T14:26:45.745+0000] {manager.py:737} INFO - Searching for files in /opt/airflow/dags
[2026-09-09T14:26:45.780+0000] {manager.py:740} INFO - There are 0 files in /opt/airflow/dags
[2026-09-09T14:31:45.789+0000] {manager.py:737} INFO - Searching for files in /opt/airflow/dags
[2026-09-09T14:31:45.867+0000] {manager.py:740} INFO - There are 0 files in /opt/airflow/dags
[2026-09-09T14:36:45.949+0000] {manager.py:737} INFO - Searching for files in /opt/airflow/dags
[2026-09-09T14:36:45.988+0000] {manager.py:740} INFO - There are 0 files in /opt/airflow/dags
[2026-09-09T14:41:46.370+0000] {manager.py:737} INFO - Searching for files in /opt/airflow/dags
[2026-09-09T14:41:46.468+0000] {manager.py:740} INFO - There are 0 files in /opt/airflow/dags
[2026-09-09T14:46:46.686+0000] {manager.py:737} INFO - Searching for files in /opt/airflow/dags
[2026-09-09T14:46:46.791+0000] {manager.py:740} INFO - There are 0 files in /opt/airflow/dags
[2026-09-09T14:51:46.812+0000] {manager.py:737} INFO - Searching for files in /opt/airflow/dags
[2026-09-09T14:51:46.934+0000] {manager.py:740} INFO - There are 0 files in /opt/airflow/dags
[2026-09-09T14:56:47.405+0000] {manager.py:737} INFO - Searching for files in /opt/airflow/dags
[2026-09-09T14:56:47.479+0000] {manager.py:740} INFO - There are 0 files in /opt/airflow/dags
[2026-09-09T15:01:47.880+0000] {manager.py:737} INFO - Searching for files in /opt/airflow/dags
[2026-09-09T15:01:47.890+0000] {manager.py:740} INFO - There are 0 files in /opt/airflow/dags
[2026-09-09T15:06:48.309+0000] {manager.py:737} INFO - Searching for files in /opt/airflow/dags
[2026-09-09T15:06:48.331+0000] {manager.py:740} INFO - There are 0 files in /opt/airflow/dags
[2026-09-09T15:11:48.718+0000] {manager.py:737} INFO - Searching for files in /opt/airflow/dags
[2026-09-09T15:11:48.729+0000] {manager.py:740} INFO - There are 0 files in /opt/airflow/dags
[2026-09-09T18:47:12.844+0000] {manager.py:737} INFO - Searching for files in /opt/airflow/dags
[2026-09-09T18:47:16.012+0000] {manager.py:740} INFO - There are 0 files in /opt/airflow/dags
[2026-09-09T18:52:12.954+0000] {manager.py:737} INFO - Searching for files in /opt/airflow/dags
[2026-09-09T18:52:13.066+0000] {manager.py:740} INFO - There are 0 files in /opt/airflow/dags
[2026-09-09T18:57:13.650+0000] {manager.py:737} INFO - Searching for files in /opt/airflow/dags
[2026-09-09T18:57:13.722+0000] {manager.py:740} INFO - There are 0 files in /opt/airflow/dags
[2026-09-09T19:02:14.181+0000] {manager.py:737} INFO - Searching for files in /opt/airflow/dags
[2026-09-09T19:02:14.276+0000] {manager.py:740} INFO - There are 0 files in /opt/airflow/dags
[2026-09-09T19:07:14.772+0000] {manager.py:737} INFO - Searching for files in /opt/airflow/dags
[2026-09-09T19:07:14.820+0000] {manager.py:740} INFO - There are 0 files in /opt/airflow/dags
[2026-09-09T21:31:47.680+0000] {manager.py:737} INFO - Searching for files in /opt/airflow/dags
[2026-09-09T21:31:48.863+0000] {manager.py:740} INFO - There are 0 files in /opt/airflow/dags
[2026-09-17T17:22:32.221+0000] {manager.py:470} INFO - Processing files using up to 2 processes at a time 
[2026-09-17T17:22:32.239+0000] {manager.py:471} INFO - Process each file at most once every 30 seconds
[2026-09-17T17:22:32.244+0000] {manager.py:472} INFO - Checking for new files in /opt/airflow/dags every 300 seconds
[2026-09-17T17:22:32.251+0000] {manager.py:737} INFO - Searching for files in /opt/airflow/dags
[2026-09-17T17:22:32.285+0000] {manager.py:740} INFO - There are 0 files in /opt/airflow/dags
[2026-09-17T17:27:32.894+0000] {manager.py:737} INFO - Searching for files in /opt/airflow/dags
[2026-09-17T17:27:32.972+0000] {manager.py:740} INFO - There are 0 files in /opt/airflow/dags
[2026-09-17T17:32:33.722+0000] {manager.py:737} INFO - Searching for files in /opt/airflow/dags
[2026-09-17T17:32:33.796+0000] {manager.py:740} INFO - There are 0 files in /opt/airflow/dags
[2026-09-17T17:37:05.000+0000] {manager.py:452} INFO - Exiting gracefully upon receiving signal 15
[2026-09-17T17:39:07.792+0000] {manager.py:470} INFO - Processing files using up to 2 processes at a time 
[2026-09-17T17:39:07.802+0000] {manager.py:471} INFO - Process each file at most once every 30 seconds
[2026-09-17T17:39:07.807+0000] {manager.py:472} INFO - Checking for new files in /opt/airflow/dags every 300 seconds
[2026-09-17T17:39:07.810+0000] {manager.py:737} INFO - Searching for files in /opt/airflow/dags
[2026-09-17T17:39:07.827+0000] {manager.py:740} INFO - There are 0 files in /opt/airflow/dags
[2026-09-17T17:44:08.761+0000] {manager.py:737} INFO - Searching for files in /opt/airflow/dags
[2026-09-17T17:44:08.867+0000] {manager.py:740} INFO - There are 0 files in /opt/airflow/dags
[2026-09-17T17:49:09.091+0000] {manager.py:737} INFO - Searching for files in /opt/airflow/dags
[2026-09-17T17:49:09.146+0000] {manager.py:740} INFO - There are 0 files in /opt/airflow/dags
[2026-09-17T17:54:09.768+0000] {manager.py:737} INFO - Searching for files in /opt/airflow/dags
[2026-09-17T17:54:09.802+0000] {manager.py:740} INFO - There are 0 files in /opt/airflow/dags
[2026-09-17T17:58:47.238+0000] {manager.py:470} INFO - Processing files using up to 2 processes at a time 
[2026-09-17T17:58:47.241+0000] {manager.py:471} INFO - Process each file at most once every 30 seconds
[2026-09-17T17:58:47.243+0000] {manager.py:472} INFO - Checking for new files in /opt/airflow/dags every 300 seconds
[2026-09-17T17:58:47.245+0000] {manager.py:737} INFO - Searching for files in /opt/airflow/dags
[2026-09-17T17:58:47.258+0000] {manager.py:740} INFO - There are 0 files in /opt/airflow/dags
[2026-09-17T18:03:47.809+0000] {manager.py:737} INFO - Searching for files in /opt/airflow/dags
[2026-09-17T18:03:47.871+0000] {manager.py:740} INFO - There are 0 files in /opt/airflow/dags
[2026-09-17T18:08:48.454+0000] {manager.py:737} INFO - Searching for files in /opt/airflow/dags
[2026-09-17T18:08:48.611+0000] {manager.py:740} INFO - There are 0 files in /opt/airflow/dags
[2026-09-17T18:13:49.351+0000] {manager.py:737} INFO - Searching for files in /opt/airflow/dags
[2026-09-17T18:13:49.423+0000] {manager.py:740} INFO - There are 0 files in /opt/airflow/dags
[2026-09-17T18:18:49.879+0000] {manager.py:737} INFO - Searching for files in /opt/airflow/dags
[2026-09-17T18:18:49.916+0000] {manager.py:740} INFO - There are 0 files in /opt/airflow/dags
[2026-09-17T18:23:50.280+0000] {manager.py:737} INFO - Searching for files in /opt/airflow/dags
[2026-09-17T18:23:50.292+0000] {manager.py:740} INFO - There are 0 files in /opt/airflow/dags
[2026-09-17T18:28:50.724+0000] {manager.py:737} INFO - Searching for files in /opt/airflow/dags
[2026-09-17T18:28:50.739+0000] {manager.py:740} INFO - There are 0 files in /opt/airflow/dags
[2026-09-17T18:47:25.312+0000] {manager.py:737} INFO - Searching for files in /opt/airflow/dags
[2026-09-17T18:47:28.414+0000] {manager.py:740} INFO - There are 0 files in /opt/airflow/dags
[2026-09-17T18:52:25.960+0000] {manager.py:737} INFO - Searching for files in /opt/airflow/dags
[2026-09-17T18:52:26.095+0000] {manager.py:740} INFO - There are 0 files in /opt/airflow/dags
[2026-09-18T14:23:14.578+0000] {manager.py:737} INFO - Searching for files in /opt/airflow/dags
[2026-09-18T14:23:16.399+0000] {manager.py:740} INFO - There are 0 files in /opt/airflow/dags
[2026-09-18T14:24:55.139+0000] {manager.py:452} INFO - Exiting gracefully upon receiving signal 15
[2026-09-18T17:37:51.300+0000] {manager.py:470} INFO - Processing files using up to 2 processes at a time 
[2026-09-18T17:37:51.316+0000] {manager.py:471} INFO - Process each file at most once every 30 seconds
[2026-09-18T17:37:51.321+0000] {manager.py:472} INFO - Checking for new files in /opt/airflow/dags every 300 seconds
[2026-09-18T17:37:51.325+0000] {manager.py:737} INFO - Searching for files in /opt/airflow/dags
[2026-09-18T17:37:51.344+0000] {manager.py:740} INFO - There are 0 files in /opt/airflow/dags
[2026-09-18T17:42:51.642+0000] {manager.py:737} INFO - Searching for files in /opt/airflow/dags
[2026-09-18T17:42:51.893+0000] {manager.py:740} INFO - There are 0 files in /opt/airflow/dags
[2026-09-18T17:47:51.632+0000] {manager.py:737} INFO - Searching for files in /opt/airflow/dags
[2026-09-18T17:47:51.656+0000] {manager.py:740} INFO - There are 0 files in /opt/airflow/dags
[2026-09-18T17:52:52.085+0000] {manager.py:737} INFO - Searching for files in /opt/airflow/dags
[2026-09-18T17:52:52.165+0000] {manager.py:740} INFO - There are 0 files in /opt/airflow/dags
[2026-09-18T17:57:52.678+0000] {manager.py:737} INFO - Searching for files in /opt/airflow/dags
[2026-09-18T17:57:52.713+0000] {manager.py:740} INFO - There are 0 files in /opt/airflow/dags
[2026-09-18T18:02:53.117+0000] {manager.py:737} INFO - Searching for files in /opt/airflow/dags
[2026-09-18T18:02:53.157+0000] {manager.py:740} INFO - There are 0 files in /opt/airflow/dags
[2026-09-18T18:07:53.975+0000] {manager.py:737} INFO - Searching for files in /opt/airflow/dags
[2026-09-18T18:07:54.055+0000] {manager.py:740} INFO - There are 0 files in /opt/airflow/dags
[2026-09-18T18:12:54.605+0000] {manager.py:737} INFO - Searching for files in /opt/airflow/dags
[2026-09-18T18:12:54.638+0000] {manager.py:740} INFO - There are 0 files in /opt/airflow/dags
[2026-09-18T18:17:55.064+0000] {manager.py:737} INFO - Searching for files in /opt/airflow/dags
[2026-09-18T18:17:55.078+0000] {manager.py:740} INFO - There are 0 files in /opt/airflow/dags
[2026-09-18T18:22:55.438+0000] {manager.py:737} INFO - Searching for files in /opt/airflow/dags
[2026-09-18T18:22:55.473+0000] {manager.py:740} INFO - There are 0 files in /opt/airflow/dags
[2026-09-18T18:27:55.948+0000] {manager.py:737} INFO - Searching for files in /opt/airflow/dags
[2026-09-18T18:27:56.017+0000] {manager.py:740} INFO - There are 0 files in /opt/airflow/dags
[2026-09-18T18:32:56.493+0000] {manager.py:737} INFO - Searching for files in /opt/airflow/dags
[2026-09-18T18:32:56.581+0000] {manager.py:740} INFO - There are 0 files in /opt/airflow/dags
[2026-09-18T18:37:57.223+0000] {manager.py:737} INFO - Searching for files in /opt/airflow/dags
[2026-09-18T18:37:57.307+0000] {manager.py:740} INFO - There are 0 files in /opt/airflow/dags
[2026-09-18T18:42:58.142+0000] {manager.py:737} INFO - Searching for files in /opt/airflow/dags
[2026-09-18T18:42:58.232+0000] {manager.py:740} INFO - There are 0 files in /opt/airflow/dags
[2026-09-18T18:47:58.437+0000] {manager.py:737} INFO - Searching for files in /opt/airflow/dags
[2026-09-18T18:47:58.515+0000] {manager.py:740} INFO - There are 0 files in /opt/airflow/dags
[2026-09-18T18:52:58.775+0000] {manager.py:737} INFO - Searching for files in /opt/airflow/dags
[2026-09-18T18:52:58.835+0000] {manager.py:740} INFO - There are 0 files in /opt/airflow/dags
[2026-09-18T18:57:59.176+0000] {manager.py:737} INFO - Searching for files in /opt/airflow/dags
[2026-09-18T18:57:59.297+0000] {manager.py:740} INFO - There are 0 files in /opt/airflow/dags
[2026-09-18T21:01:47.595+0000] {manager.py:737} INFO - Searching for files in /opt/airflow/dags
[2026-09-18T21:23:45.618+0000] {manager.py:740} INFO - There are 0 files in /opt/airflow/dags
[2026-09-18T21:23:46.118+0000] {manager.py:737} INFO - Searching for files in /opt/airflow/dags
[2026-09-18T21:23:48.088+0000] {manager.py:740} INFO - There are 0 files in /opt/airflow/dags
[2026-09-18T21:28:46.807+0000] {manager.py:737} INFO - Searching for files in /opt/airflow/dags
[2026-09-18T21:28:47.037+0000] {manager.py:740} INFO - There are 0 files in /opt/airflow/dags
[2026-09-18T21:33:47.173+0000] {manager.py:737} INFO - Searching for files in /opt/airflow/dags
[2026-09-18T21:33:47.223+0000] {manager.py:740} INFO - There are 0 files in /opt/airflow/dags
[2026-09-18T21:38:48.073+0000] {manager.py:737} INFO - Searching for files in /opt/airflow/dags
[2026-09-18T21:38:48.107+0000] {manager.py:740} INFO - There are 0 files in /opt/airflow/dags
[2026-09-18T21:43:48.945+0000] {manager.py:737} INFO - Searching for files in /opt/airflow/dags
[2026-09-18T21:43:48.986+0000] {manager.py:740} INFO - There are 0 files in /opt/airflow/dags
[2026-09-18T21:48:49.594+0000] {manager.py:737} INFO - Searching for files in /opt/airflow/dags
[2026-09-18T21:48:49.745+0000] {manager.py:740} INFO - There are 0 files in /opt/airflow/dags
[2026-09-18T21:53:49.592+0000] {manager.py:737} INFO - Searching for files in /opt/airflow/dags
[2026-09-18T21:53:49.682+0000] {manager.py:740} INFO - There are 0 files in /opt/airflow/dags
[2026-09-18T21:58:50.536+0000] {manager.py:737} INFO - Searching for files in /opt/airflow/dags
[2026-09-18T21:58:50.577+0000] {manager.py:740} INFO - There are 0 files in /opt/airflow/dags
[2026-09-18T22:03:51.514+0000] {manager.py:737} INFO - Searching for files in /opt/airflow/dags
[2026-09-18T22:03:51.579+0000] {manager.py:740} INFO - There are 0 files in /opt/airflow/dags
[2026-09-18T22:08:52.278+0000] {manager.py:737} INFO - Searching for files in /opt/airflow/dags
[2026-09-18T22:08:52.373+0000] {manager.py:740} INFO - There are 0 files in /opt/airflow/dags
[2026-09-18T22:13:53.082+0000] {manager.py:737} INFO - Searching for files in /opt/airflow/dags
[2026-09-18T22:13:53.111+0000] {manager.py:740} INFO - There are 0 files in /opt/airflow/dags
[2026-09-18T22:18:53.547+0000] {manager.py:737} INFO - Searching for files in /opt/airflow/dags
[2026-09-18T22:18:53.573+0000] {manager.py:740} INFO - There are 0 files in /opt/airflow/dags
[2026-09-18T23:09:17.893+0000] {manager.py:737} INFO - Searching for files in /opt/airflow/dags
[2026-09-18T23:09:18.519+0000] {manager.py:740} INFO - There are 0 files in /opt/airflow/dags
[2026-09-18T23:14:18.238+0000] {manager.py:737} INFO - Searching for files in /opt/airflow/dags
[2026-09-18T23:14:18.297+0000] {manager.py:740} INFO - There are 0 files in /opt/airflow/dags
[2026-09-18T23:19:18.803+0000] {manager.py:737} INFO - Searching for files in /opt/airflow/dags
[2026-09-18T23:19:18.840+0000] {manager.py:740} INFO - There are 0 files in /opt/airflow/dags
[2026-09-18T23:24:19.281+0000] {manager.py:737} INFO - Searching for files in /opt/airflow/dags
[2026-09-18T23:24:19.299+0000] {manager.py:740} INFO - There are 0 files in /opt/airflow/dags
[2026-09-18T23:29:19.643+0000] {manager.py:737} INFO - Searching for files in /opt/airflow/dags
[2026-09-18T23:29:19.652+0000] {manager.py:740} INFO - There are 0 files in /opt/airflow/dags
[2026-09-18T23:34:20.063+0000] {manager.py:737} INFO - Searching for files in /opt/airflow/dags
[2026-09-18T23:34:20.092+0000] {manager.py:740} INFO - There are 0 files in /opt/airflow/dags
[2026-09-18T23:39:20.603+0000] {manager.py:737} INFO - Searching for files in /opt/airflow/dags
[2026-09-18T23:39:20.620+0000] {manager.py:740} INFO - There are 0 files in /opt/airflow/dags
[2026-09-18T23:44:20.996+0000] {manager.py:737} INFO - Searching for files in /opt/airflow/dags
[2026-09-18T23:44:21.009+0000] {manager.py:740} INFO - There are 0 files in /opt/airflow/dags
[2026-09-18T23:49:21.350+0000] {manager.py:737} INFO - Searching for files in /opt/airflow/dags
[2026-09-18T23:49:21.361+0000] {manager.py:740} INFO - There are 0 files in /opt/airflow/dags
[2026-09-18T23:54:21.677+0000] {manager.py:737} INFO - Searching for files in /opt/airflow/dags
[2026-09-18T23:54:21.686+0000] {manager.py:740} INFO - There are 0 files in /opt/airflow/dags
[2026-09-19T00:02:01.967+0000] {manager.py:737} INFO - Searching for files in /opt/airflow/dags
[2026-09-19T00:02:02.628+0000] {manager.py:740} INFO - There are 0 files in /opt/airflow/dags
[2026-09-19T14:18:10.108+0000] {manager.py:737} INFO - Searching for files in /opt/airflow/dags
[2026-09-19T14:18:13.506+0000] {manager.py:740} INFO - There are 0 files in /opt/airflow/dags
[2026-09-19T14:23:10.979+0000] {manager.py:737} INFO - Searching for files in /opt/airflow/dags
[2026-09-19T14:23:11.100+0000] {manager.py:740} INFO - There are 0 files in /opt/airflow/dags
[2026-09-19T14:28:11.047+0000] {manager.py:737} INFO - Searching for files in /opt/airflow/dags
[2026-09-19T14:28:11.068+0000] {manager.py:740} INFO - There are 0 files in /opt/airflow/dags
[2026-09-19T15:14:07.832+0000] {manager.py:737} INFO - Searching for files in /opt/airflow/dags
[2026-09-19T15:14:10.895+0000] {manager.py:740} INFO - There are 0 files in /opt/airflow/dags
[2026-09-19T15:19:08.796+0000] {manager.py:737} INFO - Searching for files in /opt/airflow/dags
[2026-09-19T15:19:08.947+0000] {manager.py:740} INFO - There are 0 files in /opt/airflow/dags
[2026-09-19T15:24:09.041+0000] {manager.py:737} INFO - Searching for files in /opt/airflow/dags
[2026-09-19T15:24:09.193+0000] {manager.py:740} INFO - There are 0 files in /opt/airflow/dags
[2026-09-19T15:29:09.630+0000] {manager.py:737} INFO - Searching for files in /opt/airflow/dags
[2026-09-19T15:29:09.802+0000] {manager.py:740} INFO - There are 0 files in /opt/airflow/dags
[2026-09-19T15:34:10.046+0000] {manager.py:737} INFO - Searching for files in /opt/airflow/dags
[2026-09-19T15:34:10.203+0000] {manager.py:740} INFO - There are 0 files in /opt/airflow/dags
[2026-09-19T15:39:10.749+0000] {manager.py:737} INFO - Searching for files in /opt/airflow/dags
[2026-09-19T15:39:10.853+0000] {manager.py:740} INFO - There are 0 files in /opt/airflow/dags
[2026-09-19T15:44:10.997+0000] {manager.py:737} INFO - Searching for files in /opt/airflow/dags
[2026-09-19T15:44:11.084+0000] {manager.py:740} INFO - There are 0 files in /opt/airflow/dags
[2026-09-19T15:49:11.754+0000] {manager.py:737} INFO - Searching for files in /opt/airflow/dags
[2026-09-19T15:49:11.789+0000] {manager.py:740} INFO - There are 0 files in /opt/airflow/dags
[2026-09-19T15:54:12.214+0000] {manager.py:737} INFO - Searching for files in /opt/airflow/dags
[2026-09-19T15:54:12.285+0000] {manager.py:740} INFO - There are 0 files in /opt/airflow/dags
[2026-09-19T15:59:12.645+0000] {manager.py:737} INFO - Searching for files in /opt/airflow/dags
[2026-09-19T15:59:12.801+0000] {manager.py:740} INFO - There are 0 files in /opt/airflow/dags
[2026-09-19T16:04:13.622+0000] {manager.py:737} INFO - Searching for files in /opt/airflow/dags
[2026-09-19T16:04:13.725+0000] {manager.py:740} INFO - There are 0 files in /opt/airflow/dags
[2026-09-19T16:09:13.866+0000] {manager.py:737} INFO - Searching for files in /opt/airflow/dags
[2026-09-19T16:09:13.955+0000] {manager.py:740} INFO - There are 0 files in /opt/airflow/dags
[2026-09-19T16:14:14.314+0000] {manager.py:737} INFO - Searching for files in /opt/airflow/dags
[2026-09-19T16:14:14.440+0000] {manager.py:740} INFO - There are 0 files in /opt/airflow/dags
[2026-09-19T16:19:14.686+0000] {manager.py:737} INFO - Searching for files in /opt/airflow/dags
[2026-09-19T16:19:14.868+0000] {manager.py:740} INFO - There are 0 files in /opt/airflow/dags
[2026-09-19T16:24:15.245+0000] {manager.py:737} INFO - Searching for files in /opt/airflow/dags
[2026-09-19T16:24:15.327+0000] {manager.py:740} INFO - There are 0 files in /opt/airflow/dags
[2026-09-19T16:29:15.536+0000] {manager.py:737} INFO - Searching for files in /opt/airflow/dags
[2026-09-19T16:29:15.570+0000] {manager.py:740} INFO - There are 0 files in /opt/airflow/dags
[2026-09-19T16:32:17.631+0000] {manager.py:452} INFO - Exiting gracefully upon receiving signal 15
[2026-09-19T16:36:14.574+0000] {manager.py:470} INFO - Processing files using up to 2 processes at a time 
[2026-09-19T16:36:14.582+0000] {manager.py:471} INFO - Process each file at most once every 30 seconds
[2026-09-19T16:36:14.591+0000] {manager.py:472} INFO - Checking for new files in /opt/airflow/dags every 300 seconds
[2026-09-19T16:36:14.597+0000] {manager.py:737} INFO - Searching for files in /opt/airflow/dags
[2026-09-19T16:36:14.617+0000] {manager.py:740} INFO - There are 0 files in /opt/airflow/dags
[2026-09-19T16:41:15.089+0000] {manager.py:737} INFO - Searching for files in /opt/airflow/dags
[2026-09-19T16:41:15.276+0000] {manager.py:740} INFO - There are 0 files in /opt/airflow/dags
[2026-09-19T16:46:15.921+0000] {manager.py:737} INFO - Searching for files in /opt/airflow/dags
[2026-09-19T16:46:15.977+0000] {manager.py:740} INFO - There are 0 files in /opt/airflow/dags
[2026-09-19T16:51:16.316+0000] {manager.py:737} INFO - Searching for files in /opt/airflow/dags
[2026-09-19T16:51:16.359+0000] {manager.py:740} INFO - There are 0 files in /opt/airflow/dags
[2026-09-19T16:56:16.823+0000] {manager.py:737} INFO - Searching for files in /opt/airflow/dags
[2026-09-19T16:56:16.887+0000] {manager.py:740} INFO - There are 0 files in /opt/airflow/dags
[2026-09-19T17:01:18.785+0000] {manager.py:737} INFO - Searching for files in /opt/airflow/dags
[2026-09-19T17:01:22.364+0000] {manager.py:740} INFO - There are 0 files in /opt/airflow/dags
[2026-09-19T17:06:17.818+0000] {manager.py:737} INFO - Searching for files in /opt/airflow/dags
[2026-09-19T17:06:17.872+0000] {manager.py:740} INFO - There are 0 files in /opt/airflow/dags
[2026-09-19T17:11:18.755+0000] {manager.py:737} INFO - Searching for files in /opt/airflow/dags
[2026-09-19T17:11:18.821+0000] {manager.py:740} INFO - There are 0 files in /opt/airflow/dags
[2026-09-19T17:16:19.263+0000] {manager.py:737} INFO - Searching for files in /opt/airflow/dags
[2026-09-19T17:16:19.292+0000] {manager.py:740} INFO - There are 0 files in /opt/airflow/dags
[2026-09-19T17:21:20.023+0000] {manager.py:737} INFO - Searching for files in /opt/airflow/dags
[2026-09-19T17:21:20.066+0000] {manager.py:740} INFO - There are 0 files in /opt/airflow/dags
[2026-09-19T17:26:20.645+0000] {manager.py:737} INFO - Searching for files in /opt/airflow/dags
[2026-09-19T17:26:20.657+0000] {manager.py:740} INFO - There are 0 files in /opt/airflow/dags
[2026-09-19T17:31:20.789+0000] {manager.py:737} INFO - Searching for files in /opt/airflow/dags
[2026-09-19T17:31:20.814+0000] {manager.py:740} INFO - There are 0 files in /opt/airflow/dags
[2026-09-19T17:36:20.915+0000] {manager.py:737} INFO - Searching for files in /opt/airflow/dags
[2026-09-19T17:36:20.931+0000] {manager.py:740} INFO - There are 0 files in /opt/airflow/dags
[2026-09-19T17:41:21.474+0000] {manager.py:737} INFO - Searching for files in /opt/airflow/dags
[2026-09-19T17:41:21.511+0000] {manager.py:740} INFO - There are 0 files in /opt/airflow/dags
[2026-09-19T17:46:21.903+0000] {manager.py:737} INFO - Searching for files in /opt/airflow/dags
[2026-09-19T17:46:21.921+0000] {manager.py:740} INFO - There are 0 files in /opt/airflow/dags
[2026-09-19T17:51:22.342+0000] {manager.py:737} INFO - Searching for files in /opt/airflow/dags
[2026-09-19T17:51:22.361+0000] {manager.py:740} INFO - There are 0 files in /opt/airflow/dags
[2026-09-19T17:56:22.986+0000] {manager.py:737} INFO - Searching for files in /opt/airflow/dags
[2026-09-19T17:56:23.026+0000] {manager.py:740} INFO - There are 0 files in /opt/airflow/dags
[2026-09-19T18:01:23.131+0000] {manager.py:737} INFO - Searching for files in /opt/airflow/dags
[2026-09-19T18:01:23.183+0000] {manager.py:740} INFO - There are 0 files in /opt/airflow/dags
[2026-09-19T18:06:23.190+0000] {manager.py:737} INFO - Searching for files in /opt/airflow/dags
[2026-09-19T18:06:23.885+0000] {manager.py:740} INFO - There are 0 files in /opt/airflow/dags
[2026-09-19T18:11:25.055+0000] {manager.py:737} INFO - Searching for files in /opt/airflow/dags
[2026-09-19T18:11:26.495+0000] {manager.py:740} INFO - There are 0 files in /opt/airflow/dags
[2026-09-19T18:16:24.553+0000] {manager.py:737} INFO - Searching for files in /opt/airflow/dags
[2026-09-19T18:16:24.756+0000] {manager.py:740} INFO - There are 0 files in /opt/airflow/dags
[2026-09-19T18:21:24.993+0000] {manager.py:737} INFO - Searching for files in /opt/airflow/dags
[2026-09-19T18:21:25.038+0000] {manager.py:740} INFO - There are 0 files in /opt/airflow/dags
[2026-09-19T18:26:25.501+0000] {manager.py:737} INFO - Searching for files in /opt/airflow/dags
[2026-09-19T18:26:25.609+0000] {manager.py:740} INFO - There are 0 files in /opt/airflow/dags
[2026-09-19T18:31:26.482+0000] {manager.py:737} INFO - Searching for files in /opt/airflow/dags
[2026-09-19T18:31:26.528+0000] {manager.py:740} INFO - There are 0 files in /opt/airflow/dags
[2026-09-19T18:36:27.368+0000] {manager.py:737} INFO - Searching for files in /opt/airflow/dags
[2026-09-19T18:36:27.527+0000] {manager.py:740} INFO - There are 0 files in /opt/airflow/dags
[2026-09-19T18:41:27.583+0000] {manager.py:737} INFO - Searching for files in /opt/airflow/dags
[2026-09-19T18:41:27.773+0000] {manager.py:740} INFO - There are 0 files in /opt/airflow/dags
[2026-09-19T18:46:28.164+0000] {manager.py:737} INFO - Searching for files in /opt/airflow/dags
[2026-09-19T18:46:28.319+0000] {manager.py:740} INFO - There are 0 files in /opt/airflow/dags
[2026-09-19T18:51:28.910+0000] {manager.py:737} INFO - Searching for files in /opt/airflow/dags
[2026-09-19T18:51:29.067+0000] {manager.py:740} INFO - There are 0 files in /opt/airflow/dags
[2026-09-19T18:56:29.789+0000] {manager.py:737} INFO - Searching for files in /opt/airflow/dags
[2026-09-19T18:56:29.855+0000] {manager.py:740} INFO - There are 0 files in /opt/airflow/dags
[2026-09-19T19:01:30.358+0000] {manager.py:737} INFO - Searching for files in /opt/airflow/dags
[2026-09-19T19:01:30.430+0000] {manager.py:740} INFO - There are 0 files in /opt/airflow/dags
[2026-09-19T19:06:30.936+0000] {manager.py:737} INFO - Searching for files in /opt/airflow/dags
[2026-09-19T19:06:31.100+0000] {manager.py:740} INFO - There are 0 files in /opt/airflow/dags
[2026-09-19T19:11:31.511+0000] {manager.py:737} INFO - Searching for files in /opt/airflow/dags
[2026-09-19T19:11:31.613+0000] {manager.py:740} INFO - There are 0 files in /opt/airflow/dags
[2026-09-19T19:16:32.104+0000] {manager.py:737} INFO - Searching for files in /opt/airflow/dags
[2026-09-19T19:16:32.187+0000] {manager.py:740} INFO - There are 0 files in /opt/airflow/dags
[2026-09-19T19:21:32.440+0000] {manager.py:737} INFO - Searching for files in /opt/airflow/dags
[2026-09-19T19:21:32.540+0000] {manager.py:740} INFO - There are 0 files in /opt/airflow/dags
[2026-09-19T19:26:33.042+0000] {manager.py:737} INFO - Searching for files in /opt/airflow/dags
[2026-09-19T19:26:33.234+0000] {manager.py:740} INFO - There are 0 files in /opt/airflow/dags
[2026-09-19T19:31:33.489+0000] {manager.py:737} INFO - Searching for files in /opt/airflow/dags
[2026-09-19T19:31:33.584+0000] {manager.py:740} INFO - There are 0 files in /opt/airflow/dags
[2026-09-19T19:36:34.306+0000] {manager.py:737} INFO - Searching for files in /opt/airflow/dags
[2026-09-19T19:36:34.365+0000] {manager.py:740} INFO - There are 0 files in /opt/airflow/dags
[2026-09-19T19:41:35.134+0000] {manager.py:737} INFO - Searching for files in /opt/airflow/dags
[2026-09-19T19:41:35.243+0000] {manager.py:740} INFO - There are 0 files in /opt/airflow/dags
[2026-09-19T19:46:35.939+0000] {manager.py:737} INFO - Searching for files in /opt/airflow/dags
[2026-09-19T19:46:36.048+0000] {manager.py:740} INFO - There are 0 files in /opt/airflow/dags
[2026-09-19T19:51:36.718+0000] {manager.py:737} INFO - Searching for files in /opt/airflow/dags
[2026-09-19T19:51:36.823+0000] {manager.py:740} INFO - There are 0 files in /opt/airflow/dags
[2026-09-19T19:56:37.361+0000] {manager.py:737} INFO - Searching for files in /opt/airflow/dags
[2026-09-19T19:56:37.503+0000] {manager.py:740} INFO - There are 0 files in /opt/airflow/dags
[2026-09-19T20:01:37.981+0000] {manager.py:737} INFO - Searching for files in /opt/airflow/dags
[2026-09-19T20:01:38.148+0000] {manager.py:740} INFO - There are 0 files in /opt/airflow/dags
[2026-09-19T20:06:38.599+0000] {manager.py:737} INFO - Searching for files in /opt/airflow/dags
[2026-09-19T20:06:38.651+0000] {manager.py:740} INFO - There are 0 files in /opt/airflow/dags
[2026-09-19T20:11:39.088+0000] {manager.py:737} INFO - Searching for files in /opt/airflow/dags
[2026-09-19T20:11:39.179+0000] {manager.py:740} INFO - There are 0 files in /opt/airflow/dags
[2026-09-19T21:48:55.000+0000] {manager.py:737} INFO - Searching for files in /opt/airflow/dags
[2026-09-19T21:48:55.913+0000] {manager.py:740} INFO - There are 0 files in /opt/airflow/dags
[2026-09-19T21:53:55.744+0000] {manager.py:737} INFO - Searching for files in /opt/airflow/dags
[2026-09-19T21:53:55.843+0000] {manager.py:740} INFO - There are 0 files in /opt/airflow/dags
[2026-09-19T21:58:56.379+0000] {manager.py:737} INFO - Searching for files in /opt/airflow/dags
[2026-09-19T21:58:56.469+0000] {manager.py:740} INFO - There are 0 files in /opt/airflow/dags
[2026-09-20T00:00:24.551+0000] {manager.py:737} INFO - Searching for files in /opt/airflow/dags
[2026-09-20T10:44:07.926+0000] {manager.py:740} INFO - There are 0 files in /opt/airflow/dags
[2026-09-20T10:44:09.471+0000] {manager.py:737} INFO - Searching for files in /opt/airflow/dags
[2026-09-20T10:44:09.679+0000] {manager.py:740} INFO - There are 0 files in /opt/airflow/dags
[2026-09-20T10:49:09.662+0000] {manager.py:737} INFO - Searching for files in /opt/airflow/dags
[2026-09-20T10:49:09.840+0000] {manager.py:740} INFO - There are 0 files in /opt/airflow/dags
[2026-09-20T10:54:10.152+0000] {manager.py:737} INFO - Searching for files in /opt/airflow/dags
[2026-09-20T10:54:10.880+0000] {manager.py:740} INFO - There are 0 files in /opt/airflow/dags
[2026-09-20T10:59:10.380+0000] {manager.py:737} INFO - Searching for files in /opt/airflow/dags
[2026-09-20T10:59:10.476+0000] {manager.py:740} INFO - There are 0 files in /opt/airflow/dags
[2026-09-20T11:04:10.924+0000] {manager.py:737} INFO - Searching for files in /opt/airflow/dags
[2026-09-20T11:04:11.018+0000] {manager.py:740} INFO - There are 0 files in /opt/airflow/dags
[2026-09-20T11:09:11.516+0000] {manager.py:737} INFO - Searching for files in /opt/airflow/dags
[2026-09-20T11:09:11.559+0000] {manager.py:740} INFO - There are 0 files in /opt/airflow/dags
[2026-09-20T11:14:12.391+0000] {manager.py:737} INFO - Searching for files in /opt/airflow/dags
[2026-09-20T11:14:12.452+0000] {manager.py:740} INFO - There are 0 files in /opt/airflow/dags
[2026-09-20T11:19:13.238+0000] {manager.py:737} INFO - Searching for files in /opt/airflow/dags
[2026-09-20T11:19:13.306+0000] {manager.py:740} INFO - There are 0 files in /opt/airflow/dags
[2026-09-20T11:24:14.176+0000] {manager.py:737} INFO - Searching for files in /opt/airflow/dags
[2026-09-20T11:24:14.287+0000] {manager.py:740} INFO - There are 0 files in /opt/airflow/dags
[2026-09-20T11:29:15.106+0000] {manager.py:737} INFO - Searching for files in /opt/airflow/dags
[2026-09-20T11:29:15.122+0000] {manager.py:740} INFO - There are 0 files in /opt/airflow/dags
[2026-09-20T11:34:15.770+0000] {manager.py:737} INFO - Searching for files in /opt/airflow/dags
[2026-09-20T11:34:15.791+0000] {manager.py:740} INFO - There are 0 files in /opt/airflow/dags
[2026-09-20T11:39:16.121+0000] {manager.py:737} INFO - Searching for files in /opt/airflow/dags
[2026-09-20T11:39:16.286+0000] {manager.py:740} INFO - There are 1 files in /opt/airflow/dags
[2026-09-20T11:39:35.608+0000] {manager.py:878} INFO - 
================================================================================
DAG File Processing Stats

File Path                                PID    Runtime      # DAGs    # Errors  Last Runtime    Last Run
---------------------------------------  -----  ---------  --------  ----------  --------------  -------------------
/opt/airflow/dags/minio_to_snowflake.py                           1           0  15.31s          2026-09-20T11:39:32
================================================================================
[2026-09-20T11:40:05.915+0000] {manager.py:878} INFO - 
================================================================================
DAG File Processing Stats

File Path                                PID    Runtime      # DAGs    # Errors  Last Runtime    Last Run
---------------------------------------  -----  ---------  --------  ----------  --------------  -------------------
/opt/airflow/dags/minio_to_snowflake.py                           1           0  2.28s           2026-09-20T11:40:05
================================================================================
[2026-09-20T11:40:36.269+0000] {manager.py:878} INFO - 
================================================================================
DAG File Processing Stats

File Path                                  PID  Runtime      # DAGs    # Errors  Last Runtime    Last Run
---------------------------------------  -----  ---------  --------  ----------  --------------  -------------------
/opt/airflow/dags/minio_to_snowflake.py     31  1.04s             1           0  2.28s           2026-09-20T11:40:05
================================================================================
[2026-09-20T11:41:06.605+0000] {manager.py:878} INFO - 
================================================================================
DAG File Processing Stats

File Path                                PID    Runtime      # DAGs    # Errors  Last Runtime    Last Run
---------------------------------------  -----  ---------  --------  ----------  --------------  -------------------
/opt/airflow/dags/minio_to_snowflake.py                           1           0  3.93s           2026-09-20T11:40:39
================================================================================
[2026-09-20T11:41:36.836+0000] {manager.py:878} INFO - 
================================================================================
DAG File Processing Stats

File Path                                PID    Runtime      # DAGs    # Errors  Last Runtime    Last Run
---------------------------------------  -----  ---------  --------  ----------  --------------  -------------------
/opt/airflow/dags/minio_to_snowflake.py                           1           0  1.47s           2026-09-20T11:41:10
================================================================================
[2026-09-20T11:42:07.176+0000] {manager.py:878} INFO - 
================================================================================
DAG File Processing Stats

File Path                                PID    Runtime      # DAGs    # Errors  Last Runtime    Last Run
---------------------------------------  -----  ---------  --------  ----------  --------------  -------------------
/opt/airflow/dags/minio_to_snowflake.py                           1           0  1.15s           2026-09-20T11:41:42
================================================================================
[2026-09-20T11:42:37.448+0000] {manager.py:878} INFO - 
================================================================================
DAG File Processing Stats

File Path                                PID    Runtime      # DAGs    # Errors  Last Runtime    Last Run
---------------------------------------  -----  ---------  --------  ----------  --------------  -------------------
/opt/airflow/dags/minio_to_snowflake.py                           1           0  2.75s           2026-09-20T11:42:14
================================================================================
[2026-09-20T11:43:08.148+0000] {manager.py:878} INFO - 
================================================================================
DAG File Processing Stats

File Path                                  PID  Runtime      # DAGs    # Errors  Last Runtime    Last Run
---------------------------------------  -----  ---------  --------  ----------  --------------  -------------------
/opt/airflow/dags/minio_to_snowflake.py     46  2.18s             1           0  2.04s           2026-09-20T11:42:47
================================================================================
[2026-09-20T11:43:38.295+0000] {manager.py:878} INFO - 
================================================================================
DAG File Processing Stats

File Path                                PID    Runtime      # DAGs    # Errors  Last Runtime    Last Run
---------------------------------------  -----  ---------  --------  ----------  --------------  -------------------
/opt/airflow/dags/minio_to_snowflake.py                           1           0  4.72s           2026-09-20T11:43:22
================================================================================
[2026-09-20T11:44:08.835+0000] {manager.py:878} INFO - 
================================================================================
DAG File Processing Stats

File Path                                PID    Runtime      # DAGs    # Errors  Last Runtime    Last Run
---------------------------------------  -----  ---------  --------  ----------  --------------  -------------------
/opt/airflow/dags/minio_to_snowflake.py                           1           0  1.43s           2026-09-20T11:43:54
================================================================================
[2026-09-20T11:44:16.150+0000] {manager.py:737} INFO - Searching for files in /opt/airflow/dags
[2026-09-20T11:44:16.210+0000] {manager.py:740} INFO - There are 1 files in /opt/airflow/dags
[2026-09-20T11:44:39.519+0000] {manager.py:878} INFO - 
================================================================================
DAG File Processing Stats

File Path                                PID    Runtime      # DAGs    # Errors  Last Runtime    Last Run
---------------------------------------  -----  ---------  --------  ----------  --------------  -------------------
/opt/airflow/dags/minio_to_snowflake.py                           1           0  4.34s           2026-09-20T11:44:28
================================================================================
[2026-09-20T11:45:10.107+0000] {manager.py:878} INFO - 
================================================================================
DAG File Processing Stats

File Path                                PID    Runtime      # DAGs    # Errors  Last Runtime    Last Run
---------------------------------------  -----  ---------  --------  ----------  --------------  -------------------
/opt/airflow/dags/minio_to_snowflake.py                           1           0  2.47s           2026-09-20T11:44:55
================================================================================
[2026-09-20T11:45:40.632+0000] {manager.py:878} INFO - 
================================================================================
DAG File Processing Stats

File Path                                PID    Runtime      # DAGs    # Errors  Last Runtime    Last Run
---------------------------------------  -----  ---------  --------  ----------  --------------  -------------------
/opt/airflow/dags/minio_to_snowflake.py                           1           0  6.98s           2026-09-20T11:45:32
================================================================================
[2026-09-20T11:46:11.096+0000] {manager.py:878} INFO - 
================================================================================
DAG File Processing Stats

File Path                                  PID  Runtime      # DAGs    # Errors  Last Runtime    Last Run
---------------------------------------  -----  ---------  --------  ----------  --------------  -------------------
/opt/airflow/dags/minio_to_snowflake.py     78  8.22s             1           0  6.98s           2026-09-20T11:45:32
================================================================================
[2026-09-20T11:46:42.548+0000] {manager.py:878} INFO - 
================================================================================
DAG File Processing Stats

File Path                                PID    Runtime      # DAGs    # Errors  Last Runtime    Last Run
---------------------------------------  -----  ---------  --------  ----------  --------------  -------------------
/opt/airflow/dags/minio_to_snowflake.py                           1           0  15.44s          2026-09-20T11:46:18
================================================================================
[2026-09-20T11:47:12.792+0000] {manager.py:878} INFO - 
================================================================================
DAG File Processing Stats

File Path                                PID    Runtime      # DAGs    # Errors  Last Runtime    Last Run
---------------------------------------  -----  ---------  --------  ----------  --------------  -------------------
/opt/airflow/dags/minio_to_snowflake.py                           1           0  13.98s          2026-09-20T11:47:02
================================================================================
[2026-09-20T11:47:43.320+0000] {manager.py:878} INFO - 
================================================================================
DAG File Processing Stats

File Path                                PID    Runtime      # DAGs    # Errors  Last Runtime    Last Run
---------------------------------------  -----  ---------  --------  ----------  --------------  -------------------
/opt/airflow/dags/minio_to_snowflake.py                           1           0  7.36s           2026-09-20T11:47:40
================================================================================
[2026-09-20T11:48:13.630+0000] {manager.py:878} INFO - 
================================================================================
DAG File Processing Stats

File Path                                  PID  Runtime      # DAGs    # Errors  Last Runtime    Last Run
---------------------------------------  -----  ---------  --------  ----------  --------------  -------------------
/opt/airflow/dags/minio_to_snowflake.py   5223  3.06s             1           0  7.36s           2026-09-20T11:47:40
================================================================================
[2026-09-20T11:48:44.177+0000] {manager.py:878} INFO - 
================================================================================
DAG File Processing Stats

File Path                                PID    Runtime      # DAGs    # Errors  Last Runtime    Last Run
---------------------------------------  -----  ---------  --------  ----------  --------------  -------------------
/opt/airflow/dags/minio_to_snowflake.py                           1           0  7.30s           2026-09-20T11:48:17
================================================================================
[2026-09-20T11:49:14.875+0000] {manager.py:878} INFO - 
================================================================================
DAG File Processing Stats

File Path                                PID    Runtime      # DAGs    # Errors  Last Runtime    Last Run
---------------------------------------  -----  ---------  --------  ----------  --------------  -------------------
/opt/airflow/dags/minio_to_snowflake.py                           1           0  11.23s          2026-09-20T11:48:59
================================================================================
[2026-09-20T11:49:16.934+0000] {manager.py:737} INFO - Searching for files in /opt/airflow/dags
[2026-09-20T11:49:17.268+0000] {manager.py:740} INFO - There are 1 files in /opt/airflow/dags
[2026-09-20T11:49:45.760+0000] {manager.py:878} INFO - 
================================================================================
DAG File Processing Stats

File Path                                PID    Runtime      # DAGs    # Errors  Last Runtime    Last Run
---------------------------------------  -----  ---------  --------  ----------  --------------  -------------------
/opt/airflow/dags/minio_to_snowflake.py                           1           0  5.03s           2026-09-20T11:49:34
================================================================================
[2026-09-20T11:50:16.273+0000] {manager.py:878} INFO - 
================================================================================
DAG File Processing Stats

File Path                                PID    Runtime      # DAGs    # Errors  Last Runtime    Last Run
---------------------------------------  -----  ---------  --------  ----------  --------------  -------------------
/opt/airflow/dags/minio_to_snowflake.py                           1           0  4.25s           2026-09-20T11:50:09
================================================================================
[2026-09-20T11:50:46.763+0000] {manager.py:878} INFO - 
================================================================================
DAG File Processing Stats

File Path                                  PID  Runtime      # DAGs    # Errors  Last Runtime    Last Run
---------------------------------------  -----  ---------  --------  ----------  --------------  -------------------
/opt/airflow/dags/minio_to_snowflake.py  11207  7.14s             1           0  4.25s           2026-09-20T11:50:09
================================================================================
[2026-09-20T11:51:17.024+0000] {manager.py:878} INFO - 
================================================================================
DAG File Processing Stats

File Path                                PID    Runtime      # DAGs    # Errors  Last Runtime    Last Run
---------------------------------------  -----  ---------  --------  ----------  --------------  -------------------
/opt/airflow/dags/minio_to_snowflake.py                           1           0  8.78s           2026-09-20T11:50:48
================================================================================
[2026-09-20T11:51:47.307+0000] {manager.py:878} INFO - 
================================================================================
DAG File Processing Stats

File Path                                PID    Runtime      # DAGs    # Errors  Last Runtime    Last Run
---------------------------------------  -----  ---------  --------  ----------  --------------  -------------------
/opt/airflow/dags/minio_to_snowflake.py                           1           0  3.73s           2026-09-20T11:51:22
================================================================================
[2026-09-20T11:52:17.327+0000] {manager.py:878} INFO - 
================================================================================
DAG File Processing Stats

File Path                                PID    Runtime      # DAGs    # Errors  Last Runtime    Last Run
---------------------------------------  -----  ---------  --------  ----------  --------------  -------------------
/opt/airflow/dags/minio_to_snowflake.py                           1           0  6.37s           2026-09-20T11:51:59
================================================================================
[2026-09-20T11:52:47.967+0000] {manager.py:878} INFO - 
================================================================================
DAG File Processing Stats

File Path                                PID    Runtime      # DAGs    # Errors  Last Runtime    Last Run
---------------------------------------  -----  ---------  --------  ----------  --------------  -------------------
/opt/airflow/dags/minio_to_snowflake.py                           1           0  3.21s           2026-09-20T11:52:32
================================================================================
[2026-09-20T11:53:18.433+0000] {manager.py:878} INFO - 
================================================================================
DAG File Processing Stats

File Path                                PID    Runtime      # DAGs    # Errors  Last Runtime    Last Run
---------------------------------------  -----  ---------  --------  ----------  --------------  -------------------
/opt/airflow/dags/minio_to_snowflake.py                           1           0  2.02s           2026-09-20T11:53:05
================================================================================
[2026-09-20T11:53:48.908+0000] {manager.py:878} INFO - 
================================================================================
DAG File Processing Stats

File Path                                  PID  Runtime      # DAGs    # Errors  Last Runtime    Last Run
---------------------------------------  -----  ---------  --------  ----------  --------------  -------------------
/opt/airflow/dags/minio_to_snowflake.py  17592  15.63s            1           0  2.02s           2026-09-20T11:53:05
================================================================================
[2026-09-20T11:54:17.519+0000] {manager.py:737} INFO - Searching for files in /opt/airflow/dags
[2026-09-20T11:54:18.002+0000] {manager.py:740} INFO - There are 1 files in /opt/airflow/dags
[2026-09-20T11:54:19.444+0000] {manager.py:878} INFO - 
================================================================================
DAG File Processing Stats

File Path                                PID    Runtime      # DAGs    # Errors  Last Runtime    Last Run
---------------------------------------  -----  ---------  --------  ----------  --------------  -------------------
/opt/airflow/dags/minio_to_snowflake.py                           1           0  17.71s          2026-09-20T11:53:50
================================================================================
[2026-09-20T11:54:49.459+0000] {manager.py:878} INFO - 
================================================================================
DAG File Processing Stats

File Path                                PID    Runtime      # DAGs    # Errors  Last Runtime    Last Run
---------------------------------------  -----  ---------  --------  ----------  --------------  -------------------
/opt/airflow/dags/minio_to_snowflake.py                           1           0  17.75s          2026-09-20T11:54:39
================================================================================
[2026-09-20T11:55:19.848+0000] {manager.py:878} INFO - 
================================================================================
DAG File Processing Stats

File Path                                PID    Runtime      # DAGs    # Errors  Last Runtime    Last Run
---------------------------------------  -----  ---------  --------  ----------  --------------  -------------------
/opt/airflow/dags/minio_to_snowflake.py                           1           0  8.36s           2026-09-20T11:55:18
================================================================================
[2026-09-20T11:55:50.230+0000] {manager.py:878} INFO - 
================================================================================
DAG File Processing Stats

File Path                                  PID  Runtime      # DAGs    # Errors  Last Runtime    Last Run
---------------------------------------  -----  ---------  --------  ----------  --------------  -------------------
/opt/airflow/dags/minio_to_snowflake.py  20355  2.04s             1           0  8.36s           2026-09-20T11:55:18
================================================================================
[2026-09-20T11:56:20.628+0000] {manager.py:878} INFO - 
================================================================================
DAG File Processing Stats

File Path                                PID    Runtime      # DAGs    # Errors  Last Runtime    Last Run
---------------------------------------  -----  ---------  --------  ----------  --------------  -------------------
/opt/airflow/dags/minio_to_snowflake.py                           1           0  3.09s           2026-09-20T11:55:51
================================================================================
[2026-09-20T11:56:50.668+0000] {manager.py:878} INFO - 
================================================================================
DAG File Processing Stats

File Path                                PID    Runtime      # DAGs    # Errors  Last Runtime    Last Run
---------------------------------------  -----  ---------  --------  ----------  --------------  -------------------
/opt/airflow/dags/minio_to_snowflake.py                           1           0  4.81s           2026-09-20T11:56:26
================================================================================
[2026-09-20T11:57:20.783+0000] {manager.py:878} INFO - 
================================================================================
DAG File Processing Stats

File Path                                PID    Runtime      # DAGs    # Errors  Last Runtime    Last Run
---------------------------------------  -----  ---------  --------  ----------  --------------  -------------------
/opt/airflow/dags/minio_to_snowflake.py                           1           0  3.87s           2026-09-20T11:57:00
================================================================================
[2026-09-20T11:57:51.020+0000] {manager.py:878} INFO - 
================================================================================
DAG File Processing Stats

File Path                                PID    Runtime      # DAGs    # Errors  Last Runtime    Last Run
---------------------------------------  -----  ---------  --------  ----------  --------------  -------------------
/opt/airflow/dags/minio_to_snowflake.py                           1           0  2.42s           2026-09-20T11:57:33
================================================================================
[2026-09-20T11:58:21.350+0000] {manager.py:878} INFO - 
================================================================================
DAG File Processing Stats

File Path                                PID    Runtime      # DAGs    # Errors  Last Runtime    Last Run
---------------------------------------  -----  ---------  --------  ----------  --------------  -------------------
/opt/airflow/dags/minio_to_snowflake.py                           1           0  4.97s           2026-09-20T11:58:08
================================================================================
[2026-09-20T11:58:51.904+0000] {manager.py:878} INFO - 
================================================================================
DAG File Processing Stats

File Path                                PID    Runtime      # DAGs    # Errors  Last Runtime    Last Run
---------------------------------------  -----  ---------  --------  ----------  --------------  -------------------
/opt/airflow/dags/minio_to_snowflake.py                           1           0  2.33s           2026-09-20T11:58:41
================================================================================
[2026-09-20T11:59:17.773+0000] {manager.py:737} INFO - Searching for files in /opt/airflow/dags
[2026-09-20T11:59:17.822+0000] {manager.py:740} INFO - There are 1 files in /opt/airflow/dags
[2026-09-20T11:59:22.481+0000] {manager.py:878} INFO - 
================================================================================
DAG File Processing Stats

File Path                                PID    Runtime      # DAGs    # Errors  Last Runtime    Last Run
---------------------------------------  -----  ---------  --------  ----------  --------------  -------------------
/opt/airflow/dags/minio_to_snowflake.py                           1           0  4.38s           2026-09-20T11:59:15
================================================================================
[2026-09-20T11:59:52.732+0000] {manager.py:878} INFO - 
================================================================================
DAG File Processing Stats

File Path                                PID    Runtime      # DAGs    # Errors  Last Runtime    Last Run
---------------------------------------  -----  ---------  --------  ----------  --------------  -------------------
/opt/airflow/dags/minio_to_snowflake.py                           1           0  2.74s           2026-09-20T11:59:48
================================================================================
[2026-09-20T12:00:23.127+0000] {manager.py:878} INFO - 
================================================================================
DAG File Processing Stats

File Path                                  PID  Runtime      # DAGs    # Errors  Last Runtime    Last Run
---------------------------------------  -----  ---------  --------  ----------  --------------  -------------------
/opt/airflow/dags/minio_to_snowflake.py  30606  4.06s             1           0  2.74s           2026-09-20T11:59:48
================================================================================
[2026-09-20T12:00:53.223+0000] {manager.py:878} INFO - 
================================================================================
DAG File Processing Stats

File Path                                PID    Runtime      # DAGs    # Errors  Last Runtime    Last Run
---------------------------------------  -----  ---------  --------  ----------  --------------  -------------------
/opt/airflow/dags/minio_to_snowflake.py                           1           0  5.91s           2026-09-20T12:00:24
================================================================================
[2026-09-20T12:01:23.693+0000] {manager.py:878} INFO - 
================================================================================
DAG File Processing Stats

File Path                                PID    Runtime      # DAGs    # Errors  Last Runtime    Last Run
---------------------------------------  -----  ---------  --------  ----------  --------------  -------------------
/opt/airflow/dags/minio_to_snowflake.py                           1           0  2.73s           2026-09-20T12:00:57
================================================================================
[2026-09-20T12:01:53.691+0000] {manager.py:878} INFO - 
================================================================================
DAG File Processing Stats

File Path                                PID    Runtime      # DAGs    # Errors  Last Runtime    Last Run
---------------------------------------  -----  ---------  --------  ----------  --------------  -------------------
/opt/airflow/dags/minio_to_snowflake.py                           1           0  3.47s           2026-09-20T12:01:31
================================================================================
[2026-09-20T12:02:23.927+0000] {manager.py:878} INFO - 
================================================================================
DAG File Processing Stats

File Path                                PID    Runtime      # DAGs    # Errors  Last Runtime    Last Run
---------------------------------------  -----  ---------  --------  ----------  --------------  -------------------
/opt/airflow/dags/minio_to_snowflake.py                           1           0  2.92s           2026-09-20T12:02:04
================================================================================
[2026-09-20T12:02:54.487+0000] {manager.py:878} INFO - 
================================================================================
DAG File Processing Stats

File Path                                PID    Runtime      # DAGs    # Errors  Last Runtime    Last Run
---------------------------------------  -----  ---------  --------  ----------  --------------  -------------------
/opt/airflow/dags/minio_to_snowflake.py                           1           0  13.50s          2026-09-20T12:02:48
================================================================================
[2026-09-20T12:03:24.631+0000] {manager.py:878} INFO - 
================================================================================
DAG File Processing Stats

File Path                                  PID  Runtime      # DAGs    # Errors  Last Runtime    Last Run
---------------------------------------  -----  ---------  --------  ----------  --------------  -------------------
/opt/airflow/dags/minio_to_snowflake.py  36531  3.61s             1           0  13.50s          2026-09-20T12:02:48
================================================================================
[2026-09-20T12:03:55.239+0000] {manager.py:878} INFO - 
================================================================================
DAG File Processing Stats

File Path                                  PID  Runtime      # DAGs    # Errors  Last Runtime    Last Run
---------------------------------------  -----  ---------  --------  ----------  --------------  -------------------
/opt/airflow/dags/minio_to_snowflake.py  36531  34.16s            1           0  13.50s          2026-09-20T12:02:48
================================================================================
[2026-09-20T12:04:11.166+0000] {manager.py:1203} ERROR - Processor for /opt/airflow/dags/minio_to_snowflake.py with PID 36531 started at 2026-09-20T12:03:21.011575+00:00 has timed out, killing it.
[2026-09-20T12:04:18.394+0000] {manager.py:737} INFO - Searching for files in /opt/airflow/dags
[2026-09-20T12:04:21.308+0000] {manager.py:740} INFO - There are 1 files in /opt/airflow/dags
[2026-09-20T12:04:25.819+0000] {manager.py:878} INFO - 
================================================================================
DAG File Processing Stats

File Path                                PID    Runtime      # DAGs    # Errors  Last Runtime    Last Run
---------------------------------------  -----  ---------  --------  ----------  --------------  -------------------
/opt/airflow/dags/minio_to_snowflake.py                           0           1  50.09s          2026-09-20T12:04:11
================================================================================
[2026-09-20T12:04:55.906+0000] {manager.py:878} INFO - 
================================================================================
DAG File Processing Stats

File Path                                  PID  Runtime      # DAGs    # Errors  Last Runtime    Last Run
---------------------------------------  -----  ---------  --------  ----------  --------------  -------------------
/opt/airflow/dags/minio_to_snowflake.py  36648  14.02s            0           1  50.09s          2026-09-20T12:04:11
================================================================================
[2026-09-20T12:05:13.105+0000] {manager.py:1016} ERROR - Processor for /opt/airflow/dags/minio_to_snowflake.py exited with return code 1.
[2026-09-20T12:05:26.589+0000] {manager.py:878} INFO - 
================================================================================
DAG File Processing Stats

File Path                                PID    Runtime      # DAGs    # Errors  Last Runtime    Last Run
---------------------------------------  -----  ---------  --------  ----------  --------------  -------------------
/opt/airflow/dags/minio_to_snowflake.py                           0          -1  31.22s          2026-09-20T12:05:13
================================================================================
[2026-09-20T12:05:56.723+0000] {manager.py:878} INFO - 
================================================================================
DAG File Processing Stats

File Path                                  PID  Runtime      # DAGs    # Errors  Last Runtime    Last Run
---------------------------------------  -----  ---------  --------  ----------  --------------  -------------------
/opt/airflow/dags/minio_to_snowflake.py  36652  5.70s             0          -1  31.22s          2026-09-20T12:05:13
================================================================================
[2026-09-20T12:06:27.566+0000] {manager.py:878} INFO - 
================================================================================
DAG File Processing Stats

File Path                                  PID  Runtime      # DAGs    # Errors  Last Runtime    Last Run
---------------------------------------  -----  ---------  --------  ----------  --------------  -------------------
/opt/airflow/dags/minio_to_snowflake.py  36652  36.70s            0          -1  31.22s          2026-09-20T12:05:13
================================================================================
[2026-09-20T12:06:41.464+0000] {manager.py:1203} ERROR - Processor for /opt/airflow/dags/minio_to_snowflake.py with PID 36652 started at 2026-09-20T12:05:50.866996+00:00 has timed out, killing it.
[2026-09-20T12:06:58.217+0000] {manager.py:878} INFO - 
================================================================================
DAG File Processing Stats

File Path                                PID    Runtime      # DAGs    # Errors  Last Runtime    Last Run
---------------------------------------  -----  ---------  --------  ----------  --------------  -------------------
/opt/airflow/dags/minio_to_snowflake.py                           0           1  50.60s          2026-09-20T12:06:41
================================================================================
[2026-09-20T12:07:28.292+0000] {manager.py:878} INFO - 
================================================================================
DAG File Processing Stats

File Path                                PID    Runtime      # DAGs    # Errors  Last Runtime    Last Run
---------------------------------------  -----  ---------  --------  ----------  --------------  -------------------
/opt/airflow/dags/minio_to_snowflake.py                           1           0  11.68s          2026-09-20T12:07:24
================================================================================
[2026-09-20T12:07:58.529+0000] {manager.py:878} INFO - 
================================================================================
DAG File Processing Stats

File Path                                  PID  Runtime      # DAGs    # Errors  Last Runtime    Last Run
---------------------------------------  -----  ---------  --------  ----------  --------------  -------------------
/opt/airflow/dags/minio_to_snowflake.py  36678  4.15s             1           0  11.68s          2026-09-20T12:07:24
================================================================================
[2026-09-20T12:08:29.261+0000] {manager.py:878} INFO - 
================================================================================
DAG File Processing Stats

File Path                                PID    Runtime      # DAGs    # Errors  Last Runtime    Last Run
---------------------------------------  -----  ---------  --------  ----------  --------------  -------------------
/opt/airflow/dags/minio_to_snowflake.py                           1           0  19.68s          2026-09-20T12:08:14
================================================================================
[2026-09-20T12:08:59.750+0000] {manager.py:878} INFO - 
================================================================================
DAG File Processing Stats

File Path                                PID    Runtime      # DAGs    # Errors  Last Runtime    Last Run
---------------------------------------  -----  ---------  --------  ----------  --------------  -------------------
/opt/airflow/dags/minio_to_snowflake.py                           1           0  5.15s           2026-09-20T12:08:49
================================================================================
[2026-09-20T12:09:19.362+0000] {manager.py:737} INFO - Searching for files in /opt/airflow/dags
[2026-09-20T12:09:19.701+0000] {manager.py:740} INFO - There are 1 files in /opt/airflow/dags
[2026-09-20T12:09:30.210+0000] {manager.py:878} INFO - 
================================================================================
DAG File Processing Stats

File Path                                  PID  Runtime      # DAGs    # Errors  Last Runtime    Last Run
---------------------------------------  -----  ---------  --------  ----------  --------------  -------------------
/opt/airflow/dags/minio_to_snowflake.py  38706  10.15s            1           0  5.15s           2026-09-20T12:08:49
================================================================================
[2026-09-20T12:10:01.153+0000] {manager.py:878} INFO - 
================================================================================
DAG File Processing Stats

File Path                                PID    Runtime      # DAGs    # Errors  Last Runtime    Last Run
---------------------------------------  -----  ---------  --------  ----------  --------------  -------------------
/opt/airflow/dags/minio_to_snowflake.py                           1           0  31.25s          2026-09-20T12:09:51
================================================================================
[2026-09-20T12:10:31.856+0000] {manager.py:878} INFO - 
================================================================================
DAG File Processing Stats

File Path                                  PID  Runtime      # DAGs    # Errors  Last Runtime    Last Run
---------------------------------------  -----  ---------  --------  ----------  --------------  -------------------
/opt/airflow/dags/minio_to_snowflake.py  38720  9.46s             1           0  31.25s          2026-09-20T12:09:51
================================================================================
[2026-09-20T12:11:02.745+0000] {manager.py:878} INFO - 
================================================================================
DAG File Processing Stats

File Path                                PID    Runtime      # DAGs    # Errors  Last Runtime    Last Run
---------------------------------------  -----  ---------  --------  ----------  --------------  -------------------
/opt/airflow/dags/minio_to_snowflake.py                           1           0  26.29s          2026-09-20T12:10:48
================================================================================
[2026-09-20T12:11:33.022+0000] {manager.py:878} INFO - 
================================================================================
DAG File Processing Stats

File Path                                PID    Runtime      # DAGs    # Errors  Last Runtime    Last Run
---------------------------------------  -----  ---------  --------  ----------  --------------  -------------------
/opt/airflow/dags/minio_to_snowflake.py                           1           0  4.96s           2026-09-20T12:11:23
================================================================================
[2026-09-20T12:12:03.413+0000] {manager.py:878} INFO - 
================================================================================
DAG File Processing Stats

File Path                                  PID  Runtime      # DAGs    # Errors  Last Runtime    Last Run
---------------------------------------  -----  ---------  --------  ----------  --------------  -------------------
/opt/airflow/dags/minio_to_snowflake.py  38770  9.14s             1           0  4.96s           2026-09-20T12:11:23
================================================================================
[2026-09-20T12:12:33.941+0000] {manager.py:878} INFO - 
================================================================================
DAG File Processing Stats

File Path                                PID    Runtime      # DAGs    # Errors  Last Runtime    Last Run
---------------------------------------  -----  ---------  --------  ----------  --------------  -------------------
/opt/airflow/dags/minio_to_snowflake.py                           1           0  18.90s          2026-09-20T12:12:13
================================================================================
[2026-09-20T12:13:04.537+0000] {manager.py:878} INFO - 
================================================================================
DAG File Processing Stats

File Path                                  PID  Runtime      # DAGs    # Errors  Last Runtime    Last Run
---------------------------------------  -----  ---------  --------  ----------  --------------  -------------------
/opt/airflow/dags/minio_to_snowflake.py  38782  20.19s            1           0  18.90s          2026-09-20T12:12:13
================================================================================
[2026-09-20T12:13:34.889+0000] {manager.py:878} INFO - 
================================================================================
DAG File Processing Stats

File Path                                PID    Runtime      # DAGs    # Errors  Last Runtime    Last Run
---------------------------------------  -----  ---------  --------  ----------  --------------  -------------------
/opt/airflow/dags/minio_to_snowflake.py                           1           0  30.12s          2026-09-20T12:13:14
================================================================================
[2026-09-20T12:14:05.778+0000] {manager.py:878} INFO - 
================================================================================
DAG File Processing Stats

File Path                                PID    Runtime      # DAGs    # Errors  Last Runtime    Last Run
---------------------------------------  -----  ---------  --------  ----------  --------------  -------------------
/opt/airflow/dags/minio_to_snowflake.py                           1           0  18.44s          2026-09-20T12:14:03
================================================================================
[2026-09-20T12:14:19.801+0000] {manager.py:737} INFO - Searching for files in /opt/airflow/dags
[2026-09-20T12:14:19.933+0000] {manager.py:740} INFO - There are 1 files in /opt/airflow/dags
[2026-09-20T12:14:36.508+0000] {manager.py:878} INFO - 
================================================================================
DAG File Processing Stats

File Path                                  PID  Runtime      # DAGs    # Errors  Last Runtime    Last Run
---------------------------------------  -----  ---------  --------  ----------  --------------  -------------------
/opt/airflow/dags/minio_to_snowflake.py  40791  2.11s             1           0  18.44s          2026-09-20T12:14:03
================================================================================
[2026-09-20T12:15:07.059+0000] {manager.py:878} INFO - 
================================================================================
DAG File Processing Stats

File Path                                PID    Runtime      # DAGs    # Errors  Last Runtime    Last Run
---------------------------------------  -----  ---------  --------  ----------  --------------  -------------------
/opt/airflow/dags/minio_to_snowflake.py                           1           0  26.56s          2026-09-20T12:15:00
================================================================================
[2026-09-20T12:15:37.247+0000] {manager.py:878} INFO - 
================================================================================
DAG File Processing Stats

File Path                                  PID  Runtime      # DAGs    # Errors  Last Runtime    Last Run
---------------------------------------  -----  ---------  --------  ----------  --------------  -------------------
/opt/airflow/dags/minio_to_snowflake.py  40805  5.25s             1           0  26.56s          2026-09-20T12:15:00
================================================================================
[2026-09-20T12:16:07.490+0000] {manager.py:878} INFO - 
================================================================================
DAG File Processing Stats

File Path                                PID    Runtime      # DAGs    # Errors  Last Runtime    Last Run
---------------------------------------  -----  ---------  --------  ----------  --------------  -------------------
/opt/airflow/dags/minio_to_snowflake.py                           1           0  12.93s          2026-09-20T12:15:44
================================================================================
[2026-09-20T12:16:37.699+0000] {manager.py:878} INFO - 
================================================================================
DAG File Processing Stats

File Path                                  PID  Runtime      # DAGs    # Errors  Last Runtime    Last Run
---------------------------------------  -----  ---------  --------  ----------  --------------  -------------------
/opt/airflow/dags/minio_to_snowflake.py  41049  22.49s            1           0  12.93s          2026-09-20T12:15:44
================================================================================
[2026-09-20T12:16:46.195+0000] {manager.py:1016} ERROR - Processor for /opt/airflow/dags/minio_to_snowflake.py exited with return code 1.
[2026-09-20T12:17:08.212+0000] {manager.py:878} INFO - 
================================================================================
DAG File Processing Stats

File Path                                PID    Runtime      # DAGs    # Errors  Last Runtime    Last Run
---------------------------------------  -----  ---------  --------  ----------  --------------  -------------------
/opt/airflow/dags/minio_to_snowflake.py                           0          -1  31.03s          2026-09-20T12:16:46
================================================================================
[2026-09-20T12:17:38.713+0000] {manager.py:878} INFO - 
================================================================================
DAG File Processing Stats

File Path                                PID    Runtime      # DAGs    # Errors  Last Runtime    Last Run
---------------------------------------  -----  ---------  --------  ----------  --------------  -------------------
/opt/airflow/dags/minio_to_snowflake.py                           1           0  18.54s          2026-09-20T12:17:34
================================================================================
[2026-09-20T12:18:09.071+0000] {manager.py:878} INFO - 
================================================================================
DAG File Processing Stats

File Path                                  PID  Runtime      # DAGs    # Errors  Last Runtime    Last Run
---------------------------------------  -----  ---------  --------  ----------  --------------  -------------------
/opt/airflow/dags/minio_to_snowflake.py  43648  4.10s             1           0  18.54s          2026-09-20T12:17:34
================================================================================
[2026-09-20T12:18:40.007+0000] {manager.py:878} INFO - 
================================================================================
DAG File Processing Stats

File Path                                PID    Runtime      # DAGs    # Errors  Last Runtime    Last Run
---------------------------------------  -----  ---------  --------  ----------  --------------  -------------------
/opt/airflow/dags/minio_to_snowflake.py                           1           0  7.42s           2026-09-20T12:18:12
================================================================================
[2026-09-20T12:19:10.373+0000] {manager.py:878} INFO - 
================================================================================
DAG File Processing Stats

File Path                                  PID  Runtime      # DAGs    # Errors  Last Runtime    Last Run
---------------------------------------  -----  ---------  --------  ----------  --------------  -------------------
/opt/airflow/dags/minio_to_snowflake.py  44868  27.40s            1           0  7.42s           2026-09-20T12:18:12
================================================================================
[2026-09-20T12:19:19.840+0000] {manager.py:737} INFO - Searching for files in /opt/airflow/dags
[2026-09-20T12:19:20.302+0000] {manager.py:740} INFO - There are 1 files in /opt/airflow/dags
[2026-09-20T12:19:33.543+0000] {manager.py:1203} ERROR - Processor for /opt/airflow/dags/minio_to_snowflake.py with PID 44868 started at 2026-09-20T12:18:42.965229+00:00 has timed out, killing it.
[2026-09-20T12:19:41.387+0000] {manager.py:878} INFO - 
================================================================================
DAG File Processing Stats

File Path                                PID    Runtime      # DAGs    # Errors  Last Runtime    Last Run
---------------------------------------  -----  ---------  --------  ----------  --------------  -------------------
/opt/airflow/dags/minio_to_snowflake.py                           0           1  50.56s          2026-09-20T12:19:33
================================================================================
[2026-09-20T12:20:12.216+0000] {manager.py:878} INFO - 
================================================================================
DAG File Processing Stats

File Path                                  PID  Runtime      # DAGs    # Errors  Last Runtime    Last Run
---------------------------------------  -----  ---------  --------  ----------  --------------  -------------------
/opt/airflow/dags/minio_to_snowflake.py  44874  7.51s             0           1  50.56s          2026-09-20T12:19:33
================================================================================
[2026-09-20T12:20:42.659+0000] {manager.py:878} INFO - 
================================================================================
DAG File Processing Stats

File Path                                PID    Runtime      # DAGs    # Errors  Last Runtime    Last Run
---------------------------------------  -----  ---------  --------  ----------  --------------  -------------------
/opt/airflow/dags/minio_to_snowflake.py                           1           0  27.78s          2026-09-20T12:20:32
================================================================================
[2026-09-20T12:21:13.525+0000] {manager.py:878} INFO - 
================================================================================
DAG File Processing Stats

File Path                                  PID  Runtime      # DAGs    # Errors  Last Runtime    Last Run
---------------------------------------  -----  ---------  --------  ----------  --------------  -------------------
/opt/airflow/dags/minio_to_snowflake.py  46422  10.29s            1           0  27.78s          2026-09-20T12:20:32
================================================================================
[2026-09-20T12:21:35.157+0000] {manager.py:1016} ERROR - Processor for /opt/airflow/dags/minio_to_snowflake.py exited with return code 1.
[2026-09-20T12:21:43.612+0000] {manager.py:878} INFO - 
================================================================================
DAG File Processing Stats

File Path                                PID    Runtime      # DAGs    # Errors  Last Runtime    Last Run
---------------------------------------  -----  ---------  --------  ----------  --------------  -------------------
/opt/airflow/dags/minio_to_snowflake.py                           0          -1  31.92s          2026-09-20T12:21:35
================================================================================
[2026-09-20T12:22:14.163+0000] {manager.py:878} INFO - 
================================================================================
DAG File Processing Stats

File Path                                  PID  Runtime      # DAGs    # Errors  Last Runtime    Last Run
---------------------------------------  -----  ---------  --------  ----------  --------------  -------------------
/opt/airflow/dags/minio_to_snowflake.py  46891  7.57s             0          -1  31.92s          2026-09-20T12:21:35
================================================================================
[2026-09-20T12:22:39.350+0000] {manager.py:1016} ERROR - Processor for /opt/airflow/dags/minio_to_snowflake.py exited with return code 1.
[2026-09-20T12:22:44.657+0000] {manager.py:878} INFO - 
================================================================================
DAG File Processing Stats

File Path                                PID    Runtime      # DAGs    # Errors  Last Runtime    Last Run
---------------------------------------  -----  ---------  --------  ----------  --------------  -------------------
/opt/airflow/dags/minio_to_snowflake.py                           0          -1  32.76s          2026-09-20T12:22:39
================================================================================
[2026-09-20T12:23:14.757+0000] {manager.py:878} INFO - 
================================================================================
DAG File Processing Stats

File Path                                PID    Runtime      # DAGs    # Errors  Last Runtime    Last Run
---------------------------------------  -----  ---------  --------  ----------  --------------  -------------------
/opt/airflow/dags/minio_to_snowflake.py                           1           0  4.58s           2026-09-20T12:23:14
================================================================================
[2026-09-20T12:23:45.001+0000] {manager.py:878} INFO - 
================================================================================
DAG File Processing Stats

File Path                                  PID  Runtime      # DAGs    # Errors  Last Runtime    Last Run
---------------------------------------  -----  ---------  --------  ----------  --------------  -------------------
/opt/airflow/dags/minio_to_snowflake.py  48396  0.01s             1           0  4.58s           2026-09-20T12:23:14
================================================================================
[2026-09-20T12:24:15.687+0000] {manager.py:878} INFO - 
================================================================================
DAG File Processing Stats

File Path                                PID    Runtime      # DAGs    # Errors  Last Runtime    Last Run
---------------------------------------  -----  ---------  --------  ----------  --------------  -------------------
/opt/airflow/dags/minio_to_snowflake.py                           1           0  6.32s           2026-09-20T12:23:51
================================================================================
[2026-09-20T12:24:20.000+0000] {manager.py:737} INFO - Searching for files in /opt/airflow/dags
[2026-09-20T12:24:20.191+0000] {manager.py:740} INFO - There are 1 files in /opt/airflow/dags
[2026-09-20T12:24:46.179+0000] {manager.py:878} INFO - 
================================================================================
DAG File Processing Stats

File Path                                  PID  Runtime      # DAGs    # Errors  Last Runtime    Last Run
---------------------------------------  -----  ---------  --------  ----------  --------------  -------------------
/opt/airflow/dags/minio_to_snowflake.py  48939  23.82s            1           0  6.32s           2026-09-20T12:23:51
================================================================================
[2026-09-20T12:25:16.445+0000] {manager.py:878} INFO - 
================================================================================
DAG File Processing Stats

File Path                                PID    Runtime      # DAGs    # Errors  Last Runtime    Last Run
---------------------------------------  -----  ---------  --------  ----------  --------------  -------------------
/opt/airflow/dags/minio_to_snowflake.py                           1           0  49.20s          2026-09-20T12:25:11
================================================================================
[2026-09-20T12:25:47.179+0000] {manager.py:878} INFO - 
================================================================================
DAG File Processing Stats

File Path                                  PID  Runtime      # DAGs    # Errors  Last Runtime    Last Run
---------------------------------------  -----  ---------  --------  ----------  --------------  -------------------
/opt/airflow/dags/minio_to_snowflake.py  48957  5.13s             1           0  49.20s          2026-09-20T12:25:11
================================================================================
[2026-09-20T12:26:17.331+0000] {manager.py:878} INFO - 
================================================================================
DAG File Processing Stats

File Path                                PID    Runtime      # DAGs    # Errors  Last Runtime    Last Run
---------------------------------------  -----  ---------  --------  ----------  --------------  -------------------
/opt/airflow/dags/minio_to_snowflake.py                           1           0  12.61s          2026-09-20T12:25:54
================================================================================
[2026-09-20T12:26:47.982+0000] {manager.py:878} INFO - 
================================================================================
DAG File Processing Stats

File Path                                  PID  Runtime      # DAGs    # Errors  Last Runtime    Last Run
---------------------------------------  -----  ---------  --------  ----------  --------------  -------------------
/opt/airflow/dags/minio_to_snowflake.py  49795  22.85s            1           0  12.61s          2026-09-20T12:25:54
================================================================================
[2026-09-20T12:27:18.524+0000] {manager.py:878} INFO - 
================================================================================
DAG File Processing Stats

File Path                                PID    Runtime      # DAGs    # Errors  Last Runtime    Last Run
---------------------------------------  -----  ---------  --------  ----------  --------------  -------------------
/opt/airflow/dags/minio_to_snowflake.py                           1           0  45.32s          2026-09-20T12:27:10
================================================================================
[2026-09-20T12:27:48.555+0000] {manager.py:878} INFO - 
================================================================================
DAG File Processing Stats

File Path                                PID    Runtime      # DAGs    # Errors  Last Runtime    Last Run
---------------------------------------  -----  ---------  --------  ----------  --------------  -------------------
/opt/airflow/dags/minio_to_snowflake.py                           1           0  7.65s           2026-09-20T12:27:48
================================================================================
[2026-09-20T12:28:18.877+0000] {manager.py:878} INFO - 
================================================================================
DAG File Processing Stats

File Path                                  PID  Runtime      # DAGs    # Errors  Last Runtime    Last Run
---------------------------------------  -----  ---------  --------  ----------  --------------  -------------------
/opt/airflow/dags/minio_to_snowflake.py  52079  0.01s             1           0  7.65s           2026-09-20T12:27:48
================================================================================
[2026-09-20T12:28:48.912+0000] {manager.py:878} INFO - 
================================================================================
DAG File Processing Stats

File Path                                PID    Runtime      # DAGs    # Errors  Last Runtime    Last Run
---------------------------------------  -----  ---------  --------  ----------  --------------  -------------------
/opt/airflow/dags/minio_to_snowflake.py                           1           0  6.78s           2026-09-20T12:28:25
================================================================================
[2026-09-20T12:29:19.339+0000] {manager.py:878} INFO - 
================================================================================
DAG File Processing Stats

File Path                                PID    Runtime      # DAGs    # Errors  Last Runtime    Last Run
---------------------------------------  -----  ---------  --------  ----------  --------------  -------------------
/opt/airflow/dags/minio_to_snowflake.py                           1           0  4.88s           2026-09-20T12:29:00
================================================================================
[2026-09-20T12:29:20.354+0000] {manager.py:737} INFO - Searching for files in /opt/airflow/dags
[2026-09-20T12:29:20.621+0000] {manager.py:740} INFO - There are 1 files in /opt/airflow/dags
[2026-09-20T12:29:49.731+0000] {manager.py:878} INFO - 
================================================================================
DAG File Processing Stats

File Path                                PID    Runtime      # DAGs    # Errors  Last Runtime    Last Run
---------------------------------------  -----  ---------  --------  ----------  --------------  -------------------
/opt/airflow/dags/minio_to_snowflake.py                           1           0  15.26s          2026-09-20T12:29:46
================================================================================
[2026-09-20T12:30:20.398+0000] {manager.py:878} INFO - 
================================================================================
DAG File Processing Stats

File Path                                PID    Runtime      # DAGs    # Errors  Last Runtime    Last Run
---------------------------------------  -----  ---------  --------  ----------  --------------  -------------------
/opt/airflow/dags/minio_to_snowflake.py                           1           0  2.58s           2026-09-20T12:30:19
================================================================================
[2026-09-20T12:30:50.830+0000] {manager.py:878} INFO - 
================================================================================
DAG File Processing Stats

File Path                                  PID  Runtime      # DAGs    # Errors  Last Runtime    Last Run
---------------------------------------  -----  ---------  --------  ----------  --------------  -------------------
/opt/airflow/dags/minio_to_snowflake.py  55076  0.19s             1           0  2.58s           2026-09-20T12:30:19
================================================================================
[2026-09-20T12:31:21.449+0000] {manager.py:878} INFO - 
================================================================================
DAG File Processing Stats

File Path                                PID    Runtime      # DAGs    # Errors  Last Runtime    Last Run
---------------------------------------  -----  ---------  --------  ----------  --------------  -------------------
/opt/airflow/dags/minio_to_snowflake.py                           1           0  18.92s          2026-09-20T12:31:09
================================================================================
[2026-09-20T12:31:52.093+0000] {manager.py:878} INFO - 
================================================================================
DAG File Processing Stats

File Path                                PID    Runtime      # DAGs    # Errors  Last Runtime    Last Run
---------------------------------------  -----  ---------  --------  ----------  --------------  -------------------
/opt/airflow/dags/minio_to_snowflake.py                           1           0  8.28s           2026-09-20T12:31:48
================================================================================
[2026-09-20T12:32:22.106+0000] {manager.py:878} INFO - 
================================================================================
DAG File Processing Stats

File Path                                PID    Runtime      # DAGs    # Errors  Last Runtime    Last Run
---------------------------------------  -----  ---------  --------  ----------  --------------  -------------------
/opt/airflow/dags/minio_to_snowflake.py                           1           0  2.71s           2026-09-20T12:32:21
================================================================================
[2026-09-20T12:32:52.513+0000] {manager.py:878} INFO - 
================================================================================
DAG File Processing Stats

File Path                                  PID  Runtime      # DAGs    # Errors  Last Runtime    Last Run
---------------------------------------  -----  ---------  --------  ----------  --------------  -------------------
/opt/airflow/dags/minio_to_snowflake.py  59119  1.02s             1           0  2.71s           2026-09-20T12:32:21
================================================================================
[2026-09-20T12:33:23.338+0000] {manager.py:878} INFO - 
================================================================================
DAG File Processing Stats

File Path                                PID    Runtime      # DAGs    # Errors  Last Runtime    Last Run
---------------------------------------  -----  ---------  --------  ----------  --------------  -------------------
/opt/airflow/dags/minio_to_snowflake.py                           1           0  3.66s           2026-09-20T12:32:55
================================================================================
[2026-09-20T12:33:53.802+0000] {manager.py:878} INFO - 
================================================================================
DAG File Processing Stats

File Path                                PID    Runtime      # DAGs    # Errors  Last Runtime    Last Run
---------------------------------------  -----  ---------  --------  ----------  --------------  -------------------
/opt/airflow/dags/minio_to_snowflake.py                           1           0  6.18s           2026-09-20T12:33:31
================================================================================
[2026-09-20T12:34:20.935+0000] {manager.py:737} INFO - Searching for files in /opt/airflow/dags
[2026-09-20T12:34:20.985+0000] {manager.py:740} INFO - There are 1 files in /opt/airflow/dags
[2026-09-20T12:34:24.063+0000] {manager.py:878} INFO - 
================================================================================
DAG File Processing Stats

File Path                                PID    Runtime      # DAGs    # Errors  Last Runtime    Last Run
---------------------------------------  -----  ---------  --------  ----------  --------------  -------------------
/opt/airflow/dags/minio_to_snowflake.py                           1           0  6.84s           2026-09-20T12:34:08
================================================================================
[2026-09-20T12:34:54.571+0000] {manager.py:878} INFO - 
================================================================================
DAG File Processing Stats

File Path                                PID    Runtime      # DAGs    # Errors  Last Runtime    Last Run
---------------------------------------  -----  ---------  --------  ----------  --------------  -------------------
/opt/airflow/dags/minio_to_snowflake.py                           1           0  4.70s           2026-09-20T12:34:43
================================================================================
[2026-09-20T12:35:24.914+0000] {manager.py:878} INFO - 
================================================================================
DAG File Processing Stats

File Path                                PID    Runtime      # DAGs    # Errors  Last Runtime    Last Run
---------------------------------------  -----  ---------  --------  ----------  --------------  -------------------
/opt/airflow/dags/minio_to_snowflake.py                           1           0  3.75s           2026-09-20T12:35:17
================================================================================
[2026-09-20T12:35:55.490+0000] {manager.py:878} INFO - 
================================================================================
DAG File Processing Stats

File Path                                PID    Runtime      # DAGs    # Errors  Last Runtime    Last Run
---------------------------------------  -----  ---------  --------  ----------  --------------  -------------------
/opt/airflow/dags/minio_to_snowflake.py                           1           0  6.51s           2026-09-20T12:35:54
================================================================================
[2026-09-20T12:36:25.892+0000] {manager.py:878} INFO - 
================================================================================
DAG File Processing Stats

File Path                                  PID  Runtime      # DAGs    # Errors  Last Runtime    Last Run
---------------------------------------  -----  ---------  --------  ----------  --------------  -------------------
/opt/airflow/dags/minio_to_snowflake.py  65247  1.02s             1           0  6.51s           2026-09-20T12:35:54
================================================================================
[2026-09-20T12:36:56.181+0000] {manager.py:878} INFO - 
================================================================================
DAG File Processing Stats

File Path                                PID    Runtime      # DAGs    # Errors  Last Runtime    Last Run
---------------------------------------  -----  ---------  --------  ----------  --------------  -------------------
/opt/airflow/dags/minio_to_snowflake.py                           1           0  3.97s           2026-09-20T12:36:28
================================================================================
[2026-09-20T12:37:26.566+0000] {manager.py:878} INFO - 
================================================================================
DAG File Processing Stats

File Path                                PID    Runtime      # DAGs    # Errors  Last Runtime    Last Run
---------------------------------------  -----  ---------  --------  ----------  --------------  -------------------
/opt/airflow/dags/minio_to_snowflake.py                           1           0  7.04s           2026-09-20T12:37:06
================================================================================
[2026-09-20T12:37:56.788+0000] {manager.py:878} INFO - 
================================================================================
DAG File Processing Stats

File Path                                PID    Runtime      # DAGs    # Errors  Last Runtime    Last Run
---------------------------------------  -----  ---------  --------  ----------  --------------  -------------------
/opt/airflow/dags/minio_to_snowflake.py                           1           0  2.97s           2026-09-20T12:37:39
================================================================================
[2026-09-20T12:38:27.411+0000] {manager.py:878} INFO - 
================================================================================
DAG File Processing Stats

File Path                                PID    Runtime      # DAGs    # Errors  Last Runtime    Last Run
---------------------------------------  -----  ---------  --------  ----------  --------------  -------------------
/opt/airflow/dags/minio_to_snowflake.py                           1           0  2.34s           2026-09-20T12:38:12
================================================================================
[2026-09-20T12:38:57.635+0000] {manager.py:878} INFO - 
================================================================================
DAG File Processing Stats

File Path                                PID    Runtime      # DAGs    # Errors  Last Runtime    Last Run
---------------------------------------  -----  ---------  --------  ----------  --------------  -------------------
/opt/airflow/dags/minio_to_snowflake.py                           1           0  1.97s           2026-09-20T12:38:44
================================================================================
[2026-09-20T12:39:21.267+0000] {manager.py:737} INFO - Searching for files in /opt/airflow/dags
[2026-09-20T12:39:21.323+0000] {manager.py:740} INFO - There are 1 files in /opt/airflow/dags
[2026-09-20T12:39:27.994+0000] {manager.py:878} INFO - 
================================================================================
DAG File Processing Stats

File Path                                PID    Runtime      # DAGs    # Errors  Last Runtime    Last Run
---------------------------------------  -----  ---------  --------  ----------  --------------  -------------------
/opt/airflow/dags/minio_to_snowflake.py                           1           0  3.41s           2026-09-20T12:39:18
================================================================================
[2026-09-20T12:39:58.203+0000] {manager.py:878} INFO - 
================================================================================
DAG File Processing Stats

File Path                                PID    Runtime      # DAGs    # Errors  Last Runtime    Last Run
---------------------------------------  -----  ---------  --------  ----------  --------------  -------------------
/opt/airflow/dags/minio_to_snowflake.py                           1           0  1.80s           2026-09-20T12:39:50
================================================================================
[2026-09-20T12:40:28.484+0000] {manager.py:878} INFO - 
================================================================================
DAG File Processing Stats

File Path                                PID    Runtime      # DAGs    # Errors  Last Runtime    Last Run
---------------------------------------  -----  ---------  --------  ----------  --------------  -------------------
/opt/airflow/dags/minio_to_snowflake.py                           1           0  2.04s           2026-09-20T12:40:22
================================================================================
[2026-09-20T12:40:58.743+0000] {manager.py:878} INFO - 
================================================================================
DAG File Processing Stats

File Path                                PID    Runtime      # DAGs    # Errors  Last Runtime    Last Run
---------------------------------------  -----  ---------  --------  ----------  --------------  -------------------
/opt/airflow/dags/minio_to_snowflake.py                           1           0  1.47s           2026-09-20T12:40:54
================================================================================
[2026-09-20T12:41:29.144+0000] {manager.py:878} INFO - 
================================================================================
DAG File Processing Stats

File Path                                PID    Runtime      # DAGs    # Errors  Last Runtime    Last Run
---------------------------------------  -----  ---------  --------  ----------  --------------  -------------------
/opt/airflow/dags/minio_to_snowflake.py                           1           0  2.92s           2026-09-20T12:41:27
================================================================================
[2026-09-20T12:41:59.766+0000] {manager.py:878} INFO - 
================================================================================
DAG File Processing Stats

File Path                                  PID  Runtime      # DAGs    # Errors  Last Runtime    Last Run
---------------------------------------  -----  ---------  --------  ----------  --------------  -------------------
/opt/airflow/dags/minio_to_snowflake.py  77485  2.04s             1           0  2.92s           2026-09-20T12:41:27
================================================================================
[2026-09-20T12:42:30.142+0000] {manager.py:878} INFO - 
================================================================================
DAG File Processing Stats

File Path                                PID    Runtime      # DAGs    # Errors  Last Runtime    Last Run
---------------------------------------  -----  ---------  --------  ----------  --------------  -------------------
/opt/airflow/dags/minio_to_snowflake.py                           1           0  4.70s           2026-09-20T12:42:02
================================================================================
[2026-09-20T12:43:00.385+0000] {manager.py:878} INFO - 
================================================================================
DAG File Processing Stats

File Path                                PID    Runtime      # DAGs    # Errors  Last Runtime    Last Run
---------------------------------------  -----  ---------  --------  ----------  --------------  -------------------
/opt/airflow/dags/minio_to_snowflake.py                           1           0  3.80s           2026-09-20T12:42:36
================================================================================
[2026-09-20T12:43:30.468+0000] {manager.py:878} INFO - 
================================================================================
DAG File Processing Stats

File Path                                PID    Runtime      # DAGs    # Errors  Last Runtime    Last Run
---------------------------------------  -----  ---------  --------  ----------  --------------  -------------------
/opt/airflow/dags/minio_to_snowflake.py                           1           0  3.51s           2026-09-20T12:43:10
================================================================================
[2026-09-20T12:44:00.501+0000] {manager.py:878} INFO - 
================================================================================
DAG File Processing Stats

File Path                                PID    Runtime      # DAGs    # Errors  Last Runtime    Last Run
---------------------------------------  -----  ---------  --------  ----------  --------------  -------------------
/opt/airflow/dags/minio_to_snowflake.py                           1           0  4.25s           2026-09-20T12:43:44
================================================================================
[2026-09-20T12:44:21.699+0000] {manager.py:737} INFO - Searching for files in /opt/airflow/dags
[2026-09-20T12:44:21.764+0000] {manager.py:740} INFO - There are 1 files in /opt/airflow/dags
[2026-09-20T12:44:30.890+0000] {manager.py:878} INFO - 
================================================================================
DAG File Processing Stats

File Path                                PID    Runtime      # DAGs    # Errors  Last Runtime    Last Run
---------------------------------------  -----  ---------  --------  ----------  --------------  -------------------
/opt/airflow/dags/minio_to_snowflake.py                           1           0  5.18s           2026-09-20T12:44:19
================================================================================
[2026-09-20T12:45:01.832+0000] {manager.py:878} INFO - 
================================================================================
DAG File Processing Stats

File Path                                  PID  Runtime      # DAGs    # Errors  Last Runtime    Last Run
---------------------------------------  -----  ---------  --------  ----------  --------------  -------------------
/opt/airflow/dags/minio_to_snowflake.py  82542  11.53s            1           0  5.18s           2026-09-20T12:44:19
================================================================================
[2026-09-20T12:45:32.410+0000] {manager.py:878} INFO - 
================================================================================
DAG File Processing Stats

File Path                                  PID  Runtime      # DAGs    # Errors  Last Runtime    Last Run
---------------------------------------  -----  ---------  --------  ----------  --------------  -------------------
/opt/airflow/dags/minio_to_snowflake.py  83581  0.04s             1           0  11.57s          2026-09-20T12:45:01
================================================================================
[2026-09-20T12:46:02.573+0000] {manager.py:878} INFO - 
================================================================================
DAG File Processing Stats

File Path                                PID    Runtime      # DAGs    # Errors  Last Runtime    Last Run
---------------------------------------  -----  ---------  --------  ----------  --------------  -------------------
/opt/airflow/dags/minio_to_snowflake.py                           1           0  12.45s          2026-09-20T12:45:44
================================================================================
[2026-09-20T12:46:33.176+0000] {manager.py:878} INFO - 
================================================================================
DAG File Processing Stats

File Path                                  PID  Runtime      # DAGs    # Errors  Last Runtime    Last Run
---------------------------------------  -----  ---------  --------  ----------  --------------  -------------------
/opt/airflow/dags/minio_to_snowflake.py  83632  18.12s            1           0  12.45s          2026-09-20T12:45:44
================================================================================
[2026-09-20T12:46:47.931+0000] {manager.py:1016} ERROR - Processor for /opt/airflow/dags/minio_to_snowflake.py exited with return code 1.
[2026-09-20T12:47:03.227+0000] {manager.py:878} INFO - 
================================================================================
DAG File Processing Stats

File Path                                PID    Runtime      # DAGs    # Errors  Last Runtime    Last Run
---------------------------------------  -----  ---------  --------  ----------  --------------  -------------------
/opt/airflow/dags/minio_to_snowflake.py                           0          -1  32.89s          2026-09-20T12:46:47
================================================================================
[2026-09-20T12:47:34.047+0000] {manager.py:878} INFO - 
================================================================================
DAG File Processing Stats

File Path                                  PID  Runtime      # DAGs    # Errors  Last Runtime    Last Run
---------------------------------------  -----  ---------  --------  ----------  --------------  -------------------
/opt/airflow/dags/minio_to_snowflake.py  85195  15.41s            0          -1  32.89s          2026-09-20T12:46:47
================================================================================
[2026-09-20T12:48:04.614+0000] {manager.py:878} INFO - 
================================================================================
DAG File Processing Stats

File Path                                PID    Runtime      # DAGs    # Errors  Last Runtime    Last Run
---------------------------------------  -----  ---------  --------  ----------  --------------  -------------------
/opt/airflow/dags/minio_to_snowflake.py                           1           0  25.82s          2026-09-20T12:47:44
================================================================================
[2026-09-20T12:48:34.982+0000] {manager.py:878} INFO - 
================================================================================
DAG File Processing Stats

File Path                                PID    Runtime      # DAGs    # Errors  Last Runtime    Last Run
---------------------------------------  -----  ---------  --------  ----------  --------------  -------------------
/opt/airflow/dags/minio_to_snowflake.py                           1           0  3.63s           2026-09-20T12:48:18
================================================================================
[2026-09-20T12:49:05.268+0000] {manager.py:878} INFO - 
================================================================================
DAG File Processing Stats

File Path                                PID    Runtime      # DAGs    # Errors  Last Runtime    Last Run
---------------------------------------  -----  ---------  --------  ----------  --------------  -------------------
/opt/airflow/dags/minio_to_snowflake.py                           1           0  7.16s           2026-09-20T12:48:56
================================================================================
[2026-09-20T12:49:22.594+0000] {manager.py:737} INFO - Searching for files in /opt/airflow/dags
[2026-09-20T12:49:23.923+0000] {manager.py:740} INFO - There are 1 files in /opt/airflow/dags
[2026-09-20T12:49:36.220+0000] {manager.py:878} INFO - 
================================================================================
DAG File Processing Stats

File Path                                  PID  Runtime      # DAGs    # Errors  Last Runtime    Last Run
---------------------------------------  -----  ---------  --------  ----------  --------------  -------------------
/opt/airflow/dags/minio_to_snowflake.py  87651  9.20s             1           0  7.16s           2026-09-20T12:48:56
================================================================================
[2026-09-20T12:50:06.374+0000] {manager.py:878} INFO - 
================================================================================
DAG File Processing Stats

File Path                                PID    Runtime      # DAGs    # Errors  Last Runtime    Last Run
---------------------------------------  -----  ---------  --------  ----------  --------------  -------------------
/opt/airflow/dags/minio_to_snowflake.py                           1           0  14.90s          2026-09-20T12:49:41
================================================================================
[2026-09-20T12:50:36.714+0000] {manager.py:878} INFO - 
================================================================================
DAG File Processing Stats

File Path                                PID    Runtime      # DAGs    # Errors  Last Runtime    Last Run
---------------------------------------  -----  ---------  --------  ----------  --------------  -------------------
/opt/airflow/dags/minio_to_snowflake.py                           1           0  12.46s          2026-09-20T12:50:24
================================================================================
[2026-09-20T12:51:06.829+0000] {manager.py:878} INFO - 
================================================================================
DAG File Processing Stats

File Path                                PID    Runtime      # DAGs    # Errors  Last Runtime    Last Run
---------------------------------------  -----  ---------  --------  ----------  --------------  -------------------
/opt/airflow/dags/minio_to_snowflake.py                           1           0  2.83s           2026-09-20T12:50:57
================================================================================
[2026-09-20T12:51:37.359+0000] {manager.py:878} INFO - 
================================================================================
DAG File Processing Stats

File Path                                PID    Runtime      # DAGs    # Errors  Last Runtime    Last Run
---------------------------------------  -----  ---------  --------  ----------  --------------  -------------------
/opt/airflow/dags/minio_to_snowflake.py                           1           0  5.30s           2026-09-20T12:51:33
================================================================================
[2026-09-20T12:52:07.899+0000] {manager.py:878} INFO - 
================================================================================
DAG File Processing Stats

File Path                                PID    Runtime      # DAGs    # Errors  Last Runtime    Last Run
---------------------------------------  -----  ---------  --------  ----------  --------------  -------------------
/opt/airflow/dags/minio_to_snowflake.py                           1           0  2.38s           2026-09-20T12:52:06
================================================================================
[2026-09-20T12:52:38.489+0000] {manager.py:878} INFO - 
================================================================================
DAG File Processing Stats

File Path                                  PID  Runtime      # DAGs    # Errors  Last Runtime    Last Run
---------------------------------------  -----  ---------  --------  ----------  --------------  -------------------
/opt/airflow/dags/minio_to_snowflake.py  91440  2.08s             1           0  2.38s           2026-09-20T12:52:06
================================================================================
[2026-09-20T12:53:09.148+0000] {manager.py:878} INFO - 
================================================================================
DAG File Processing Stats

File Path                                PID    Runtime      # DAGs    # Errors  Last Runtime    Last Run
---------------------------------------  -----  ---------  --------  ----------  --------------  -------------------
/opt/airflow/dags/minio_to_snowflake.py                           1           0  8.58s           2026-09-20T12:52:44
================================================================================
[2026-09-20T12:53:39.250+0000] {manager.py:878} INFO - 
================================================================================
DAG File Processing Stats

File Path                                PID    Runtime      # DAGs    # Errors  Last Runtime    Last Run
---------------------------------------  -----  ---------  --------  ----------  --------------  -------------------
/opt/airflow/dags/minio_to_snowflake.py                           1           0  18.33s          2026-09-20T12:53:33
================================================================================
[2026-09-20T12:54:09.934+0000] {manager.py:878} INFO - 
================================================================================
DAG File Processing Stats

File Path                                  PID  Runtime      # DAGs    # Errors  Last Runtime    Last Run
---------------------------------------  -----  ---------  --------  ----------  --------------  -------------------
/opt/airflow/dags/minio_to_snowflake.py  93207  5.57s             1           0  18.33s          2026-09-20T12:53:33
================================================================================
[2026-09-20T12:54:23.381+0000] {manager.py:737} INFO - Searching for files in /opt/airflow/dags
[2026-09-20T12:54:23.433+0000] {manager.py:740} INFO - There are 1 files in /opt/airflow/dags
[2026-09-20T12:54:40.612+0000] {manager.py:878} INFO - 
================================================================================
DAG File Processing Stats

File Path                                PID    Runtime      # DAGs    # Errors  Last Runtime    Last Run
---------------------------------------  -----  ---------  --------  ----------  --------------  -------------------
/opt/airflow/dags/minio_to_snowflake.py                           1           0  20.47s          2026-09-20T12:54:24
================================================================================
[2026-09-20T12:55:11.005+0000] {manager.py:878} INFO - 
================================================================================
DAG File Processing Stats

File Path                                PID    Runtime      # DAGs    # Errors  Last Runtime    Last Run
---------------------------------------  -----  ---------  --------  ----------  --------------  -------------------
/opt/airflow/dags/minio_to_snowflake.py                           1           0  3.47s           2026-09-20T12:54:58
================================================================================
[2026-09-20T12:55:41.610+0000] {manager.py:878} INFO - 
================================================================================
DAG File Processing Stats

File Path                                PID    Runtime      # DAGs    # Errors  Last Runtime    Last Run
---------------------------------------  -----  ---------  --------  ----------  --------------  -------------------
/opt/airflow/dags/minio_to_snowflake.py                           1           0  2.11s           2026-09-20T12:55:30
================================================================================
[2026-09-20T12:56:11.954+0000] {manager.py:878} INFO - 
================================================================================
DAG File Processing Stats

File Path                                PID    Runtime      # DAGs    # Errors  Last Runtime    Last Run
---------------------------------------  -----  ---------  --------  ----------  --------------  -------------------
/opt/airflow/dags/minio_to_snowflake.py                           1           0  2.55s           2026-09-20T12:56:03
================================================================================
[2026-09-20T12:56:42.595+0000] {manager.py:878} INFO - 
================================================================================
DAG File Processing Stats

File Path                                  PID  Runtime      # DAGs    # Errors  Last Runtime    Last Run
---------------------------------------  -----  ---------  --------  ----------  --------------  -------------------
/opt/airflow/dags/minio_to_snowflake.py  98972  9.15s             1           0  2.55s           2026-09-20T12:56:03
================================================================================
[2026-09-20T12:57:13.113+0000] {manager.py:878} INFO - 
================================================================================
DAG File Processing Stats

File Path                                PID    Runtime      # DAGs    # Errors  Last Runtime    Last Run
---------------------------------------  -----  ---------  --------  ----------  --------------  -------------------
/opt/airflow/dags/minio_to_snowflake.py                           1           0  10.96s          2026-09-20T12:56:44
================================================================================
[2026-09-20T12:57:43.163+0000] {manager.py:878} INFO - 
================================================================================
DAG File Processing Stats

File Path                                PID    Runtime      # DAGs    # Errors  Last Runtime    Last Run
---------------------------------------  -----  ---------  --------  ----------  --------------  -------------------
/opt/airflow/dags/minio_to_snowflake.py                           1           0  3.00s           2026-09-20T12:57:17
================================================================================
[2026-09-20T12:58:13.201+0000] {manager.py:878} INFO - 
================================================================================
DAG File Processing Stats

File Path                                PID    Runtime      # DAGs    # Errors  Last Runtime    Last Run
---------------------------------------  -----  ---------  --------  ----------  --------------  -------------------
/opt/airflow/dags/minio_to_snowflake.py                           1           0  5.44s           2026-09-20T12:57:50
================================================================================
[2026-09-20T12:58:43.558+0000] {manager.py:878} INFO - 
================================================================================
DAG File Processing Stats

File Path                                PID    Runtime      # DAGs    # Errors  Last Runtime    Last Run
---------------------------------------  -----  ---------  --------  ----------  --------------  -------------------
/opt/airflow/dags/minio_to_snowflake.py                           1           0  5.26s           2026-09-20T12:58:26
================================================================================
[2026-09-20T12:59:13.605+0000] {manager.py:878} INFO - 
================================================================================
DAG File Processing Stats

File Path                                PID    Runtime      # DAGs    # Errors  Last Runtime    Last Run
---------------------------------------  -----  ---------  --------  ----------  --------------  -------------------
/opt/airflow/dags/minio_to_snowflake.py                           1           0  1.83s           2026-09-20T12:58:58
================================================================================
[2026-09-20T12:59:23.667+0000] {manager.py:737} INFO - Searching for files in /opt/airflow/dags
[2026-09-20T12:59:23.700+0000] {manager.py:740} INFO - There are 1 files in /opt/airflow/dags
[2026-09-20T12:59:43.909+0000] {manager.py:878} INFO - 
================================================================================
DAG File Processing Stats

File Path                                PID    Runtime      # DAGs    # Errors  Last Runtime    Last Run
---------------------------------------  -----  ---------  --------  ----------  --------------  -------------------
/opt/airflow/dags/minio_to_snowflake.py                           1           0  2.22s           2026-09-20T12:59:31
================================================================================
[2026-09-20T13:00:14.680+0000] {manager.py:878} INFO - 
================================================================================
DAG File Processing Stats

File Path                                   PID  Runtime      # DAGs    # Errors  Last Runtime    Last Run
---------------------------------------  ------  ---------  --------  ----------  --------------  -------------------
/opt/airflow/dags/minio_to_snowflake.py  101943  13.39s            1           0  2.22s           2026-09-20T12:59:31
================================================================================
[2026-09-20T13:00:44.902+0000] {manager.py:878} INFO - 
================================================================================
DAG File Processing Stats

File Path                                PID    Runtime      # DAGs    # Errors  Last Runtime    Last Run
---------------------------------------  -----  ---------  --------  ----------  --------------  -------------------
/opt/airflow/dags/minio_to_snowflake.py                           1           0  15.34s          2026-09-20T13:00:16
================================================================================
[2026-09-20T13:01:15.136+0000] {manager.py:878} INFO - 
================================================================================
DAG File Processing Stats

File Path                                PID    Runtime      # DAGs    # Errors  Last Runtime    Last Run
---------------------------------------  -----  ---------  --------  ----------  --------------  -------------------
/opt/airflow/dags/minio_to_snowflake.py                           1           0  12.04s          2026-09-20T13:00:58
================================================================================
[2026-09-20T13:01:45.492+0000] {manager.py:878} INFO - 
================================================================================
DAG File Processing Stats

File Path                                PID    Runtime      # DAGs    # Errors  Last Runtime    Last Run
---------------------------------------  -----  ---------  --------  ----------  --------------  -------------------
/opt/airflow/dags/minio_to_snowflake.py                           1           0  4.06s           2026-09-20T13:01:33
================================================================================
[2026-09-20T13:02:16.133+0000] {manager.py:878} INFO - 
================================================================================
DAG File Processing Stats

File Path                                PID    Runtime      # DAGs    # Errors  Last Runtime    Last Run
---------------------------------------  -----  ---------  --------  ----------  --------------  -------------------
/opt/airflow/dags/minio_to_snowflake.py                           1           0  3.08s           2026-09-20T13:02:07
================================================================================
[2026-09-20T13:02:46.380+0000] {manager.py:878} INFO - 
================================================================================
DAG File Processing Stats

File Path                                PID    Runtime      # DAGs    # Errors  Last Runtime    Last Run
---------------------------------------  -----  ---------  --------  ----------  --------------  -------------------
/opt/airflow/dags/minio_to_snowflake.py                           1           0  8.78s           2026-09-20T13:02:46
================================================================================
[2026-09-20T13:03:16.843+0000] {manager.py:878} INFO - 
================================================================================
DAG File Processing Stats

File Path                                   PID  Runtime      # DAGs    # Errors  Last Runtime    Last Run
---------------------------------------  ------  ---------  --------  ----------  --------------  -------------------
/opt/airflow/dags/minio_to_snowflake.py  106025  0.02s             1           0  8.78s           2026-09-20T13:02:46
================================================================================
[2026-09-20T13:03:47.190+0000] {manager.py:878} INFO - 
================================================================================
DAG File Processing Stats

File Path                                PID    Runtime      # DAGs    # Errors  Last Runtime    Last Run
---------------------------------------  -----  ---------  --------  ----------  --------------  -------------------
/opt/airflow/dags/minio_to_snowflake.py                           1           0  3.53s           2026-09-20T13:03:20
================================================================================
[2026-09-20T13:04:17.999+0000] {manager.py:878} INFO - 
================================================================================
DAG File Processing Stats

File Path                                PID    Runtime      # DAGs    # Errors  Last Runtime    Last Run
---------------------------------------  -----  ---------  --------  ----------  --------------  -------------------
/opt/airflow/dags/minio_to_snowflake.py                           1           0  7.77s           2026-09-20T13:03:58
================================================================================
[2026-09-20T13:04:24.179+0000] {manager.py:737} INFO - Searching for files in /opt/airflow/dags
[2026-09-20T13:04:24.322+0000] {manager.py:740} INFO - There are 1 files in /opt/airflow/dags
[2026-09-20T13:04:48.256+0000] {manager.py:878} INFO - 
================================================================================
DAG File Processing Stats

File Path                                PID    Runtime      # DAGs    # Errors  Last Runtime    Last Run
---------------------------------------  -----  ---------  --------  ----------  --------------  -------------------
/opt/airflow/dags/minio_to_snowflake.py                           1           0  15.60s          2026-09-20T13:04:44
================================================================================
[2026-09-20T13:05:18.263+0000] {manager.py:878} INFO - 
================================================================================
DAG File Processing Stats

File Path                                   PID  Runtime      # DAGs    # Errors  Last Runtime    Last Run
---------------------------------------  ------  ---------  --------  ----------  --------------  -------------------
/opt/airflow/dags/minio_to_snowflake.py  108098  3.75s             1           0  15.60s          2026-09-20T13:04:44
================================================================================
[2026-09-20T13:05:48.293+0000] {manager.py:878} INFO - 
================================================================================
DAG File Processing Stats

File Path                                PID    Runtime      # DAGs    # Errors  Last Runtime    Last Run
---------------------------------------  -----  ---------  --------  ----------  --------------  -------------------
/opt/airflow/dags/minio_to_snowflake.py                           1           0  7.58s           2026-09-20T13:05:22
================================================================================
[2026-09-20T13:06:18.724+0000] {manager.py:878} INFO - 
================================================================================
DAG File Processing Stats

File Path                                PID    Runtime      # DAGs    # Errors  Last Runtime    Last Run
---------------------------------------  -----  ---------  --------  ----------  --------------  -------------------
/opt/airflow/dags/minio_to_snowflake.py                           1           0  6.48s           2026-09-20T13:05:58
================================================================================
[2026-09-20T13:06:49.324+0000] {manager.py:878} INFO - 
================================================================================
DAG File Processing Stats

File Path                                PID    Runtime      # DAGs    # Errors  Last Runtime    Last Run
---------------------------------------  -----  ---------  --------  ----------  --------------  -------------------
/opt/airflow/dags/minio_to_snowflake.py                           1           0  3.12s           2026-09-20T13:06:32
================================================================================
[2026-09-20T13:07:19.680+0000] {manager.py:878} INFO - 
================================================================================
DAG File Processing Stats

File Path                                PID    Runtime      # DAGs    # Errors  Last Runtime    Last Run
---------------------------------------  -----  ---------  --------  ----------  --------------  -------------------
/opt/airflow/dags/minio_to_snowflake.py                           1           0  1.66s           2026-09-20T13:07:04
================================================================================
[2026-09-20T13:07:49.888+0000] {manager.py:878} INFO - 
================================================================================
DAG File Processing Stats

File Path                                PID    Runtime      # DAGs    # Errors  Last Runtime    Last Run
---------------------------------------  -----  ---------  --------  ----------  --------------  -------------------
/opt/airflow/dags/minio_to_snowflake.py                           1           0  1.94s           2026-09-20T13:07:36
================================================================================
[2026-09-20T13:08:20.058+0000] {manager.py:878} INFO - 
================================================================================
DAG File Processing Stats

File Path                                PID    Runtime      # DAGs    # Errors  Last Runtime    Last Run
---------------------------------------  -----  ---------  --------  ----------  --------------  -------------------
/opt/airflow/dags/minio_to_snowflake.py                           1           0  2.44s           2026-09-20T13:08:08
================================================================================
[2026-09-20T13:08:50.884+0000] {manager.py:878} INFO - 
================================================================================
DAG File Processing Stats

File Path                                PID    Runtime      # DAGs    # Errors  Last Runtime    Last Run
---------------------------------------  -----  ---------  --------  ----------  --------------  -------------------
/opt/airflow/dags/minio_to_snowflake.py                           1           0  1.75s           2026-09-20T13:08:40
================================================================================
[2026-09-20T13:09:21.258+0000] {manager.py:878} INFO - 
================================================================================
DAG File Processing Stats

File Path                                PID    Runtime      # DAGs    # Errors  Last Runtime    Last Run
---------------------------------------  -----  ---------  --------  ----------  --------------  -------------------
/opt/airflow/dags/minio_to_snowflake.py                           1           0  2.26s           2026-09-20T13:09:13
================================================================================
[2026-09-20T13:09:24.288+0000] {manager.py:737} INFO - Searching for files in /opt/airflow/dags
[2026-09-20T13:09:24.336+0000] {manager.py:740} INFO - There are 1 files in /opt/airflow/dags
[2026-09-20T13:09:51.652+0000] {manager.py:878} INFO - 
================================================================================
DAG File Processing Stats

File Path                                PID    Runtime      # DAGs    # Errors  Last Runtime    Last Run
---------------------------------------  -----  ---------  --------  ----------  --------------  -------------------
/opt/airflow/dags/minio_to_snowflake.py                           1           0  2.92s           2026-09-20T13:09:46
================================================================================
[2026-09-20T13:10:22.031+0000] {manager.py:878} INFO - 
================================================================================
DAG File Processing Stats

File Path                                PID    Runtime      # DAGs    # Errors  Last Runtime    Last Run
---------------------------------------  -----  ---------  --------  ----------  --------------  -------------------
/opt/airflow/dags/minio_to_snowflake.py                           1           0  4.42s           2026-09-20T13:10:21
================================================================================
[2026-09-20T13:10:52.700+0000] {manager.py:878} INFO - 
================================================================================
DAG File Processing Stats

File Path                                   PID  Runtime      # DAGs    # Errors  Last Runtime    Last Run
---------------------------------------  ------  ---------  --------  ----------  --------------  -------------------
/opt/airflow/dags/minio_to_snowflake.py  120303  1.03s             1           0  4.42s           2026-09-20T13:10:21
================================================================================
[2026-09-20T13:11:22.920+0000] {manager.py:878} INFO - 
================================================================================
DAG File Processing Stats

File Path                                PID    Runtime      # DAGs    # Errors  Last Runtime    Last Run
---------------------------------------  -----  ---------  --------  ----------  --------------  -------------------
/opt/airflow/dags/minio_to_snowflake.py                           1           0  8.08s           2026-09-20T13:10:59
================================================================================
[2026-09-20T13:11:52.998+0000] {manager.py:878} INFO - 
================================================================================
DAG File Processing Stats

File Path                                PID    Runtime      # DAGs    # Errors  Last Runtime    Last Run
---------------------------------------  -----  ---------  --------  ----------  --------------  -------------------
/opt/airflow/dags/minio_to_snowflake.py                           1           0  3.72s           2026-09-20T13:11:33
================================================================================
[2026-09-20T13:12:23.026+0000] {manager.py:878} INFO - 
================================================================================
DAG File Processing Stats

File Path                                PID    Runtime      # DAGs    # Errors  Last Runtime    Last Run
---------------------------------------  -----  ---------  --------  ----------  --------------  -------------------
/opt/airflow/dags/minio_to_snowflake.py                           1           0  8.21s           2026-09-20T13:12:12
================================================================================
[2026-09-20T13:12:53.214+0000] {manager.py:878} INFO - 
================================================================================
DAG File Processing Stats

File Path                                   PID  Runtime      # DAGs    # Errors  Last Runtime    Last Run
---------------------------------------  ------  ---------  --------  ----------  --------------  -------------------
/opt/airflow/dags/minio_to_snowflake.py  123984  10.28s            1           0  8.21s           2026-09-20T13:12:12
================================================================================
[2026-09-20T13:13:24.022+0000] {manager.py:878} INFO - 
================================================================================
DAG File Processing Stats

File Path                                PID    Runtime      # DAGs    # Errors  Last Runtime    Last Run
---------------------------------------  -----  ---------  --------  ----------  --------------  -------------------
/opt/airflow/dags/minio_to_snowflake.py                           1           0  13.62s          2026-09-20T13:12:56
================================================================================
[2026-09-20T13:13:54.398+0000] {manager.py:878} INFO - 
================================================================================
DAG File Processing Stats

File Path                                PID    Runtime      # DAGs    # Errors  Last Runtime    Last Run
---------------------------------------  -----  ---------  --------  ----------  --------------  -------------------
/opt/airflow/dags/minio_to_snowflake.py                           1           0  3.66s           2026-09-20T13:13:30
================================================================================
[2026-09-20T13:14:24.486+0000] {manager.py:737} INFO - Searching for files in /opt/airflow/dags
[2026-09-20T13:14:24.865+0000] {manager.py:740} INFO - There are 1 files in /opt/airflow/dags
[2026-09-20T13:14:24.939+0000] {manager.py:878} INFO - 
================================================================================
DAG File Processing Stats

File Path                                PID    Runtime      # DAGs    # Errors  Last Runtime    Last Run
---------------------------------------  -----  ---------  --------  ----------  --------------  -------------------
/opt/airflow/dags/minio_to_snowflake.py                           1           0  8.24s           2026-09-20T13:14:09
================================================================================
[2026-09-20T13:14:55.378+0000] {manager.py:878} INFO - 
================================================================================
DAG File Processing Stats

File Path                                PID    Runtime      # DAGs    # Errors  Last Runtime    Last Run
---------------------------------------  -----  ---------  --------  ----------  --------------  -------------------
/opt/airflow/dags/minio_to_snowflake.py                           1           0  3.69s           2026-09-20T13:14:43
================================================================================
[2026-09-20T13:15:25.663+0000] {manager.py:878} INFO - 
================================================================================
DAG File Processing Stats

File Path                                PID    Runtime      # DAGs    # Errors  Last Runtime    Last Run
---------------------------------------  -----  ---------  --------  ----------  --------------  -------------------
/opt/airflow/dags/minio_to_snowflake.py                           1           0  3.46s           2026-09-20T13:15:17
================================================================================
[2026-09-20T13:15:55.927+0000] {manager.py:878} INFO - 
================================================================================
DAG File Processing Stats

File Path                                PID    Runtime      # DAGs    # Errors  Last Runtime    Last Run
---------------------------------------  -----  ---------  --------  ----------  --------------  -------------------
/opt/airflow/dags/minio_to_snowflake.py                           1           0  3.10s           2026-09-20T13:15:50
================================================================================
[2026-09-20T13:16:26.199+0000] {manager.py:878} INFO - 
================================================================================
DAG File Processing Stats

File Path                                PID    Runtime      # DAGs    # Errors  Last Runtime    Last Run
---------------------------------------  -----  ---------  --------  ----------  --------------  -------------------
/opt/airflow/dags/minio_to_snowflake.py                           1           0  3.45s           2026-09-20T13:16:24
================================================================================
[2026-09-20T13:16:56.280+0000] {manager.py:878} INFO - 
================================================================================
DAG File Processing Stats

File Path                                PID    Runtime      # DAGs    # Errors  Last Runtime    Last Run
---------------------------------------  -----  ---------  --------  ----------  --------------  -------------------
/opt/airflow/dags/minio_to_snowflake.py                           1           0  1.45s           2026-09-20T13:16:56
================================================================================
[2026-09-20T13:17:26.514+0000] {manager.py:878} INFO - 
================================================================================
DAG File Processing Stats

File Path                                   PID  Runtime      # DAGs    # Errors  Last Runtime    Last Run
---------------------------------------  ------  ---------  --------  ----------  --------------  -------------------
/opt/airflow/dags/minio_to_snowflake.py  134559  0.01s             1           0  1.45s           2026-09-20T13:16:56
================================================================================
[2026-09-20T13:17:56.722+0000] {manager.py:878} INFO - 
================================================================================
DAG File Processing Stats

File Path                                PID    Runtime      # DAGs    # Errors  Last Runtime    Last Run
---------------------------------------  -----  ---------  --------  ----------  --------------  -------------------
/opt/airflow/dags/minio_to_snowflake.py                           1           0  2.45s           2026-09-20T13:17:28
================================================================================
[2026-09-20T13:18:26.874+0000] {manager.py:878} INFO - 
================================================================================
DAG File Processing Stats

File Path                                PID    Runtime      # DAGs    # Errors  Last Runtime    Last Run
---------------------------------------  -----  ---------  --------  ----------  --------------  -------------------
/opt/airflow/dags/minio_to_snowflake.py                           1           0  2.53s           2026-09-20T13:18:01
================================================================================
[2026-09-20T13:18:57.079+0000] {manager.py:878} INFO - 
================================================================================
DAG File Processing Stats

File Path                                PID    Runtime      # DAGs    # Errors  Last Runtime    Last Run
---------------------------------------  -----  ---------  --------  ----------  --------------  -------------------
/opt/airflow/dags/minio_to_snowflake.py                           1           0  1.14s           2026-09-20T13:18:33
================================================================================
[2026-09-20T13:19:25.282+0000] {manager.py:737} INFO - Searching for files in /opt/airflow/dags
[2026-09-20T13:19:25.322+0000] {manager.py:740} INFO - There are 1 files in /opt/airflow/dags
[2026-09-20T13:19:27.372+0000] {manager.py:878} INFO - 
================================================================================
DAG File Processing Stats

File Path                                PID    Runtime      # DAGs    # Errors  Last Runtime    Last Run
---------------------------------------  -----  ---------  --------  ----------  --------------  -------------------
/opt/airflow/dags/minio_to_snowflake.py                           1           0  2.04s           2026-09-20T13:19:05
================================================================================
[2026-09-20T13:19:57.587+0000] {manager.py:878} INFO - 
================================================================================
DAG File Processing Stats

File Path                                PID    Runtime      # DAGs    # Errors  Last Runtime    Last Run
---------------------------------------  -----  ---------  --------  ----------  --------------  -------------------
/opt/airflow/dags/minio_to_snowflake.py                           1           0  1.10s           2026-09-20T13:19:36
================================================================================
[2026-09-20T13:20:27.826+0000] {manager.py:878} INFO - 
================================================================================
DAG File Processing Stats

File Path                                PID    Runtime      # DAGs    # Errors  Last Runtime    Last Run
---------------------------------------  -----  ---------  --------  ----------  --------------  -------------------
/opt/airflow/dags/minio_to_snowflake.py                           1           0  2.41s           2026-09-20T13:20:09
================================================================================
[2026-09-20T13:20:58.384+0000] {manager.py:878} INFO - 
================================================================================
DAG File Processing Stats

File Path                                PID    Runtime      # DAGs    # Errors  Last Runtime    Last Run
---------------------------------------  -----  ---------  --------  ----------  --------------  -------------------
/opt/airflow/dags/minio_to_snowflake.py                           1           0  1.03s           2026-09-20T13:20:40
================================================================================
[2026-09-20T13:21:28.531+0000] {manager.py:878} INFO - 
================================================================================
DAG File Processing Stats

File Path                                PID    Runtime      # DAGs    # Errors  Last Runtime    Last Run
---------------------------------------  -----  ---------  --------  ----------  --------------  -------------------
/opt/airflow/dags/minio_to_snowflake.py                           1           0  1.83s           2026-09-20T13:21:12
================================================================================
[2026-09-20T13:21:59.002+0000] {manager.py:878} INFO - 
================================================================================
DAG File Processing Stats

File Path                                PID    Runtime      # DAGs    # Errors  Last Runtime    Last Run
---------------------------------------  -----  ---------  --------  ----------  --------------  -------------------
/opt/airflow/dags/minio_to_snowflake.py                           1           0  1.67s           2026-09-20T13:21:44
================================================================================
[2026-09-20T13:22:29.249+0000] {manager.py:878} INFO - 
================================================================================
DAG File Processing Stats

File Path                                PID    Runtime      # DAGs    # Errors  Last Runtime    Last Run
---------------------------------------  -----  ---------  --------  ----------  --------------  -------------------
/opt/airflow/dags/minio_to_snowflake.py                           1           0  2.92s           2026-09-20T13:22:17
================================================================================
[2026-09-20T13:22:59.772+0000] {manager.py:878} INFO - 
================================================================================
DAG File Processing Stats

File Path                                PID    Runtime      # DAGs    # Errors  Last Runtime    Last Run
---------------------------------------  -----  ---------  --------  ----------  --------------  -------------------
/opt/airflow/dags/minio_to_snowflake.py                           1           0  1.33s           2026-09-20T13:22:49
================================================================================
[2026-09-20T13:23:29.854+0000] {manager.py:878} INFO - 
================================================================================
DAG File Processing Stats

File Path                                PID    Runtime      # DAGs    # Errors  Last Runtime    Last Run
---------------------------------------  -----  ---------  --------  ----------  --------------  -------------------
/opt/airflow/dags/minio_to_snowflake.py                           1           0  1.57s           2026-09-20T13:23:20
================================================================================
[2026-09-20T13:24:00.056+0000] {manager.py:878} INFO - 
================================================================================
DAG File Processing Stats

File Path                                PID    Runtime      # DAGs    # Errors  Last Runtime    Last Run
---------------------------------------  -----  ---------  --------  ----------  --------------  -------------------
/opt/airflow/dags/minio_to_snowflake.py                           1           0  1.24s           2026-09-20T13:23:52
================================================================================
[2026-09-20T13:24:25.360+0000] {manager.py:737} INFO - Searching for files in /opt/airflow/dags
[2026-09-20T13:24:25.414+0000] {manager.py:740} INFO - There are 1 files in /opt/airflow/dags
[2026-09-20T13:24:30.150+0000] {manager.py:878} INFO - 
================================================================================
DAG File Processing Stats

File Path                                PID    Runtime      # DAGs    # Errors  Last Runtime    Last Run
---------------------------------------  -----  ---------  --------  ----------  --------------  -------------------
/opt/airflow/dags/minio_to_snowflake.py                           1           0  4.81s           2026-09-20T13:24:27
================================================================================
[2026-09-20T13:25:00.429+0000] {manager.py:878} INFO - 
================================================================================
DAG File Processing Stats

File Path                                PID    Runtime      # DAGs    # Errors  Last Runtime    Last Run
---------------------------------------  -----  ---------  --------  ----------  --------------  -------------------
/opt/airflow/dags/minio_to_snowflake.py                           1           0  1.13s           2026-09-20T13:24:58
================================================================================
[2026-09-20T13:25:30.739+0000] {manager.py:878} INFO - 
================================================================================
DAG File Processing Stats

File Path                                PID    Runtime      # DAGs    # Errors  Last Runtime    Last Run
---------------------------------------  -----  ---------  --------  ----------  --------------  -------------------
/opt/airflow/dags/minio_to_snowflake.py                           1           0  1.25s           2026-09-20T13:25:29
================================================================================
[2026-09-20T13:26:00.945+0000] {manager.py:878} INFO - 
================================================================================
DAG File Processing Stats

File Path                                   PID  Runtime      # DAGs    # Errors  Last Runtime    Last Run
---------------------------------------  ------  ---------  --------  ----------  --------------  -------------------
/opt/airflow/dags/minio_to_snowflake.py  148870  1.02s             1           0  1.25s           2026-09-20T13:25:29
================================================================================
[2026-09-20T13:26:31.154+0000] {manager.py:878} INFO - 
================================================================================
DAG File Processing Stats

File Path                                   PID  Runtime      # DAGs    # Errors  Last Runtime    Last Run
---------------------------------------  ------  ---------  --------  ----------  --------------  -------------------
/opt/airflow/dags/minio_to_snowflake.py  148873  0.00s             1           0  1.10s           2026-09-20T13:26:01
================================================================================
[2026-09-20T13:27:01.385+0000] {manager.py:878} INFO - 
================================================================================
DAG File Processing Stats

File Path                                PID    Runtime      # DAGs    # Errors  Last Runtime    Last Run
---------------------------------------  -----  ---------  --------  ----------  --------------  -------------------
/opt/airflow/dags/minio_to_snowflake.py                           1           0  1.37s           2026-09-20T13:26:32
================================================================================
[2026-09-20T13:27:31.450+0000] {manager.py:878} INFO - 
================================================================================
DAG File Processing Stats

File Path                                PID    Runtime      # DAGs    # Errors  Last Runtime    Last Run
---------------------------------------  -----  ---------  --------  ----------  --------------  -------------------
/opt/airflow/dags/minio_to_snowflake.py                           1           0  1.54s           2026-09-20T13:27:04
================================================================================
[2026-09-20T13:28:02.108+0000] {manager.py:878} INFO - 
================================================================================
DAG File Processing Stats

File Path                                PID    Runtime      # DAGs    # Errors  Last Runtime    Last Run
---------------------------------------  -----  ---------  --------  ----------  --------------  -------------------
/opt/airflow/dags/minio_to_snowflake.py                           1           0  1.59s           2026-09-20T13:27:36
================================================================================
[2026-09-20T13:28:32.423+0000] {manager.py:878} INFO - 
================================================================================
DAG File Processing Stats

File Path                                PID    Runtime      # DAGs    # Errors  Last Runtime    Last Run
---------------------------------------  -----  ---------  --------  ----------  --------------  -------------------
/opt/airflow/dags/minio_to_snowflake.py                           1           0  1.42s           2026-09-20T13:28:07
================================================================================
[2026-09-20T13:29:02.467+0000] {manager.py:878} INFO - 
================================================================================
DAG File Processing Stats

File Path                                PID    Runtime      # DAGs    # Errors  Last Runtime    Last Run
---------------------------------------  -----  ---------  --------  ----------  --------------  -------------------
/opt/airflow/dags/minio_to_snowflake.py                           1           0  1.51s           2026-09-20T13:28:39
================================================================================
[2026-09-20T13:29:26.113+0000] {manager.py:737} INFO - Searching for files in /opt/airflow/dags
[2026-09-20T13:29:26.147+0000] {manager.py:740} INFO - There are 1 files in /opt/airflow/dags
[2026-09-20T13:29:33.209+0000] {manager.py:878} INFO - 
================================================================================
DAG File Processing Stats

File Path                                PID    Runtime      # DAGs    # Errors  Last Runtime    Last Run
---------------------------------------  -----  ---------  --------  ----------  --------------  -------------------
/opt/airflow/dags/minio_to_snowflake.py                           1           0  1.65s           2026-09-20T13:29:11
================================================================================
[2026-09-20T13:30:03.600+0000] {manager.py:878} INFO - 
================================================================================
DAG File Processing Stats

File Path                                PID    Runtime      # DAGs    # Errors  Last Runtime    Last Run
---------------------------------------  -----  ---------  --------  ----------  --------------  -------------------
/opt/airflow/dags/minio_to_snowflake.py                           1           0  1.41s           2026-09-20T13:29:42
================================================================================
[2026-09-20T13:30:33.848+0000] {manager.py:878} INFO - 
================================================================================
DAG File Processing Stats

File Path                                PID    Runtime      # DAGs    # Errors  Last Runtime    Last Run
---------------------------------------  -----  ---------  --------  ----------  --------------  -------------------
/opt/airflow/dags/minio_to_snowflake.py                           1           0  2.02s           2026-09-20T13:30:14
================================================================================
[2026-09-20T13:31:04.305+0000] {manager.py:878} INFO - 
================================================================================
DAG File Processing Stats

File Path                                PID    Runtime      # DAGs    # Errors  Last Runtime    Last Run
---------------------------------------  -----  ---------  --------  ----------  --------------  -------------------
/opt/airflow/dags/minio_to_snowflake.py                           1           0  1.40s           2026-09-20T13:30:46
================================================================================
[2026-09-20T13:31:34.905+0000] {manager.py:878} INFO - 
================================================================================
DAG File Processing Stats

File Path                                PID    Runtime      # DAGs    # Errors  Last Runtime    Last Run
---------------------------------------  -----  ---------  --------  ----------  --------------  -------------------
/opt/airflow/dags/minio_to_snowflake.py                           1           0  1.25s           2026-09-20T13:31:18
================================================================================
[2026-09-20T13:32:05.326+0000] {manager.py:878} INFO - 
================================================================================
DAG File Processing Stats

File Path                                PID    Runtime      # DAGs    # Errors  Last Runtime    Last Run
---------------------------------------  -----  ---------  --------  ----------  --------------  -------------------
/opt/airflow/dags/minio_to_snowflake.py                           1           0  1.54s           2026-09-20T13:31:49
================================================================================
[2026-09-20T13:32:35.498+0000] {manager.py:878} INFO - 
================================================================================
DAG File Processing Stats

File Path                                PID    Runtime      # DAGs    # Errors  Last Runtime    Last Run
---------------------------------------  -----  ---------  --------  ----------  --------------  -------------------
/opt/airflow/dags/minio_to_snowflake.py                           1           0  1.43s           2026-09-20T13:32:21
================================================================================
[2026-09-20T13:33:06.305+0000] {manager.py:878} INFO - 
================================================================================
DAG File Processing Stats

File Path                                PID    Runtime      # DAGs    # Errors  Last Runtime    Last Run
---------------------------------------  -----  ---------  --------  ----------  --------------  -------------------
/opt/airflow/dags/minio_to_snowflake.py                           1           0  1.75s           2026-09-20T13:32:53
================================================================================
[2026-09-20T13:33:36.653+0000] {manager.py:878} INFO - 
================================================================================
DAG File Processing Stats

File Path                                PID    Runtime      # DAGs    # Errors  Last Runtime    Last Run
---------------------------------------  -----  ---------  --------  ----------  --------------  -------------------
/opt/airflow/dags/minio_to_snowflake.py                           1           0  1.20s           2026-09-20T13:33:24
================================================================================
[2026-09-20T13:34:06.897+0000] {manager.py:878} INFO - 
================================================================================
DAG File Processing Stats

File Path                                PID    Runtime      # DAGs    # Errors  Last Runtime    Last Run
---------------------------------------  -----  ---------  --------  ----------  --------------  -------------------
/opt/airflow/dags/minio_to_snowflake.py                           1           0  1.06s           2026-09-20T13:33:55
================================================================================
[2026-09-20T13:34:27.051+0000] {manager.py:737} INFO - Searching for files in /opt/airflow/dags
[2026-09-20T13:34:27.086+0000] {manager.py:740} INFO - There are 1 files in /opt/airflow/dags
[2026-09-20T13:34:37.168+0000] {manager.py:878} INFO - 
================================================================================
DAG File Processing Stats

File Path                                PID    Runtime      # DAGs    # Errors  Last Runtime    Last Run
---------------------------------------  -----  ---------  --------  ----------  --------------  -------------------
/opt/airflow/dags/minio_to_snowflake.py                           1           0  1.39s           2026-09-20T13:34:27
================================================================================
[2026-09-20T13:35:07.686+0000] {manager.py:878} INFO - 
================================================================================
DAG File Processing Stats

File Path                                PID    Runtime      # DAGs    # Errors  Last Runtime    Last Run
---------------------------------------  -----  ---------  --------  ----------  --------------  -------------------
/opt/airflow/dags/minio_to_snowflake.py                           1           0  1.08s           2026-09-20T13:34:58
================================================================================
[2026-09-20T13:35:37.953+0000] {manager.py:878} INFO - 
================================================================================
DAG File Processing Stats

File Path                                PID    Runtime      # DAGs    # Errors  Last Runtime    Last Run
---------------------------------------  -----  ---------  --------  ----------  --------------  -------------------
/opt/airflow/dags/minio_to_snowflake.py                           1           0  1.25s           2026-09-20T13:35:30
================================================================================
[2026-09-20T13:36:08.380+0000] {manager.py:878} INFO - 
================================================================================
DAG File Processing Stats

File Path                                PID    Runtime      # DAGs    # Errors  Last Runtime    Last Run
---------------------------------------  -----  ---------  --------  ----------  --------------  -------------------
/opt/airflow/dags/minio_to_snowflake.py                           1           0  1.22s           2026-09-20T13:36:01
================================================================================
[2026-09-20T13:36:38.643+0000] {manager.py:878} INFO - 
================================================================================
DAG File Processing Stats

File Path                                PID    Runtime      # DAGs    # Errors  Last Runtime    Last Run
---------------------------------------  -----  ---------  --------  ----------  --------------  -------------------
/opt/airflow/dags/minio_to_snowflake.py                           1           0  2.95s           2026-09-20T13:36:34
================================================================================
[2026-09-20T13:37:08.922+0000] {manager.py:878} INFO - 
================================================================================
DAG File Processing Stats

File Path                                PID    Runtime      # DAGs    # Errors  Last Runtime    Last Run
---------------------------------------  -----  ---------  --------  ----------  --------------  -------------------
/opt/airflow/dags/minio_to_snowflake.py                           1           0  1.39s           2026-09-20T13:37:06
================================================================================
[2026-09-20T13:37:39.464+0000] {manager.py:878} INFO - 
================================================================================
DAG File Processing Stats

File Path                                PID    Runtime      # DAGs    # Errors  Last Runtime    Last Run
---------------------------------------  -----  ---------  --------  ----------  --------------  -------------------
/opt/airflow/dags/minio_to_snowflake.py                           1           0  1.35s           2026-09-20T13:37:37
================================================================================
[2026-09-20T13:38:10.002+0000] {manager.py:878} INFO - 
================================================================================
DAG File Processing Stats

File Path                                PID    Runtime      # DAGs    # Errors  Last Runtime    Last Run
---------------------------------------  -----  ---------  --------  ----------  --------------  -------------------
/opt/airflow/dags/minio_to_snowflake.py                           1           0  1.20s           2026-09-20T13:38:09
================================================================================
[2026-09-20T13:38:40.803+0000] {manager.py:878} INFO - 
================================================================================
DAG File Processing Stats

File Path                                   PID  Runtime      # DAGs    # Errors  Last Runtime    Last Run
---------------------------------------  ------  ---------  --------  ----------  --------------  -------------------
/opt/airflow/dags/minio_to_snowflake.py  148942  1.03s             1           0  1.20s           2026-09-20T13:38:09
================================================================================
[2026-09-20T13:39:11.128+0000] {manager.py:878} INFO - 
================================================================================
DAG File Processing Stats

File Path                                PID    Runtime      # DAGs    # Errors  Last Runtime    Last Run
---------------------------------------  -----  ---------  --------  ----------  --------------  -------------------
/opt/airflow/dags/minio_to_snowflake.py                           1           0  2.27s           2026-09-20T13:38:42
================================================================================
[2026-09-20T13:39:27.336+0000] {manager.py:737} INFO - Searching for files in /opt/airflow/dags
[2026-09-20T13:39:27.427+0000] {manager.py:740} INFO - There are 1 files in /opt/airflow/dags
[2026-09-20T13:39:41.569+0000] {manager.py:878} INFO - 
================================================================================
DAG File Processing Stats

File Path                                PID    Runtime      # DAGs    # Errors  Last Runtime    Last Run
---------------------------------------  -----  ---------  --------  ----------  --------------  -------------------
/opt/airflow/dags/minio_to_snowflake.py                           1           0  1.53s           2026-09-20T13:39:13
================================================================================
[2026-09-20T13:40:11.762+0000] {manager.py:878} INFO - 
================================================================================
DAG File Processing Stats

File Path                                PID    Runtime      # DAGs    # Errors  Last Runtime    Last Run
---------------------------------------  -----  ---------  --------  ----------  --------------  -------------------
/opt/airflow/dags/minio_to_snowflake.py                           1           0  1.62s           2026-09-20T13:39:45
================================================================================
[2026-09-20T13:40:41.996+0000] {manager.py:878} INFO - 
================================================================================
DAG File Processing Stats

File Path                                PID    Runtime      # DAGs    # Errors  Last Runtime    Last Run
---------------------------------------  -----  ---------  --------  ----------  --------------  -------------------
/opt/airflow/dags/minio_to_snowflake.py                           1           0  1.24s           2026-09-20T13:40:17
================================================================================
[2026-09-20T13:41:12.415+0000] {manager.py:878} INFO - 
================================================================================
DAG File Processing Stats

File Path                                PID    Runtime      # DAGs    # Errors  Last Runtime    Last Run
---------------------------------------  -----  ---------  --------  ----------  --------------  -------------------
/opt/airflow/dags/minio_to_snowflake.py                           1           0  1.40s           2026-09-20T13:40:48
================================================================================
[2026-09-20T13:41:42.654+0000] {manager.py:878} INFO - 
================================================================================
DAG File Processing Stats

File Path                                PID    Runtime      # DAGs    # Errors  Last Runtime    Last Run
---------------------------------------  -----  ---------  --------  ----------  --------------  -------------------
/opt/airflow/dags/minio_to_snowflake.py                           1           0  1.66s           2026-09-20T13:41:20
================================================================================
[2026-09-20T13:42:12.942+0000] {manager.py:878} INFO - 
================================================================================
DAG File Processing Stats

File Path                                PID    Runtime      # DAGs    # Errors  Last Runtime    Last Run
---------------------------------------  -----  ---------  --------  ----------  --------------  -------------------
/opt/airflow/dags/minio_to_snowflake.py                           1           0  4.17s           2026-09-20T13:41:54
================================================================================
[2026-09-20T13:42:43.223+0000] {manager.py:878} INFO - 
================================================================================
DAG File Processing Stats

File Path                                PID    Runtime      # DAGs    # Errors  Last Runtime    Last Run
---------------------------------------  -----  ---------  --------  ----------  --------------  -------------------
/opt/airflow/dags/minio_to_snowflake.py                           1           0  2.30s           2026-09-20T13:42:27
================================================================================
[2026-09-20T13:43:13.413+0000] {manager.py:878} INFO - 
================================================================================
DAG File Processing Stats

File Path                                PID    Runtime      # DAGs    # Errors  Last Runtime    Last Run
---------------------------------------  -----  ---------  --------  ----------  --------------  -------------------
/opt/airflow/dags/minio_to_snowflake.py                           1           0  1.78s           2026-09-20T13:42:59
================================================================================
[2026-09-20T13:43:43.672+0000] {manager.py:878} INFO - 
================================================================================
DAG File Processing Stats

File Path                                PID    Runtime      # DAGs    # Errors  Last Runtime    Last Run
---------------------------------------  -----  ---------  --------  ----------  --------------  -------------------
/opt/airflow/dags/minio_to_snowflake.py                           1           0  1.26s           2026-09-20T13:43:30
================================================================================
[2026-09-20T13:44:14.173+0000] {manager.py:878} INFO - 
================================================================================
DAG File Processing Stats

File Path                                PID    Runtime      # DAGs    # Errors  Last Runtime    Last Run
---------------------------------------  -----  ---------  --------  ----------  --------------  -------------------
/opt/airflow/dags/minio_to_snowflake.py                           1           0  2.41s           2026-09-20T13:44:03
================================================================================
[2026-09-20T13:44:27.606+0000] {manager.py:737} INFO - Searching for files in /opt/airflow/dags
[2026-09-20T13:44:27.639+0000] {manager.py:740} INFO - There are 1 files in /opt/airflow/dags
[2026-09-20T13:44:44.380+0000] {manager.py:878} INFO - 
================================================================================
DAG File Processing Stats

File Path                                PID    Runtime      # DAGs    # Errors  Last Runtime    Last Run
---------------------------------------  -----  ---------  --------  ----------  --------------  -------------------
/opt/airflow/dags/minio_to_snowflake.py                           1           0  1.85s           2026-09-20T13:44:35
================================================================================
[2026-09-20T13:45:14.521+0000] {manager.py:878} INFO - 
================================================================================
DAG File Processing Stats

File Path                                PID    Runtime      # DAGs    # Errors  Last Runtime    Last Run
---------------------------------------  -----  ---------  --------  ----------  --------------  -------------------
/opt/airflow/dags/minio_to_snowflake.py                           1           0  1.67s           2026-09-20T13:45:07
================================================================================
[2026-09-20T13:45:45.162+0000] {manager.py:878} INFO - 
================================================================================
DAG File Processing Stats

File Path                                PID    Runtime      # DAGs    # Errors  Last Runtime    Last Run
---------------------------------------  -----  ---------  --------  ----------  --------------  -------------------
/opt/airflow/dags/minio_to_snowflake.py                           1           0  1.37s           2026-09-20T13:45:39
================================================================================
[2026-09-20T13:46:15.567+0000] {manager.py:878} INFO - 
================================================================================
DAG File Processing Stats

File Path                                PID    Runtime      # DAGs    # Errors  Last Runtime    Last Run
---------------------------------------  -----  ---------  --------  ----------  --------------  -------------------
/opt/airflow/dags/minio_to_snowflake.py                           1           0  1.37s           2026-09-20T13:46:10
================================================================================
[2026-09-20T13:46:45.804+0000] {manager.py:878} INFO - 
================================================================================
DAG File Processing Stats

File Path                                PID    Runtime      # DAGs    # Errors  Last Runtime    Last Run
---------------------------------------  -----  ---------  --------  ----------  --------------  -------------------
/opt/airflow/dags/minio_to_snowflake.py                           1           0  1.24s           2026-09-20T13:46:42
================================================================================
[2026-09-20T13:47:16.321+0000] {manager.py:878} INFO - 
================================================================================
DAG File Processing Stats

File Path                                PID    Runtime      # DAGs    # Errors  Last Runtime    Last Run
---------------------------------------  -----  ---------  --------  ----------  --------------  -------------------
/opt/airflow/dags/minio_to_snowflake.py                           1           0  1.39s           2026-09-20T13:47:13
================================================================================
[2026-09-20T13:47:46.911+0000] {manager.py:878} INFO - 
================================================================================
DAG File Processing Stats

File Path                                PID    Runtime      # DAGs    # Errors  Last Runtime    Last Run
---------------------------------------  -----  ---------  --------  ----------  --------------  -------------------
/opt/airflow/dags/minio_to_snowflake.py                           1           0  1.39s           2026-09-20T13:47:45
================================================================================
[2026-09-20T13:48:17.471+0000] {manager.py:878} INFO - 
================================================================================
DAG File Processing Stats

File Path                                PID    Runtime      # DAGs    # Errors  Last Runtime    Last Run
---------------------------------------  -----  ---------  --------  ----------  --------------  -------------------
/opt/airflow/dags/minio_to_snowflake.py                           1           0  1.24s           2026-09-20T13:48:16
================================================================================
[2026-09-20T13:48:47.658+0000] {manager.py:878} INFO - 
================================================================================
DAG File Processing Stats

File Path                                   PID  Runtime      # DAGs    # Errors  Last Runtime    Last Run
---------------------------------------  ------  ---------  --------  ----------  --------------  -------------------
/opt/airflow/dags/minio_to_snowflake.py  148999  0.78s             1           0  1.24s           2026-09-20T13:48:16
================================================================================
[2026-09-20T13:49:18.141+0000] {manager.py:878} INFO - 
================================================================================
DAG File Processing Stats

File Path                                   PID  Runtime      # DAGs    # Errors  Last Runtime    Last Run
---------------------------------------  ------  ---------  --------  ----------  --------------  -------------------
/opt/airflow/dags/minio_to_snowflake.py  149002  0.02s             1           0  1.11s           2026-09-20T13:48:47
================================================================================
[2026-09-20T13:49:28.203+0000] {manager.py:737} INFO - Searching for files in /opt/airflow/dags
[2026-09-20T13:49:28.248+0000] {manager.py:740} INFO - There are 1 files in /opt/airflow/dags
[2026-09-20T13:49:48.406+0000] {manager.py:878} INFO - 
================================================================================
DAG File Processing Stats

File Path                                PID    Runtime      # DAGs    # Errors  Last Runtime    Last Run
---------------------------------------  -----  ---------  --------  ----------  --------------  -------------------
/opt/airflow/dags/minio_to_snowflake.py                           1           0  1.97s           2026-09-20T13:49:20
================================================================================
[2026-09-20T13:50:19.039+0000] {manager.py:878} INFO - 
================================================================================
DAG File Processing Stats

File Path                                PID    Runtime      # DAGs    # Errors  Last Runtime    Last Run
---------------------------------------  -----  ---------  --------  ----------  --------------  -------------------
/opt/airflow/dags/minio_to_snowflake.py                           1           0  1.39s           2026-09-20T13:49:51
================================================================================
[2026-09-20T13:50:49.373+0000] {manager.py:878} INFO - 
================================================================================
DAG File Processing Stats

File Path                                PID    Runtime      # DAGs    # Errors  Last Runtime    Last Run
---------------------------------------  -----  ---------  --------  ----------  --------------  -------------------
/opt/airflow/dags/minio_to_snowflake.py                           1           0  3.93s           2026-09-20T13:50:26
================================================================================
[2026-09-20T13:51:19.624+0000] {manager.py:878} INFO - 
================================================================================
DAG File Processing Stats

File Path                                PID    Runtime      # DAGs    # Errors  Last Runtime    Last Run
---------------------------------------  -----  ---------  --------  ----------  --------------  -------------------
/opt/airflow/dags/minio_to_snowflake.py                           1           0  2.06s           2026-09-20T13:50:58
================================================================================
[2026-09-20T13:51:49.849+0000] {manager.py:878} INFO - 
================================================================================
DAG File Processing Stats

File Path                                PID    Runtime      # DAGs    # Errors  Last Runtime    Last Run
---------------------------------------  -----  ---------  --------  ----------  --------------  -------------------
/opt/airflow/dags/minio_to_snowflake.py                           1           0  2.71s           2026-09-20T13:51:31
================================================================================
[2026-09-20T13:52:20.851+0000] {manager.py:878} INFO - 
================================================================================
DAG File Processing Stats

File Path                                PID    Runtime      # DAGs    # Errors  Last Runtime    Last Run
---------------------------------------  -----  ---------  --------  ----------  --------------  -------------------
/opt/airflow/dags/minio_to_snowflake.py                           1           0  2.07s           2026-09-20T13:52:03
================================================================================
[2026-09-20T13:52:51.294+0000] {manager.py:878} INFO - 
================================================================================
DAG File Processing Stats

File Path                                PID    Runtime      # DAGs    # Errors  Last Runtime    Last Run
---------------------------------------  -----  ---------  --------  ----------  --------------  -------------------
/opt/airflow/dags/minio_to_snowflake.py                           1           0  2.47s           2026-09-20T13:52:36
================================================================================
[2026-09-20T13:53:21.304+0000] {manager.py:878} INFO - 
================================================================================
DAG File Processing Stats

File Path                                PID    Runtime      # DAGs    # Errors  Last Runtime    Last Run
---------------------------------------  -----  ---------  --------  ----------  --------------  -------------------
/opt/airflow/dags/minio_to_snowflake.py                           1           0  1.35s           2026-09-20T13:53:08
================================================================================
[2026-09-20T13:53:50.772+0000] {manager.py:452} INFO - Exiting gracefully upon receiving signal 15
[2026-09-20T13:55:13.632+0000] {manager.py:470} INFO - Processing files using up to 2 processes at a time 
[2026-09-20T13:55:13.658+0000] {manager.py:471} INFO - Process each file at most once every 30 seconds
[2026-09-20T13:55:13.666+0000] {manager.py:472} INFO - Checking for new files in /opt/airflow/dags every 300 seconds
[2026-09-20T13:55:13.678+0000] {manager.py:737} INFO - Searching for files in /opt/airflow/dags
[2026-09-20T13:55:14.101+0000] {manager.py:740} INFO - There are 1 files in /opt/airflow/dags
[2026-09-20T13:55:17.382+0000] {manager.py:878} INFO - 
================================================================================
DAG File Processing Stats

File Path                                  PID  Runtime      # DAGs    # Errors  Last Runtime    Last Run
---------------------------------------  -----  ---------  --------  ----------  --------------  ----------
/opt/airflow/dags/minio_to_snowflake.py     25  1.68s             0           0
================================================================================
[2026-09-20T13:55:47.790+0000] {manager.py:878} INFO - 
================================================================================
DAG File Processing Stats

File Path                                PID    Runtime      # DAGs    # Errors  Last Runtime    Last Run
---------------------------------------  -----  ---------  --------  ----------  --------------  -------------------
/opt/airflow/dags/minio_to_snowflake.py                           1           0  20.08s          2026-09-20T13:55:35
================================================================================
[2026-09-20T13:56:18.487+0000] {manager.py:878} INFO - 
================================================================================
DAG File Processing Stats

File Path                                  PID  Runtime      # DAGs    # Errors  Last Runtime    Last Run
---------------------------------------  -----  ---------  --------  ----------  --------------  -------------------
/opt/airflow/dags/minio_to_snowflake.py     28  12.38s            1           0  20.08s          2026-09-20T13:55:35
================================================================================
[2026-09-20T13:56:48.484+0000] {manager.py:878} INFO - 
================================================================================
DAG File Processing Stats

File Path                                PID    Runtime      # DAGs    # Errors  Last Runtime    Last Run
---------------------------------------  -----  ---------  --------  ----------  --------------  -------------------
/opt/airflow/dags/minio_to_snowflake.py                           1           0  16.22s          2026-09-20T13:56:22
================================================================================
[2026-09-20T13:57:18.958+0000] {manager.py:878} INFO - 
================================================================================
DAG File Processing Stats

File Path                                PID    Runtime      # DAGs    # Errors  Last Runtime    Last Run
---------------------------------------  -----  ---------  --------  ----------  --------------  -------------------
/opt/airflow/dags/minio_to_snowflake.py                           1           0  1.64s           2026-09-20T13:56:54
================================================================================
[2026-09-20T13:57:49.051+0000] {manager.py:878} INFO - 
================================================================================
DAG File Processing Stats

File Path                                PID    Runtime      # DAGs    # Errors  Last Runtime    Last Run
---------------------------------------  -----  ---------  --------  ----------  --------------  -------------------
/opt/airflow/dags/minio_to_snowflake.py                           1           0  1.40s           2026-09-20T13:57:25
================================================================================
[2026-09-20T13:58:19.304+0000] {manager.py:878} INFO - 
================================================================================
DAG File Processing Stats

File Path                                PID    Runtime      # DAGs    # Errors  Last Runtime    Last Run
---------------------------------------  -----  ---------  --------  ----------  --------------  -------------------
/opt/airflow/dags/minio_to_snowflake.py                           1           0  2.29s           2026-09-20T13:57:58
================================================================================
[2026-09-20T13:58:49.735+0000] {manager.py:878} INFO - 
================================================================================
DAG File Processing Stats

File Path                                PID    Runtime      # DAGs    # Errors  Last Runtime    Last Run
---------------------------------------  -----  ---------  --------  ----------  --------------  -------------------
/opt/airflow/dags/minio_to_snowflake.py                           1           0  1.18s           2026-09-20T13:58:29
================================================================================
[2026-09-20T13:59:20.145+0000] {manager.py:878} INFO - 
================================================================================
DAG File Processing Stats

File Path                                PID    Runtime      # DAGs    # Errors  Last Runtime    Last Run
---------------------------------------  -----  ---------  --------  ----------  --------------  -------------------
/opt/airflow/dags/minio_to_snowflake.py                           1           0  1.62s           2026-09-20T13:59:01
================================================================================
[2026-09-20T13:59:50.354+0000] {manager.py:878} INFO - 
================================================================================
DAG File Processing Stats

File Path                                PID    Runtime      # DAGs    # Errors  Last Runtime    Last Run
---------------------------------------  -----  ---------  --------  ----------  --------------  -------------------
/opt/airflow/dags/minio_to_snowflake.py                           1           0  1.72s           2026-09-20T13:59:23
================================================================================
[2026-09-20T14:00:13.949+0000] {manager.py:737} INFO - Searching for files in /opt/airflow/dags
[2026-09-20T14:00:14.013+0000] {manager.py:740} INFO - There are 1 files in /opt/airflow/dags
[2026-09-20T14:00:20.352+0000] {manager.py:878} INFO - 
================================================================================
DAG File Processing Stats

File Path                                PID    Runtime      # DAGs    # Errors  Last Runtime    Last Run
---------------------------------------  -----  ---------  --------  ----------  --------------  -------------------
/opt/airflow/dags/minio_to_snowflake.py                           1           0  2.12s           2026-09-20T13:59:55
================================================================================
[2026-09-20T14:00:50.517+0000] {manager.py:878} INFO - 
================================================================================
DAG File Processing Stats

File Path                                PID    Runtime      # DAGs    # Errors  Last Runtime    Last Run
---------------------------------------  -----  ---------  --------  ----------  --------------  -------------------
/opt/airflow/dags/minio_to_snowflake.py                           1           0  1.79s           2026-09-20T14:00:28
================================================================================
[2026-09-20T14:01:20.737+0000] {manager.py:878} INFO - 
================================================================================
DAG File Processing Stats

File Path                                PID    Runtime      # DAGs    # Errors  Last Runtime    Last Run
---------------------------------------  -----  ---------  --------  ----------  --------------  -------------------
/opt/airflow/dags/minio_to_snowflake.py                           1           0  1.07s           2026-09-20T14:00:59
================================================================================
[2026-09-20T14:01:50.975+0000] {manager.py:878} INFO - 
================================================================================
DAG File Processing Stats

File Path                                PID    Runtime      # DAGs    # Errors  Last Runtime    Last Run
---------------------------------------  -----  ---------  --------  ----------  --------------  -------------------
/opt/airflow/dags/minio_to_snowflake.py                           1           0  1.16s           2026-09-20T14:01:30
================================================================================
[2026-09-20T14:02:21.018+0000] {manager.py:878} INFO - 
================================================================================
DAG File Processing Stats

File Path                                PID    Runtime      # DAGs    # Errors  Last Runtime    Last Run
---------------------------------------  -----  ---------  --------  ----------  --------------  -------------------
/opt/airflow/dags/minio_to_snowflake.py                           1           0  1.81s           2026-09-20T14:02:02
================================================================================
[2026-09-20T14:02:51.723+0000] {manager.py:878} INFO - 
================================================================================
DAG File Processing Stats

File Path                                PID    Runtime      # DAGs    # Errors  Last Runtime    Last Run
---------------------------------------  -----  ---------  --------  ----------  --------------  -------------------
/opt/airflow/dags/minio_to_snowflake.py                           1           0  8.39s           2026-09-20T14:02:41
================================================================================
[2026-09-20T14:03:22.437+0000] {manager.py:878} INFO - 
================================================================================
DAG File Processing Stats

File Path                                PID    Runtime      # DAGs    # Errors  Last Runtime    Last Run
---------------------------------------  -----  ---------  --------  ----------  --------------  -------------------
/opt/airflow/dags/minio_to_snowflake.py                           1           0  9.50s           2026-09-20T14:03:21
================================================================================
[2026-09-20T14:03:52.865+0000] {manager.py:878} INFO - 
================================================================================
DAG File Processing Stats

File Path                                  PID  Runtime      # DAGs    # Errors  Last Runtime    Last Run
---------------------------------------  -----  ---------  --------  ----------  --------------  -------------------
/opt/airflow/dags/minio_to_snowflake.py   1315  1.05s             1           0  9.50s           2026-09-20T14:03:21
================================================================================
[2026-09-20T14:04:23.110+0000] {manager.py:878} INFO - 
================================================================================
DAG File Processing Stats

File Path                                PID    Runtime      # DAGs    # Errors  Last Runtime    Last Run
---------------------------------------  -----  ---------  --------  ----------  --------------  -------------------
/opt/airflow/dags/minio_to_snowflake.py                           1           0  24.27s          2026-09-20T14:04:16
================================================================================
[2026-09-20T14:04:53.372+0000] {manager.py:878} INFO - 
================================================================================
DAG File Processing Stats

File Path                                  PID  Runtime      # DAGs    # Errors  Last Runtime    Last Run
---------------------------------------  -----  ---------  --------  ----------  --------------  -------------------
/opt/airflow/dags/minio_to_snowflake.py   2209  7.07s             1           0  24.27s          2026-09-20T14:04:16
================================================================================
[2026-09-20T14:05:14.472+0000] {manager.py:737} INFO - Searching for files in /opt/airflow/dags
[2026-09-20T14:05:14.513+0000] {manager.py:740} INFO - There are 1 files in /opt/airflow/dags
[2026-09-20T14:05:23.605+0000] {manager.py:878} INFO - 
================================================================================
DAG File Processing Stats

File Path                                PID    Runtime      # DAGs    # Errors  Last Runtime    Last Run
---------------------------------------  -----  ---------  --------  ----------  --------------  -------------------
/opt/airflow/dags/minio_to_snowflake.py                           1           0  8.01s           2026-09-20T14:04:54
================================================================================
[2026-09-20T14:05:53.693+0000] {manager.py:878} INFO - 
================================================================================
DAG File Processing Stats

File Path                                PID    Runtime      # DAGs    # Errors  Last Runtime    Last Run
---------------------------------------  -----  ---------  --------  ----------  --------------  -------------------
/opt/airflow/dags/minio_to_snowflake.py                           1           0  4.91s           2026-09-20T14:05:29
================================================================================
[2026-09-20T14:06:23.919+0000] {manager.py:878} INFO - 
================================================================================
DAG File Processing Stats

File Path                                PID    Runtime      # DAGs    # Errors  Last Runtime    Last Run
---------------------------------------  -----  ---------  --------  ----------  --------------  -------------------
/opt/airflow/dags/minio_to_snowflake.py                           1           0  2.20s           2026-09-20T14:06:01
================================================================================
[2026-09-20T14:06:54.109+0000] {manager.py:878} INFO - 
================================================================================
DAG File Processing Stats

File Path                                PID    Runtime      # DAGs    # Errors  Last Runtime    Last Run
---------------------------------------  -----  ---------  --------  ----------  --------------  -------------------
/opt/airflow/dags/minio_to_snowflake.py                           1           0  1.95s           2026-09-20T14:06:33
================================================================================
[2026-09-20T14:07:24.412+0000] {manager.py:878} INFO - 
================================================================================
DAG File Processing Stats

File Path                                PID    Runtime      # DAGs    # Errors  Last Runtime    Last Run
---------------------------------------  -----  ---------  --------  ----------  --------------  -------------------
/opt/airflow/dags/minio_to_snowflake.py                           1           0  5.09s           2026-09-20T14:07:09
================================================================================
[2026-09-20T14:07:54.658+0000] {manager.py:878} INFO - 
================================================================================
DAG File Processing Stats

File Path                                PID    Runtime      # DAGs    # Errors  Last Runtime    Last Run
---------------------------------------  -----  ---------  --------  ----------  --------------  -------------------
/opt/airflow/dags/minio_to_snowflake.py                           1           0  2.02s           2026-09-20T14:07:41
================================================================================
[2026-09-20T14:08:24.947+0000] {manager.py:878} INFO - 
================================================================================
DAG File Processing Stats

File Path                                PID    Runtime      # DAGs    # Errors  Last Runtime    Last Run
---------------------------------------  -----  ---------  --------  ----------  --------------  -------------------
/opt/airflow/dags/minio_to_snowflake.py                           1           0  2.25s           2026-09-20T14:08:14
================================================================================
[2026-09-20T14:08:55.363+0000] {manager.py:878} INFO - 
================================================================================
DAG File Processing Stats

File Path                                PID    Runtime      # DAGs    # Errors  Last Runtime    Last Run
---------------------------------------  -----  ---------  --------  ----------  --------------  -------------------
/opt/airflow/dags/minio_to_snowflake.py                           1           0  3.54s           2026-09-20T14:08:47
================================================================================
[2026-09-20T14:09:25.622+0000] {manager.py:878} INFO - 
================================================================================
DAG File Processing Stats

File Path                                PID    Runtime      # DAGs    # Errors  Last Runtime    Last Run
---------------------------------------  -----  ---------  --------  ----------  --------------  -------------------
/opt/airflow/dags/minio_to_snowflake.py                           1           0  2.04s           2026-09-20T14:09:19
================================================================================
[2026-09-20T14:09:56.247+0000] {manager.py:878} INFO - 
================================================================================
DAG File Processing Stats

File Path                                PID    Runtime      # DAGs    # Errors  Last Runtime    Last Run
---------------------------------------  -----  ---------  --------  ----------  --------------  -------------------
/opt/airflow/dags/minio_to_snowflake.py                           1           0  2.21s           2026-09-20T14:09:52
================================================================================
[2026-09-20T14:10:14.568+0000] {manager.py:737} INFO - Searching for files in /opt/airflow/dags
[2026-09-20T14:10:14.608+0000] {manager.py:740} INFO - There are 1 files in /opt/airflow/dags
[2026-09-20T14:10:26.734+0000] {manager.py:878} INFO - 
================================================================================
DAG File Processing Stats

File Path                                PID    Runtime      # DAGs    # Errors  Last Runtime    Last Run
---------------------------------------  -----  ---------  --------  ----------  --------------  -------------------
/opt/airflow/dags/minio_to_snowflake.py                           1           0  1.51s           2026-09-20T14:10:24
================================================================================
[2026-09-20T14:10:57.438+0000] {manager.py:878} INFO - 
================================================================================
DAG File Processing Stats

File Path                                PID    Runtime      # DAGs    # Errors  Last Runtime    Last Run
---------------------------------------  -----  ---------  --------  ----------  --------------  -------------------
/opt/airflow/dags/minio_to_snowflake.py                           1           0  3.26s           2026-09-20T14:10:57
================================================================================
[2026-09-20T14:11:27.986+0000] {manager.py:878} INFO - 
================================================================================
DAG File Processing Stats

File Path                                  PID  Runtime      # DAGs    # Errors  Last Runtime    Last Run
---------------------------------------  -----  ---------  --------  ----------  --------------  -------------------
/opt/airflow/dags/minio_to_snowflake.py   5085  0.01s             1           0  3.26s           2026-09-20T14:10:57
================================================================================
[2026-09-20T14:11:58.304+0000] {manager.py:878} INFO - 
================================================================================
DAG File Processing Stats

File Path                                PID    Runtime      # DAGs    # Errors  Last Runtime    Last Run
---------------------------------------  -----  ---------  --------  ----------  --------------  -------------------
/opt/airflow/dags/minio_to_snowflake.py                           1           0  3.36s           2026-09-20T14:11:31
================================================================================
[2026-09-20T14:12:28.682+0000] {manager.py:878} INFO - 
================================================================================
DAG File Processing Stats

File Path                                PID    Runtime      # DAGs    # Errors  Last Runtime    Last Run
---------------------------------------  -----  ---------  --------  ----------  --------------  -------------------
/opt/airflow/dags/minio_to_snowflake.py                           1           0  2.79s           2026-09-20T14:12:04
================================================================================
[2026-09-20T14:12:58.827+0000] {manager.py:878} INFO - 
================================================================================
DAG File Processing Stats

File Path                                PID    Runtime      # DAGs    # Errors  Last Runtime    Last Run
---------------------------------------  -----  ---------  --------  ----------  --------------  -------------------
/opt/airflow/dags/minio_to_snowflake.py                           1           0  1.35s           2026-09-20T14:12:35
================================================================================
[2026-09-20T14:13:29.095+0000] {manager.py:878} INFO - 
================================================================================
DAG File Processing Stats

File Path                                PID    Runtime      # DAGs    # Errors  Last Runtime    Last Run
---------------------------------------  -----  ---------  --------  ----------  --------------  -------------------
/opt/airflow/dags/minio_to_snowflake.py                           1           0  1.51s           2026-09-20T14:13:07
================================================================================
[2026-09-20T14:13:59.446+0000] {manager.py:878} INFO - 
================================================================================
DAG File Processing Stats

File Path                                PID    Runtime      # DAGs    # Errors  Last Runtime    Last Run
---------------------------------------  -----  ---------  --------  ----------  --------------  -------------------
/opt/airflow/dags/minio_to_snowflake.py                           1           0  3.66s           2026-09-20T14:13:41
================================================================================
[2026-09-20T14:14:29.515+0000] {manager.py:878} INFO - 
================================================================================
DAG File Processing Stats

File Path                                PID    Runtime      # DAGs    # Errors  Last Runtime    Last Run
---------------------------------------  -----  ---------  --------  ----------  --------------  -------------------
/opt/airflow/dags/minio_to_snowflake.py                           1           0  7.78s           2026-09-20T14:14:19
================================================================================
[2026-09-20T14:15:00.229+0000] {manager.py:878} INFO - 
================================================================================
DAG File Processing Stats

File Path                                  PID  Runtime      # DAGs    # Errors  Last Runtime    Last Run
---------------------------------------  -----  ---------  --------  ----------  --------------  -------------------
/opt/airflow/dags/minio_to_snowflake.py   6123  10.20s            1           0  7.78s           2026-09-20T14:14:19
================================================================================
[2026-09-20T14:15:14.714+0000] {manager.py:737} INFO - Searching for files in /opt/airflow/dags
[2026-09-20T14:15:14.784+0000] {manager.py:740} INFO - There are 1 files in /opt/airflow/dags
[2026-09-20T14:15:30.689+0000] {manager.py:878} INFO - 
================================================================================
DAG File Processing Stats

File Path                                PID    Runtime      # DAGs    # Errors  Last Runtime    Last Run
---------------------------------------  -----  ---------  --------  ----------  --------------  -------------------
/opt/airflow/dags/minio_to_snowflake.py                           1           0  16.48s          2026-09-20T14:15:06
================================================================================
[2026-09-20T14:16:00.848+0000] {manager.py:878} INFO - 
================================================================================
DAG File Processing Stats

File Path                                PID    Runtime      # DAGs    # Errors  Last Runtime    Last Run
---------------------------------------  -----  ---------  --------  ----------  --------------  -------------------
/opt/airflow/dags/minio_to_snowflake.py                           1           0  2.90s           2026-09-20T14:15:39
================================================================================
[2026-09-20T14:16:31.463+0000] {manager.py:878} INFO - 
================================================================================
DAG File Processing Stats

File Path                                PID    Runtime      # DAGs    # Errors  Last Runtime    Last Run
---------------------------------------  -----  ---------  --------  ----------  --------------  -------------------
/opt/airflow/dags/minio_to_snowflake.py                           1           0  1.47s           2026-09-20T14:16:11
================================================================================
[2026-09-20T14:17:01.955+0000] {manager.py:878} INFO - 
================================================================================
DAG File Processing Stats

File Path                                PID    Runtime      # DAGs    # Errors  Last Runtime    Last Run
---------------------------------------  -----  ---------  --------  ----------  --------------  -------------------
/opt/airflow/dags/minio_to_snowflake.py                           1           0  3.12s           2026-09-20T14:16:44
================================================================================
[2026-09-20T14:17:32.274+0000] {manager.py:878} INFO - 
================================================================================
DAG File Processing Stats

File Path                                PID    Runtime      # DAGs    # Errors  Last Runtime    Last Run
---------------------------------------  -----  ---------  --------  ----------  --------------  -------------------
/opt/airflow/dags/minio_to_snowflake.py                           1           0  3.16s           2026-09-20T14:17:18
================================================================================
[2026-09-20T14:18:02.480+0000] {manager.py:878} INFO - 
================================================================================
DAG File Processing Stats

File Path                                PID    Runtime      # DAGs    # Errors  Last Runtime    Last Run
---------------------------------------  -----  ---------  --------  ----------  --------------  -------------------
/opt/airflow/dags/minio_to_snowflake.py                           1           0  2.92s           2026-09-20T14:17:51
================================================================================
[2026-09-20T14:18:32.832+0000] {manager.py:878} INFO - 
================================================================================
DAG File Processing Stats

File Path                                PID    Runtime      # DAGs    # Errors  Last Runtime    Last Run
---------------------------------------  -----  ---------  --------  ----------  --------------  -------------------
/opt/airflow/dags/minio_to_snowflake.py                           1           0  1.59s           2026-09-20T14:18:23
================================================================================
[2026-09-20T14:19:03.075+0000] {manager.py:878} INFO - 
================================================================================
DAG File Processing Stats

File Path                                PID    Runtime      # DAGs    # Errors  Last Runtime    Last Run
---------------------------------------  -----  ---------  --------  ----------  --------------  -------------------
/opt/airflow/dags/minio_to_snowflake.py                           1           0  1.65s           2026-09-20T14:18:55
================================================================================
[2026-09-20T14:19:33.446+0000] {manager.py:878} INFO - 
================================================================================
DAG File Processing Stats

File Path                                PID    Runtime      # DAGs    # Errors  Last Runtime    Last Run
---------------------------------------  -----  ---------  --------  ----------  --------------  -------------------
/opt/airflow/dags/minio_to_snowflake.py                           1           0  2.40s           2026-09-20T14:19:27
================================================================================
[2026-09-20T14:20:03.753+0000] {manager.py:878} INFO - 
================================================================================
DAG File Processing Stats

File Path                                PID    Runtime      # DAGs    # Errors  Last Runtime    Last Run
---------------------------------------  -----  ---------  --------  ----------  --------------  -------------------
/opt/airflow/dags/minio_to_snowflake.py                           1           0  3.97s           2026-09-20T14:20:01
================================================================================
[2026-09-20T14:20:14.828+0000] {manager.py:737} INFO - Searching for files in /opt/airflow/dags
[2026-09-20T14:20:14.864+0000] {manager.py:740} INFO - There are 1 files in /opt/airflow/dags
[2026-09-20T14:20:34.030+0000] {manager.py:878} INFO - 
================================================================================
DAG File Processing Stats

File Path                                  PID  Runtime      # DAGs    # Errors  Last Runtime    Last Run
---------------------------------------  -----  ---------  --------  ----------  --------------  -------------------
/opt/airflow/dags/minio_to_snowflake.py   8001  2.02s             1           0  3.97s           2026-09-20T14:20:01
================================================================================
[2026-09-20T14:21:04.268+0000] {manager.py:878} INFO - 
================================================================================
DAG File Processing Stats

File Path                                PID    Runtime      # DAGs    # Errors  Last Runtime    Last Run
---------------------------------------  -----  ---------  --------  ----------  --------------  -------------------
/opt/airflow/dags/minio_to_snowflake.py                           1           0  3.40s           2026-09-20T14:20:35
================================================================================
[2026-09-20T14:21:34.844+0000] {manager.py:878} INFO - 
================================================================================
DAG File Processing Stats

File Path                                PID    Runtime      # DAGs    # Errors  Last Runtime    Last Run
---------------------------------------  -----  ---------  --------  ----------  --------------  -------------------
/opt/airflow/dags/minio_to_snowflake.py                           1           0  2.03s           2026-09-20T14:21:07
================================================================================
[2026-09-20T14:22:05.097+0000] {manager.py:878} INFO - 
================================================================================
DAG File Processing Stats

File Path                                PID    Runtime      # DAGs    # Errors  Last Runtime    Last Run
---------------------------------------  -----  ---------  --------  ----------  --------------  -------------------
/opt/airflow/dags/minio_to_snowflake.py                           1           0  7.33s           2026-09-20T14:21:45
================================================================================
[2026-09-20T14:22:35.627+0000] {manager.py:878} INFO - 
================================================================================
DAG File Processing Stats

File Path                                PID    Runtime      # DAGs    # Errors  Last Runtime    Last Run
---------------------------------------  -----  ---------  --------  ----------  --------------  -------------------
/opt/airflow/dags/minio_to_snowflake.py                           1           0  5.16s           2026-09-20T14:22:20
================================================================================
[2026-09-20T14:23:05.907+0000] {manager.py:878} INFO - 
================================================================================
DAG File Processing Stats

File Path                                PID    Runtime      # DAGs    # Errors  Last Runtime    Last Run
---------------------------------------  -----  ---------  --------  ----------  --------------  -------------------
/opt/airflow/dags/minio_to_snowflake.py                           1           0  3.14s           2026-09-20T14:22:53
================================================================================
[2026-09-20T14:23:36.159+0000] {manager.py:878} INFO - 
================================================================================
DAG File Processing Stats

File Path                                PID    Runtime      # DAGs    # Errors  Last Runtime    Last Run
---------------------------------------  -----  ---------  --------  ----------  --------------  -------------------
/opt/airflow/dags/minio_to_snowflake.py                           1           0  2.06s           2026-09-20T14:23:26
================================================================================
[2026-09-20T14:24:06.375+0000] {manager.py:878} INFO - 
================================================================================
DAG File Processing Stats

File Path                                PID    Runtime      # DAGs    # Errors  Last Runtime    Last Run
---------------------------------------  -----  ---------  --------  ----------  --------------  -------------------
/opt/airflow/dags/minio_to_snowflake.py                           1           0  1.89s           2026-09-20T14:23:58
================================================================================
[2026-09-20T14:24:36.681+0000] {manager.py:878} INFO - 
================================================================================
DAG File Processing Stats

File Path                                PID    Runtime      # DAGs    # Errors  Last Runtime    Last Run
---------------------------------------  -----  ---------  --------  ----------  --------------  -------------------
/opt/airflow/dags/minio_to_snowflake.py                           1           0  2.10s           2026-09-20T14:24:30
================================================================================
[2026-09-20T14:25:06.888+0000] {manager.py:878} INFO - 
================================================================================
DAG File Processing Stats

File Path                                PID    Runtime      # DAGs    # Errors  Last Runtime    Last Run
---------------------------------------  -----  ---------  --------  ----------  --------------  -------------------
/opt/airflow/dags/minio_to_snowflake.py                           1           0  1.45s           2026-09-20T14:25:02
================================================================================
[2026-09-20T14:25:14.955+0000] {manager.py:737} INFO - Searching for files in /opt/airflow/dags
[2026-09-20T14:25:14.990+0000] {manager.py:740} INFO - There are 1 files in /opt/airflow/dags
[2026-09-20T14:25:37.551+0000] {manager.py:878} INFO - 
================================================================================
DAG File Processing Stats

File Path                                PID    Runtime      # DAGs    # Errors  Last Runtime    Last Run
---------------------------------------  -----  ---------  --------  ----------  --------------  -------------------
/opt/airflow/dags/minio_to_snowflake.py                           1           0  3.13s           2026-09-20T14:25:35
================================================================================
[2026-09-20T14:26:07.854+0000] {manager.py:878} INFO - 
================================================================================
DAG File Processing Stats

File Path                                  PID  Runtime      # DAGs    # Errors  Last Runtime    Last Run
---------------------------------------  -----  ---------  --------  ----------  --------------  -------------------
/opt/airflow/dags/minio_to_snowflake.py  13581  2.04s             1           0  3.13s           2026-09-20T14:25:35
================================================================================
[2026-09-20T14:26:37.904+0000] {manager.py:878} INFO - 
================================================================================
DAG File Processing Stats

File Path                                PID    Runtime      # DAGs    # Errors  Last Runtime    Last Run
---------------------------------------  -----  ---------  --------  ----------  --------------  -------------------
/opt/airflow/dags/minio_to_snowflake.py                           1           0  4.85s           2026-09-20T14:26:10
================================================================================
[2026-09-20T14:27:08.098+0000] {manager.py:878} INFO - 
================================================================================
DAG File Processing Stats

File Path                                PID    Runtime      # DAGs    # Errors  Last Runtime    Last Run
---------------------------------------  -----  ---------  --------  ----------  --------------  -------------------
/opt/airflow/dags/minio_to_snowflake.py                           1           0  9.73s           2026-09-20T14:26:50
================================================================================
[2026-09-20T14:27:38.458+0000] {manager.py:878} INFO - 
================================================================================
DAG File Processing Stats

File Path                                PID    Runtime      # DAGs    # Errors  Last Runtime    Last Run
---------------------------------------  -----  ---------  --------  ----------  --------------  -------------------
/opt/airflow/dags/minio_to_snowflake.py                           1           0  1.75s           2026-09-20T14:27:22
================================================================================
[2026-09-20T14:28:08.656+0000] {manager.py:878} INFO - 
================================================================================
DAG File Processing Stats

File Path                                PID    Runtime      # DAGs    # Errors  Last Runtime    Last Run
---------------------------------------  -----  ---------  --------  ----------  --------------  -------------------
/opt/airflow/dags/minio_to_snowflake.py                           1           0  1.75s           2026-09-20T14:27:54
================================================================================
[2026-09-20T14:28:38.943+0000] {manager.py:878} INFO - 
================================================================================
DAG File Processing Stats

File Path                                PID    Runtime      # DAGs    # Errors  Last Runtime    Last Run
---------------------------------------  -----  ---------  --------  ----------  --------------  -------------------
/opt/airflow/dags/minio_to_snowflake.py                           1           0  3.94s           2026-09-20T14:28:29
================================================================================
[2026-09-20T14:29:09.475+0000] {manager.py:878} INFO - 
================================================================================
DAG File Processing Stats

File Path                                PID    Runtime      # DAGs    # Errors  Last Runtime    Last Run
---------------------------------------  -----  ---------  --------  ----------  --------------  -------------------
/opt/airflow/dags/minio_to_snowflake.py                           1           0  2.21s           2026-09-20T14:29:01
================================================================================
[2026-09-20T14:29:39.912+0000] {manager.py:878} INFO - 
================================================================================
DAG File Processing Stats

File Path                                PID    Runtime      # DAGs    # Errors  Last Runtime    Last Run
---------------------------------------  -----  ---------  --------  ----------  --------------  -------------------
/opt/airflow/dags/minio_to_snowflake.py                           1           0  1.63s           2026-09-20T14:29:33
================================================================================
[2026-09-20T14:30:10.536+0000] {manager.py:878} INFO - 
================================================================================
DAG File Processing Stats

File Path                                PID    Runtime      # DAGs    # Errors  Last Runtime    Last Run
---------------------------------------  -----  ---------  --------  ----------  --------------  -------------------
/opt/airflow/dags/minio_to_snowflake.py                           1           0  1.37s           2026-09-20T14:30:04
================================================================================
[2026-09-20T14:30:15.569+0000] {manager.py:737} INFO - Searching for files in /opt/airflow/dags
[2026-09-20T14:30:15.598+0000] {manager.py:740} INFO - There are 1 files in /opt/airflow/dags
[2026-09-20T14:30:41.125+0000] {manager.py:878} INFO - 
================================================================================
DAG File Processing Stats

File Path                                PID    Runtime      # DAGs    # Errors  Last Runtime    Last Run
---------------------------------------  -----  ---------  --------  ----------  --------------  -------------------
/opt/airflow/dags/minio_to_snowflake.py                           1           0  2.04s           2026-09-20T14:30:37
================================================================================
[2026-09-20T14:31:11.446+0000] {manager.py:878} INFO - 
================================================================================
DAG File Processing Stats

File Path                                PID    Runtime      # DAGs    # Errors  Last Runtime    Last Run
---------------------------------------  -----  ---------  --------  ----------  --------------  -------------------
/opt/airflow/dags/minio_to_snowflake.py                           1           0  3.48s           2026-09-20T14:31:10
================================================================================
[2026-09-20T14:31:41.715+0000] {manager.py:878} INFO - 
================================================================================
DAG File Processing Stats

File Path                                  PID  Runtime      # DAGs    # Errors  Last Runtime    Last Run
---------------------------------------  -----  ---------  --------  ----------  --------------  -------------------
/opt/airflow/dags/minio_to_snowflake.py  18550  0.64s             1           0  3.48s           2026-09-20T14:31:10
================================================================================
[2026-09-20T14:32:11.790+0000] {manager.py:878} INFO - 
================================================================================
DAG File Processing Stats

File Path                                PID    Runtime      # DAGs    # Errors  Last Runtime    Last Run
---------------------------------------  -----  ---------  --------  ----------  --------------  -------------------
/opt/airflow/dags/minio_to_snowflake.py                           1           0  2.53s           2026-09-20T14:31:43
================================================================================
[2026-09-20T14:32:42.475+0000] {manager.py:878} INFO - 
================================================================================
DAG File Processing Stats

File Path                                PID    Runtime      # DAGs    # Errors  Last Runtime    Last Run
---------------------------------------  -----  ---------  --------  ----------  --------------  -------------------
/opt/airflow/dags/minio_to_snowflake.py                           1           0  1.49s           2026-09-20T14:32:15
================================================================================
[2026-09-20T14:33:12.712+0000] {manager.py:878} INFO - 
================================================================================
DAG File Processing Stats

File Path                                PID    Runtime      # DAGs    # Errors  Last Runtime    Last Run
---------------------------------------  -----  ---------  --------  ----------  --------------  -------------------
/opt/airflow/dags/minio_to_snowflake.py                           1           0  1.29s           2026-09-20T14:32:46
================================================================================
[2026-09-20T14:33:42.785+0000] {manager.py:878} INFO - 
================================================================================
DAG File Processing Stats

File Path                                PID    Runtime      # DAGs    # Errors  Last Runtime    Last Run
---------------------------------------  -----  ---------  --------  ----------  --------------  -------------------
/opt/airflow/dags/minio_to_snowflake.py                           1           0  1.56s           2026-09-20T14:33:18
================================================================================
[2026-09-20T14:34:13.486+0000] {manager.py:878} INFO - 
================================================================================
DAG File Processing Stats

File Path                                PID    Runtime      # DAGs    # Errors  Last Runtime    Last Run
---------------------------------------  -----  ---------  --------  ----------  --------------  -------------------
/opt/airflow/dags/minio_to_snowflake.py                           1           0  1.50s           2026-09-20T14:33:50
================================================================================
[2026-09-20T14:34:43.743+0000] {manager.py:878} INFO - 
================================================================================
DAG File Processing Stats

File Path                                PID    Runtime      # DAGs    # Errors  Last Runtime    Last Run
---------------------------------------  -----  ---------  --------  ----------  --------------  -------------------
/opt/airflow/dags/minio_to_snowflake.py                           1           0  1.57s           2026-09-20T14:34:22
================================================================================
[2026-09-20T14:35:14.661+0000] {manager.py:878} INFO - 
================================================================================
DAG File Processing Stats

File Path                                PID    Runtime      # DAGs    # Errors  Last Runtime    Last Run
---------------------------------------  -----  ---------  --------  ----------  --------------  -------------------
/opt/airflow/dags/minio_to_snowflake.py                           1           0  4.14s           2026-09-20T14:34:56
================================================================================
[2026-09-20T14:35:15.667+0000] {manager.py:737} INFO - Searching for files in /opt/airflow/dags
[2026-09-20T14:35:15.699+0000] {manager.py:740} INFO - There are 1 files in /opt/airflow/dags
[2026-09-20T14:35:44.939+0000] {manager.py:878} INFO - 
================================================================================
DAG File Processing Stats

File Path                                PID    Runtime      # DAGs    # Errors  Last Runtime    Last Run
---------------------------------------  -----  ---------  --------  ----------  --------------  -------------------
/opt/airflow/dags/minio_to_snowflake.py                           1           0  6.61s           2026-09-20T14:35:33
================================================================================
[2026-09-20T14:36:15.524+0000] {manager.py:878} INFO - 
================================================================================
DAG File Processing Stats

File Path                                  PID  Runtime      # DAGs    # Errors  Last Runtime    Last Run
---------------------------------------  -----  ---------  --------  ----------  --------------  -------------------
/opt/airflow/dags/minio_to_snowflake.py  22647  11.65s            1           0  6.61s           2026-09-20T14:35:33
================================================================================
[2026-09-20T14:36:45.855+0000] {manager.py:878} INFO - 
================================================================================
DAG File Processing Stats

File Path                                PID    Runtime      # DAGs    # Errors  Last Runtime    Last Run
---------------------------------------  -----  ---------  --------  ----------  --------------  -------------------
/opt/airflow/dags/minio_to_snowflake.py                           1           0  14.60s          2026-09-20T14:36:18
================================================================================
[2026-09-20T14:37:16.405+0000] {manager.py:878} INFO - 
================================================================================
DAG File Processing Stats

File Path                                PID    Runtime      # DAGs    # Errors  Last Runtime    Last Run
---------------------------------------  -----  ---------  --------  ----------  --------------  -------------------
/opt/airflow/dags/minio_to_snowflake.py                           1           0  2.64s           2026-09-20T14:36:51
================================================================================
[2026-09-20T14:37:46.602+0000] {manager.py:878} INFO - 
================================================================================
DAG File Processing Stats

File Path                                PID    Runtime      # DAGs    # Errors  Last Runtime    Last Run
---------------------------------------  -----  ---------  --------  ----------  --------------  -------------------
/opt/airflow/dags/minio_to_snowflake.py                           1           0  2.92s           2026-09-20T14:37:24
================================================================================
[2026-09-20T14:38:16.927+0000] {manager.py:878} INFO - 
================================================================================
DAG File Processing Stats

File Path                                PID    Runtime      # DAGs    # Errors  Last Runtime    Last Run
---------------------------------------  -----  ---------  --------  ----------  --------------  -------------------
/opt/airflow/dags/minio_to_snowflake.py                           1           0  2.17s           2026-09-20T14:37:56
================================================================================
[2026-09-20T14:38:47.464+0000] {manager.py:878} INFO - 
================================================================================
DAG File Processing Stats

File Path                                PID    Runtime      # DAGs    # Errors  Last Runtime    Last Run
---------------------------------------  -----  ---------  --------  ----------  --------------  -------------------
/opt/airflow/dags/minio_to_snowflake.py                           1           0  5.26s           2026-09-20T14:38:32
================================================================================
[2026-09-20T14:39:17.838+0000] {manager.py:878} INFO - 
================================================================================
DAG File Processing Stats

File Path                                PID    Runtime      # DAGs    # Errors  Last Runtime    Last Run
---------------------------------------  -----  ---------  --------  ----------  --------------  -------------------
/opt/airflow/dags/minio_to_snowflake.py                           1           0  12.14s          2026-09-20T14:39:14
================================================================================
[2026-09-20T14:39:48.219+0000] {manager.py:878} INFO - 
================================================================================
DAG File Processing Stats

File Path                                  PID  Runtime      # DAGs    # Errors  Last Runtime    Last Run
---------------------------------------  -----  ---------  --------  ----------  --------------  -------------------
/opt/airflow/dags/minio_to_snowflake.py  25442  3.06s             1           0  12.14s          2026-09-20T14:39:14
================================================================================
[2026-09-20T14:40:16.020+0000] {manager.py:737} INFO - Searching for files in /opt/airflow/dags
[2026-09-20T14:40:16.066+0000] {manager.py:740} INFO - There are 1 files in /opt/airflow/dags
[2026-09-20T14:40:18.490+0000] {manager.py:878} INFO - 
================================================================================
DAG File Processing Stats

File Path                                PID    Runtime      # DAGs    # Errors  Last Runtime    Last Run
---------------------------------------  -----  ---------  --------  ----------  --------------  -------------------
/opt/airflow/dags/minio_to_snowflake.py                           1           0  3.67s           2026-09-20T14:39:48
================================================================================
[2026-09-20T14:40:48.702+0000] {manager.py:878} INFO - 
================================================================================
DAG File Processing Stats

File Path                                PID    Runtime      # DAGs    # Errors  Last Runtime    Last Run
---------------------------------------  -----  ---------  --------  ----------  --------------  -------------------
/opt/airflow/dags/minio_to_snowflake.py                           1           0  1.29s           2026-09-20T14:40:20
================================================================================
[2026-09-20T14:41:18.965+0000] {manager.py:878} INFO - 
================================================================================
DAG File Processing Stats

File Path                                PID    Runtime      # DAGs    # Errors  Last Runtime    Last Run
---------------------------------------  -----  ---------  --------  ----------  --------------  -------------------
/opt/airflow/dags/minio_to_snowflake.py                           1           0  2.49s           2026-09-20T14:40:52
================================================================================
[2026-09-20T14:41:49.291+0000] {manager.py:878} INFO - 
================================================================================
DAG File Processing Stats

File Path                                PID    Runtime      # DAGs    # Errors  Last Runtime    Last Run
---------------------------------------  -----  ---------  --------  ----------  --------------  -------------------
/opt/airflow/dags/minio_to_snowflake.py                           1           0  3.14s           2026-09-20T14:41:26
================================================================================
[2026-09-20T14:42:19.600+0000] {manager.py:878} INFO - 
================================================================================
DAG File Processing Stats

File Path                                PID    Runtime      # DAGs    # Errors  Last Runtime    Last Run
---------------------------------------  -----  ---------  --------  ----------  --------------  -------------------
/opt/airflow/dags/minio_to_snowflake.py                           1           0  2.48s           2026-09-20T14:41:58
================================================================================
[2026-09-20T14:42:50.471+0000] {manager.py:878} INFO - 
================================================================================
DAG File Processing Stats

File Path                                PID    Runtime      # DAGs    # Errors  Last Runtime    Last Run
---------------------------------------  -----  ---------  --------  ----------  --------------  -------------------
/opt/airflow/dags/minio_to_snowflake.py                           1           0  5.24s           2026-09-20T14:42:34
================================================================================
[2026-09-20T14:43:20.957+0000] {manager.py:878} INFO - 
================================================================================
DAG File Processing Stats

File Path                                PID    Runtime      # DAGs    # Errors  Last Runtime    Last Run
---------------------------------------  -----  ---------  --------  ----------  --------------  -------------------
/opt/airflow/dags/minio_to_snowflake.py                           1           0  8.03s           2026-09-20T14:43:12
================================================================================
[2026-09-20T14:43:51.568+0000] {manager.py:878} INFO - 
================================================================================
DAG File Processing Stats

File Path                                  PID  Runtime      # DAGs    # Errors  Last Runtime    Last Run
---------------------------------------  -----  ---------  --------  ----------  --------------  -------------------
/opt/airflow/dags/minio_to_snowflake.py  28432  7.44s             1           0  8.03s           2026-09-20T14:43:12
================================================================================
[2026-09-20T14:44:22.177+0000] {manager.py:878} INFO - 
================================================================================
DAG File Processing Stats

File Path                                PID    Runtime      # DAGs    # Errors  Last Runtime    Last Run
---------------------------------------  -----  ---------  --------  ----------  --------------  -------------------
/opt/airflow/dags/minio_to_snowflake.py                           1           0  33.07s          2026-09-20T14:44:17
================================================================================
[2026-09-20T14:44:52.617+0000] {manager.py:878} INFO - 
================================================================================
DAG File Processing Stats

File Path                                  PID  Runtime      # DAGs    # Errors  Last Runtime    Last Run
---------------------------------------  -----  ---------  --------  ----------  --------------  -------------------
/opt/airflow/dags/minio_to_snowflake.py  28512  5.05s             1           0  33.07s          2026-09-20T14:44:17
================================================================================
[2026-09-20T14:45:16.114+0000] {manager.py:737} INFO - Searching for files in /opt/airflow/dags
[2026-09-20T14:45:16.157+0000] {manager.py:740} INFO - There are 1 files in /opt/airflow/dags
[2026-09-20T14:45:22.856+0000] {manager.py:878} INFO - 
================================================================================
DAG File Processing Stats

File Path                                PID    Runtime      # DAGs    # Errors  Last Runtime    Last Run
---------------------------------------  -----  ---------  --------  ----------  --------------  -------------------
/opt/airflow/dags/minio_to_snowflake.py                           1           0  6.41s           2026-09-20T14:44:53
================================================================================
[2026-09-20T14:45:53.096+0000] {manager.py:878} INFO - 
================================================================================
DAG File Processing Stats

File Path                                PID    Runtime      # DAGs    # Errors  Last Runtime    Last Run
---------------------------------------  -----  ---------  --------  ----------  --------------  -------------------
/opt/airflow/dags/minio_to_snowflake.py                           1           0  1.92s           2026-09-20T14:45:26
================================================================================
[2026-09-20T14:46:23.381+0000] {manager.py:878} INFO - 
================================================================================
DAG File Processing Stats

File Path                                PID    Runtime      # DAGs    # Errors  Last Runtime    Last Run
---------------------------------------  -----  ---------  --------  ----------  --------------  -------------------
/opt/airflow/dags/minio_to_snowflake.py                           1           0  1.84s           2026-09-20T14:45:58
================================================================================
[2026-09-20T14:46:54.353+0000] {manager.py:878} INFO - 
================================================================================
DAG File Processing Stats

File Path                                PID    Runtime      # DAGs    # Errors  Last Runtime    Last Run
---------------------------------------  -----  ---------  --------  ----------  --------------  -------------------
/opt/airflow/dags/minio_to_snowflake.py                           1           0  5.41s           2026-09-20T14:46:33
================================================================================
[2026-09-20T14:47:25.165+0000] {manager.py:878} INFO - 
================================================================================
DAG File Processing Stats

File Path                                PID    Runtime      # DAGs    # Errors  Last Runtime    Last Run
---------------------------------------  -----  ---------  --------  ----------  --------------  -------------------
/opt/airflow/dags/minio_to_snowflake.py                           1           0  19.27s          2026-09-20T14:47:24
================================================================================
[2026-09-20T14:47:55.551+0000] {manager.py:878} INFO - 
================================================================================
DAG File Processing Stats

File Path                                  PID  Runtime      # DAGs    # Errors  Last Runtime    Last Run
---------------------------------------  -----  ---------  --------  ----------  --------------  -------------------
/opt/airflow/dags/minio_to_snowflake.py  29461  1.03s             1           0  19.27s          2026-09-20T14:47:24
================================================================================
[2026-09-20T14:48:25.854+0000] {manager.py:878} INFO - 
================================================================================
DAG File Processing Stats

File Path                                PID    Runtime      # DAGs    # Errors  Last Runtime    Last Run
---------------------------------------  -----  ---------  --------  ----------  --------------  -------------------
/opt/airflow/dags/minio_to_snowflake.py                           1           0  2.15s           2026-09-20T14:47:56
================================================================================
[2026-09-20T14:48:55.932+0000] {manager.py:878} INFO - 
================================================================================
DAG File Processing Stats

File Path                                PID    Runtime      # DAGs    # Errors  Last Runtime    Last Run
---------------------------------------  -----  ---------  --------  ----------  --------------  -------------------
/opt/airflow/dags/minio_to_snowflake.py                           1           0  1.78s           2026-09-20T14:48:28
================================================================================
[2026-09-20T14:49:26.435+0000] {manager.py:878} INFO - 
================================================================================
DAG File Processing Stats

File Path                                PID    Runtime      # DAGs    # Errors  Last Runtime    Last Run
---------------------------------------  -----  ---------  --------  ----------  --------------  -------------------
/opt/airflow/dags/minio_to_snowflake.py                           1           0  7.37s           2026-09-20T14:49:06
================================================================================
[2026-09-20T14:49:56.479+0000] {manager.py:878} INFO - 
================================================================================
DAG File Processing Stats

File Path                                PID    Runtime      # DAGs    # Errors  Last Runtime    Last Run
---------------------------------------  -----  ---------  --------  ----------  --------------  -------------------
/opt/airflow/dags/minio_to_snowflake.py                           1           0  7.73s           2026-09-20T14:49:44
================================================================================
[2026-09-20T14:50:16.403+0000] {manager.py:737} INFO - Searching for files in /opt/airflow/dags
[2026-09-20T14:50:16.557+0000] {manager.py:740} INFO - There are 1 files in /opt/airflow/dags
[2026-09-20T14:50:26.615+0000] {manager.py:878} INFO - 
================================================================================
DAG File Processing Stats

File Path                                PID    Runtime      # DAGs    # Errors  Last Runtime    Last Run
---------------------------------------  -----  ---------  --------  ----------  --------------  -------------------
/opt/airflow/dags/minio_to_snowflake.py                           1           0  3.74s           2026-09-20T14:50:18
================================================================================
[2026-09-20T14:50:57.206+0000] {manager.py:878} INFO - 
================================================================================
DAG File Processing Stats

File Path                                PID    Runtime      # DAGs    # Errors  Last Runtime    Last Run
---------------------------------------  -----  ---------  --------  ----------  --------------  -------------------
/opt/airflow/dags/minio_to_snowflake.py                           1           0  3.35s           2026-09-20T14:50:52
================================================================================
[2026-09-20T14:51:27.347+0000] {manager.py:878} INFO - 
================================================================================
DAG File Processing Stats

File Path                                PID    Runtime      # DAGs    # Errors  Last Runtime    Last Run
---------------------------------------  -----  ---------  --------  ----------  --------------  -------------------
/opt/airflow/dags/minio_to_snowflake.py                           1           0  2.92s           2026-09-20T14:51:25
================================================================================
[2026-09-20T14:51:57.601+0000] {manager.py:878} INFO - 
================================================================================
DAG File Processing Stats

File Path                                  PID  Runtime      # DAGs    # Errors  Last Runtime    Last Run
---------------------------------------  -----  ---------  --------  ----------  --------------  -------------------
/opt/airflow/dags/minio_to_snowflake.py  33421  2.03s             1           0  2.92s           2026-09-20T14:51:25
================================================================================
[2026-09-20T14:52:27.911+0000] {manager.py:878} INFO - 
================================================================================
DAG File Processing Stats

File Path                                PID    Runtime      # DAGs    # Errors  Last Runtime    Last Run
---------------------------------------  -----  ---------  --------  ----------  --------------  -------------------
/opt/airflow/dags/minio_to_snowflake.py                           1           0  4.15s           2026-09-20T14:51:59
================================================================================
[2026-09-20T14:52:58.218+0000] {manager.py:878} INFO - 
================================================================================
DAG File Processing Stats

File Path                                PID    Runtime      # DAGs    # Errors  Last Runtime    Last Run
---------------------------------------  -----  ---------  --------  ----------  --------------  -------------------
/opt/airflow/dags/minio_to_snowflake.py                           1           0  8.15s           2026-09-20T14:52:38
================================================================================
[2026-09-20T14:53:28.459+0000] {manager.py:878} INFO - 
================================================================================
DAG File Processing Stats

File Path                                PID    Runtime      # DAGs    # Errors  Last Runtime    Last Run
---------------------------------------  -----  ---------  --------  ----------  --------------  -------------------
/opt/airflow/dags/minio_to_snowflake.py                           1           0  2.43s           2026-09-20T14:53:10
================================================================================
[2026-09-20T14:53:59.067+0000] {manager.py:878} INFO - 
================================================================================
DAG File Processing Stats

File Path                                PID    Runtime      # DAGs    # Errors  Last Runtime    Last Run
---------------------------------------  -----  ---------  --------  ----------  --------------  -------------------
/opt/airflow/dags/minio_to_snowflake.py                           1           0  1.22s           2026-09-20T14:53:42
================================================================================
[2026-09-20T14:54:29.480+0000] {manager.py:878} INFO - 
================================================================================
DAG File Processing Stats

File Path                                PID    Runtime      # DAGs    # Errors  Last Runtime    Last Run
---------------------------------------  -----  ---------  --------  ----------  --------------  -------------------
/opt/airflow/dags/minio_to_snowflake.py                           1           0  1.26s           2026-09-20T14:54:13
================================================================================
[2026-09-20T14:54:59.792+0000] {manager.py:878} INFO - 
================================================================================
DAG File Processing Stats

File Path                                PID    Runtime      # DAGs    # Errors  Last Runtime    Last Run
---------------------------------------  -----  ---------  --------  ----------  --------------  -------------------
/opt/airflow/dags/minio_to_snowflake.py                           1           0  1.26s           2026-09-20T14:54:44
================================================================================
[2026-09-20T14:55:16.957+0000] {manager.py:737} INFO - Searching for files in /opt/airflow/dags
[2026-09-20T14:55:17.007+0000] {manager.py:740} INFO - There are 1 files in /opt/airflow/dags
[2026-09-20T14:55:29.824+0000] {manager.py:878} INFO - 
================================================================================
DAG File Processing Stats

File Path                                PID    Runtime      # DAGs    # Errors  Last Runtime    Last Run
---------------------------------------  -----  ---------  --------  ----------  --------------  -------------------
/opt/airflow/dags/minio_to_snowflake.py                           1           0  2.83s           2026-09-20T14:55:17
================================================================================
[2026-09-20T14:56:00.049+0000] {manager.py:878} INFO - 
================================================================================
DAG File Processing Stats

File Path                                PID    Runtime      # DAGs    # Errors  Last Runtime    Last Run
---------------------------------------  -----  ---------  --------  ----------  --------------  -------------------
/opt/airflow/dags/minio_to_snowflake.py                           1           0  1.27s           2026-09-20T14:55:49
================================================================================
[2026-09-20T14:56:30.538+0000] {manager.py:878} INFO - 
================================================================================
DAG File Processing Stats

File Path                                PID    Runtime      # DAGs    # Errors  Last Runtime    Last Run
---------------------------------------  -----  ---------  --------  ----------  --------------  -------------------
/opt/airflow/dags/minio_to_snowflake.py                           1           0  1.28s           2026-09-20T14:56:20
================================================================================
[2026-09-20T14:57:00.764+0000] {manager.py:878} INFO - 
================================================================================
DAG File Processing Stats

File Path                                PID    Runtime      # DAGs    # Errors  Last Runtime    Last Run
---------------------------------------  -----  ---------  --------  ----------  --------------  -------------------
/opt/airflow/dags/minio_to_snowflake.py                           1           0  2.00s           2026-09-20T14:56:52
================================================================================
[2026-09-20T14:57:31.042+0000] {manager.py:878} INFO - 
================================================================================
DAG File Processing Stats

File Path                                PID    Runtime      # DAGs    # Errors  Last Runtime    Last Run
---------------------------------------  -----  ---------  --------  ----------  --------------  -------------------
/opt/airflow/dags/minio_to_snowflake.py                           1           0  2.15s           2026-09-20T14:57:25
================================================================================
[2026-09-20T14:58:01.375+0000] {manager.py:878} INFO - 
================================================================================
DAG File Processing Stats

File Path                                PID    Runtime      # DAGs    # Errors  Last Runtime    Last Run
---------------------------------------  -----  ---------  --------  ----------  --------------  -------------------
/opt/airflow/dags/minio_to_snowflake.py                           1           0  1.26s           2026-09-20T14:57:56
================================================================================
[2026-09-20T14:58:31.706+0000] {manager.py:878} INFO - 
================================================================================
DAG File Processing Stats

File Path                                PID    Runtime      # DAGs    # Errors  Last Runtime    Last Run
---------------------------------------  -----  ---------  --------  ----------  --------------  -------------------
/opt/airflow/dags/minio_to_snowflake.py                           1           0  2.37s           2026-09-20T14:58:28
================================================================================
[2026-09-20T14:59:01.947+0000] {manager.py:878} INFO - 
================================================================================
DAG File Processing Stats

File Path                                  PID  Runtime      # DAGs    # Errors  Last Runtime    Last Run
---------------------------------------  -----  ---------  --------  ----------  --------------  -------------------
/opt/airflow/dags/minio_to_snowflake.py  40738  2.79s             1           0  2.37s           2026-09-20T14:58:28
================================================================================
[2026-09-20T14:59:32.234+0000] {manager.py:878} INFO - 
================================================================================
DAG File Processing Stats

File Path                                PID    Runtime      # DAGs    # Errors  Last Runtime    Last Run
---------------------------------------  -----  ---------  --------  ----------  --------------  -------------------
/opt/airflow/dags/minio_to_snowflake.py                           1           0  3.96s           2026-09-20T14:59:03
================================================================================
[2026-09-20T15:00:02.266+0000] {manager.py:878} INFO - 
================================================================================
DAG File Processing Stats

File Path                                PID    Runtime      # DAGs    # Errors  Last Runtime    Last Run
---------------------------------------  -----  ---------  --------  ----------  --------------  -------------------
/opt/airflow/dags/minio_to_snowflake.py                           1           0  7.73s           2026-09-20T14:59:41
================================================================================
[2026-09-20T15:00:17.134+0000] {manager.py:737} INFO - Searching for files in /opt/airflow/dags
[2026-09-20T15:00:17.271+0000] {manager.py:740} INFO - There are 1 files in /opt/airflow/dags
[2026-09-20T15:00:32.474+0000] {manager.py:878} INFO - 
================================================================================
DAG File Processing Stats

File Path                                PID    Runtime      # DAGs    # Errors  Last Runtime    Last Run
---------------------------------------  -----  ---------  --------  ----------  --------------  -------------------
/opt/airflow/dags/minio_to_snowflake.py                           1           0  1.71s           2026-09-20T15:00:13
================================================================================
[2026-09-20T15:01:02.621+0000] {manager.py:878} INFO - 
================================================================================
DAG File Processing Stats

File Path                                PID    Runtime      # DAGs    # Errors  Last Runtime    Last Run
---------------------------------------  -----  ---------  --------  ----------  --------------  -------------------
/opt/airflow/dags/minio_to_snowflake.py                           1           0  1.90s           2026-09-20T15:00:45
================================================================================
[2026-09-20T15:01:33.450+0000] {manager.py:878} INFO - 
================================================================================
DAG File Processing Stats

File Path                                PID    Runtime      # DAGs    # Errors  Last Runtime    Last Run
---------------------------------------  -----  ---------  --------  ----------  --------------  -------------------
/opt/airflow/dags/minio_to_snowflake.py                           1           0  2.68s           2026-09-20T15:01:18
================================================================================
[2026-09-20T15:02:03.817+0000] {manager.py:878} INFO - 
================================================================================
DAG File Processing Stats

File Path                                PID    Runtime      # DAGs    # Errors  Last Runtime    Last Run
---------------------------------------  -----  ---------  --------  ----------  --------------  -------------------
/opt/airflow/dags/minio_to_snowflake.py                           1           0  3.19s           2026-09-20T15:01:51
================================================================================
[2026-09-20T15:02:34.127+0000] {manager.py:878} INFO - 
================================================================================
DAG File Processing Stats

File Path                                PID    Runtime      # DAGs    # Errors  Last Runtime    Last Run
---------------------------------------  -----  ---------  --------  ----------  --------------  -------------------
/opt/airflow/dags/minio_to_snowflake.py                           1           0  1.42s           2026-09-20T15:02:23
================================================================================
[2026-09-20T15:03:04.620+0000] {manager.py:878} INFO - 
================================================================================
DAG File Processing Stats

File Path                                PID    Runtime      # DAGs    # Errors  Last Runtime    Last Run
---------------------------------------  -----  ---------  --------  ----------  --------------  -------------------
/opt/airflow/dags/minio_to_snowflake.py                           1           0  3.51s           2026-09-20T15:02:56
================================================================================
[2026-09-20T15:03:34.668+0000] {manager.py:878} INFO - 
================================================================================
DAG File Processing Stats

File Path                                PID    Runtime      # DAGs    # Errors  Last Runtime    Last Run
---------------------------------------  -----  ---------  --------  ----------  --------------  -------------------
/opt/airflow/dags/minio_to_snowflake.py                           1           0  1.46s           2026-09-20T15:03:28
================================================================================
[2026-09-20T15:04:04.887+0000] {manager.py:878} INFO - 
================================================================================
DAG File Processing Stats

File Path                                PID    Runtime      # DAGs    # Errors  Last Runtime    Last Run
---------------------------------------  -----  ---------  --------  ----------  --------------  -------------------
/opt/airflow/dags/minio_to_snowflake.py                           1           0  1.82s           2026-09-20T15:04:00
================================================================================
[2026-09-20T15:04:35.240+0000] {manager.py:878} INFO - 
================================================================================
DAG File Processing Stats

File Path                                PID    Runtime      # DAGs    # Errors  Last Runtime    Last Run
---------------------------------------  -----  ---------  --------  ----------  --------------  -------------------
/opt/airflow/dags/minio_to_snowflake.py                           1           0  1.39s           2026-09-20T15:04:32
================================================================================
[2026-09-20T15:05:05.465+0000] {manager.py:878} INFO - 
================================================================================
DAG File Processing Stats

File Path                                PID    Runtime      # DAGs    # Errors  Last Runtime    Last Run
---------------------------------------  -----  ---------  --------  ----------  --------------  -------------------
/opt/airflow/dags/minio_to_snowflake.py                           1           0  1.62s           2026-09-20T15:05:04
================================================================================
[2026-09-20T15:05:17.152+0000] {manager.py:737} INFO - Searching for files in /opt/airflow/dags
[2026-09-20T15:05:17.194+0000] {manager.py:740} INFO - There are 1 files in /opt/airflow/dags
[2026-09-20T15:05:35.764+0000] {manager.py:878} INFO - 
================================================================================
DAG File Processing Stats

File Path                                  PID  Runtime      # DAGs    # Errors  Last Runtime    Last Run
---------------------------------------  -----  ---------  --------  ----------  --------------  -------------------
/opt/airflow/dags/minio_to_snowflake.py  46687  1.35s             1           0  1.62s           2026-09-20T15:05:04
================================================================================
[2026-09-20T15:06:05.977+0000] {manager.py:878} INFO - 
================================================================================
DAG File Processing Stats

File Path                                PID    Runtime      # DAGs    # Errors  Last Runtime    Last Run
---------------------------------------  -----  ---------  --------  ----------  --------------  -------------------
/opt/airflow/dags/minio_to_snowflake.py                           1           0  6.78s           2026-09-20T15:05:41
================================================================================
[2026-09-20T15:06:36.205+0000] {manager.py:878} INFO - 
================================================================================
DAG File Processing Stats

File Path                                PID    Runtime      # DAGs    # Errors  Last Runtime    Last Run
---------------------------------------  -----  ---------  --------  ----------  --------------  -------------------
/opt/airflow/dags/minio_to_snowflake.py                           1           0  2.99s           2026-09-20T15:06:14
================================================================================
[2026-09-20T15:07:06.903+0000] {manager.py:878} INFO - 
================================================================================
DAG File Processing Stats

File Path                                PID    Runtime      # DAGs    # Errors  Last Runtime    Last Run
---------------------------------------  -----  ---------  --------  ----------  --------------  -------------------
/opt/airflow/dags/minio_to_snowflake.py                           1           0  2.03s           2026-09-20T15:06:46
================================================================================
[2026-09-20T15:07:37.144+0000] {manager.py:878} INFO - 
================================================================================
DAG File Processing Stats

File Path                                PID    Runtime      # DAGs    # Errors  Last Runtime    Last Run
---------------------------------------  -----  ---------  --------  ----------  --------------  -------------------
/opt/airflow/dags/minio_to_snowflake.py                           1           0  2.03s           2026-09-20T15:07:19
================================================================================
[2026-09-20T15:08:07.384+0000] {manager.py:878} INFO - 
================================================================================
DAG File Processing Stats

File Path                                PID    Runtime      # DAGs    # Errors  Last Runtime    Last Run
---------------------------------------  -----  ---------  --------  ----------  --------------  -------------------
/opt/airflow/dags/minio_to_snowflake.py                           1           0  1.76s           2026-09-20T15:07:51
================================================================================
[2026-09-20T15:08:37.393+0000] {manager.py:878} INFO - 
================================================================================
DAG File Processing Stats

File Path                                PID    Runtime      # DAGs    # Errors  Last Runtime    Last Run
---------------------------------------  -----  ---------  --------  ----------  --------------  -------------------
/opt/airflow/dags/minio_to_snowflake.py                           1           0  2.03s           2026-09-20T15:08:23
================================================================================
[2026-09-20T15:09:07.411+0000] {manager.py:878} INFO - 
================================================================================
DAG File Processing Stats

File Path                                PID    Runtime      # DAGs    # Errors  Last Runtime    Last Run
---------------------------------------  -----  ---------  --------  ----------  --------------  -------------------
/opt/airflow/dags/minio_to_snowflake.py                           1           0  3.65s           2026-09-20T15:08:57
================================================================================
[2026-09-20T15:09:37.478+0000] {manager.py:878} INFO - 
================================================================================
DAG File Processing Stats

File Path                                PID    Runtime      # DAGs    # Errors  Last Runtime    Last Run
---------------------------------------  -----  ---------  --------  ----------  --------------  -------------------
/opt/airflow/dags/minio_to_snowflake.py                           1           0  8.55s           2026-09-20T15:09:36
================================================================================
[2026-09-20T15:10:07.692+0000] {manager.py:878} INFO - 
================================================================================
DAG File Processing Stats

File Path                                  PID  Runtime      # DAGs    # Errors  Last Runtime    Last Run
---------------------------------------  -----  ---------  --------  ----------  --------------  -------------------
/opt/airflow/dags/minio_to_snowflake.py  50147  0.59s             1           0  8.55s           2026-09-20T15:09:36
================================================================================
[2026-09-20T15:10:17.757+0000] {manager.py:737} INFO - Searching for files in /opt/airflow/dags
[2026-09-20T15:10:17.810+0000] {manager.py:740} INFO - There are 1 files in /opt/airflow/dags
[2026-09-20T15:10:37.969+0000] {manager.py:878} INFO - 
================================================================================
DAG File Processing Stats

File Path                                PID    Runtime      # DAGs    # Errors  Last Runtime    Last Run
---------------------------------------  -----  ---------  --------  ----------  --------------  -------------------
/opt/airflow/dags/minio_to_snowflake.py                           1           0  1.91s           2026-09-20T15:10:09
================================================================================
[2026-09-20T15:11:08.714+0000] {manager.py:878} INFO - 
================================================================================
DAG File Processing Stats

File Path                                PID    Runtime      # DAGs    # Errors  Last Runtime    Last Run
---------------------------------------  -----  ---------  --------  ----------  --------------  -------------------
/opt/airflow/dags/minio_to_snowflake.py                           1           0  2.35s           2026-09-20T15:10:41
================================================================================
[2026-09-20T15:11:38.733+0000] {manager.py:878} INFO - 
================================================================================
DAG File Processing Stats

File Path                                PID    Runtime      # DAGs    # Errors  Last Runtime    Last Run
---------------------------------------  -----  ---------  --------  ----------  --------------  -------------------
/opt/airflow/dags/minio_to_snowflake.py                           1           0  1.79s           2026-09-20T15:11:13
================================================================================
[2026-09-20T15:12:08.814+0000] {manager.py:878} INFO - 
================================================================================
DAG File Processing Stats

File Path                                PID    Runtime      # DAGs    # Errors  Last Runtime    Last Run
---------------------------------------  -----  ---------  --------  ----------  --------------  -------------------
/opt/airflow/dags/minio_to_snowflake.py                           1           0  1.81s           2026-09-20T15:11:45
================================================================================
[2026-09-20T15:12:39.107+0000] {manager.py:878} INFO - 
================================================================================
DAG File Processing Stats

File Path                                PID    Runtime      # DAGs    # Errors  Last Runtime    Last Run
---------------------------------------  -----  ---------  --------  ----------  --------------  -------------------
/opt/airflow/dags/minio_to_snowflake.py                           1           0  5.30s           2026-09-20T15:12:21
================================================================================
[2026-09-20T15:13:09.605+0000] {manager.py:878} INFO - 
================================================================================
DAG File Processing Stats

File Path                                PID    Runtime      # DAGs    # Errors  Last Runtime    Last Run
---------------------------------------  -----  ---------  --------  ----------  --------------  -------------------
/opt/airflow/dags/minio_to_snowflake.py                           1           0  2.25s           2026-09-20T15:12:53
================================================================================
[2026-09-20T15:13:39.834+0000] {manager.py:878} INFO - 
================================================================================
DAG File Processing Stats

File Path                                PID    Runtime      # DAGs    # Errors  Last Runtime    Last Run
---------------------------------------  -----  ---------  --------  ----------  --------------  -------------------
/opt/airflow/dags/minio_to_snowflake.py                           1           0  2.01s           2026-09-20T15:13:25
================================================================================
[2026-09-20T15:14:09.950+0000] {manager.py:878} INFO - 
================================================================================
DAG File Processing Stats

File Path                                PID    Runtime      # DAGs    # Errors  Last Runtime    Last Run
---------------------------------------  -----  ---------  --------  ----------  --------------  -------------------
/opt/airflow/dags/minio_to_snowflake.py                           1           0  1.84s           2026-09-20T15:13:57
================================================================================
[2026-09-20T15:14:40.160+0000] {manager.py:878} INFO - 
================================================================================
DAG File Processing Stats

File Path                                PID    Runtime      # DAGs    # Errors  Last Runtime    Last Run
---------------------------------------  -----  ---------  --------  ----------  --------------  -------------------
/opt/airflow/dags/minio_to_snowflake.py                           1           0  1.91s           2026-09-20T15:14:29
================================================================================
[2026-09-20T15:15:10.251+0000] {manager.py:878} INFO - 
================================================================================
DAG File Processing Stats

File Path                                PID    Runtime      # DAGs    # Errors  Last Runtime    Last Run
---------------------------------------  -----  ---------  --------  ----------  --------------  -------------------
/opt/airflow/dags/minio_to_snowflake.py                           1           0  1.71s           2026-09-20T15:15:02
================================================================================
[2026-09-20T15:15:17.829+0000] {manager.py:737} INFO - Searching for files in /opt/airflow/dags
[2026-09-20T15:15:18.004+0000] {manager.py:740} INFO - There are 1 files in /opt/airflow/dags
[2026-09-20T15:15:40.581+0000] {manager.py:878} INFO - 
================================================================================
DAG File Processing Stats

File Path                                PID    Runtime      # DAGs    # Errors  Last Runtime    Last Run
---------------------------------------  -----  ---------  --------  ----------  --------------  -------------------
/opt/airflow/dags/minio_to_snowflake.py                           1           0  6.31s           2026-09-20T15:15:38
================================================================================
[2026-09-20T15:16:11.197+0000] {manager.py:878} INFO - 
================================================================================
DAG File Processing Stats

File Path                                  PID  Runtime      # DAGs    # Errors  Last Runtime    Last Run
---------------------------------------  -----  ---------  --------  ----------  --------------  -------------------
/opt/airflow/dags/minio_to_snowflake.py  55802  2.07s             1           0  6.31s           2026-09-20T15:15:38
================================================================================
[2026-09-20T15:16:41.781+0000] {manager.py:878} INFO - 
================================================================================
DAG File Processing Stats

File Path                                PID    Runtime      # DAGs    # Errors  Last Runtime    Last Run
---------------------------------------  -----  ---------  --------  ----------  --------------  -------------------
/opt/airflow/dags/minio_to_snowflake.py                           1           0  4.19s           2026-09-20T15:16:13
================================================================================
[2026-09-20T15:17:12.146+0000] {manager.py:878} INFO - 
================================================================================
DAG File Processing Stats

File Path                                PID    Runtime      # DAGs    # Errors  Last Runtime    Last Run
---------------------------------------  -----  ---------  --------  ----------  --------------  -------------------
/opt/airflow/dags/minio_to_snowflake.py                           1           0  7.55s           2026-09-20T15:16:51
================================================================================
[2026-09-20T15:17:42.350+0000] {manager.py:878} INFO - 
================================================================================
DAG File Processing Stats

File Path                                PID    Runtime      # DAGs    # Errors  Last Runtime    Last Run
---------------------------------------  -----  ---------  --------  ----------  --------------  -------------------
/opt/airflow/dags/minio_to_snowflake.py                           1           0  2.81s           2026-09-20T15:17:24
================================================================================
[2026-09-20T15:18:12.757+0000] {manager.py:878} INFO - 
================================================================================
DAG File Processing Stats

File Path                                PID    Runtime      # DAGs    # Errors  Last Runtime    Last Run
---------------------------------------  -----  ---------  --------  ----------  --------------  -------------------
/opt/airflow/dags/minio_to_snowflake.py                           1           0  1.35s           2026-09-20T15:17:55
================================================================================
[2026-09-20T15:18:42.806+0000] {manager.py:878} INFO - 
================================================================================
DAG File Processing Stats

File Path                                PID    Runtime      # DAGs    # Errors  Last Runtime    Last Run
---------------------------------------  -----  ---------  --------  ----------  --------------  -------------------
/opt/airflow/dags/minio_to_snowflake.py                           1           0  1.53s           2026-09-20T15:18:27
================================================================================
[2026-09-20T15:19:13.027+0000] {manager.py:878} INFO - 
================================================================================
DAG File Processing Stats

File Path                                PID    Runtime      # DAGs    # Errors  Last Runtime    Last Run
---------------------------------------  -----  ---------  --------  ----------  --------------  -------------------
/opt/airflow/dags/minio_to_snowflake.py                           1           0  1.28s           2026-09-20T15:18:59
================================================================================
[2026-09-20T15:19:43.044+0000] {manager.py:878} INFO - 
================================================================================
DAG File Processing Stats

File Path                                PID    Runtime      # DAGs    # Errors  Last Runtime    Last Run
---------------------------------------  -----  ---------  --------  ----------  --------------  -------------------
/opt/airflow/dags/minio_to_snowflake.py                           1           0  1.57s           2026-09-20T15:19:30
================================================================================
[2026-09-20T15:20:13.239+0000] {manager.py:878} INFO - 
================================================================================
DAG File Processing Stats

File Path                                PID    Runtime      # DAGs    # Errors  Last Runtime    Last Run
---------------------------------------  -----  ---------  --------  ----------  --------------  -------------------
/opt/airflow/dags/minio_to_snowflake.py                           1           0  1.31s           2026-09-20T15:20:02
================================================================================
[2026-09-20T15:20:18.271+0000] {manager.py:737} INFO - Searching for files in /opt/airflow/dags
[2026-09-20T15:20:18.312+0000] {manager.py:740} INFO - There are 1 files in /opt/airflow/dags
[2026-09-20T15:20:43.732+0000] {manager.py:878} INFO - 
================================================================================
DAG File Processing Stats

File Path                                PID    Runtime      # DAGs    # Errors  Last Runtime    Last Run
---------------------------------------  -----  ---------  --------  ----------  --------------  -------------------
/opt/airflow/dags/minio_to_snowflake.py                           1           0  1.17s           2026-09-20T15:20:33
================================================================================
[2026-09-20T15:21:14.073+0000] {manager.py:878} INFO - 
================================================================================
DAG File Processing Stats

File Path                                PID    Runtime      # DAGs    # Errors  Last Runtime    Last Run
---------------------------------------  -----  ---------  --------  ----------  --------------  -------------------
/opt/airflow/dags/minio_to_snowflake.py                           1           0  1.27s           2026-09-20T15:21:05
================================================================================
[2026-09-20T15:21:44.422+0000] {manager.py:878} INFO - 
================================================================================
DAG File Processing Stats

File Path                                PID    Runtime      # DAGs    # Errors  Last Runtime    Last Run
---------------------------------------  -----  ---------  --------  ----------  --------------  -------------------
/opt/airflow/dags/minio_to_snowflake.py                           1           0  2.62s           2026-09-20T15:21:37
================================================================================
[2026-09-20T15:22:14.635+0000] {manager.py:878} INFO - 
================================================================================
DAG File Processing Stats

File Path                                PID    Runtime      # DAGs    # Errors  Last Runtime    Last Run
---------------------------------------  -----  ---------  --------  ----------  --------------  -------------------
/opt/airflow/dags/minio_to_snowflake.py                           1           0  1.43s           2026-09-20T15:22:09
================================================================================
[2026-09-20T15:22:44.708+0000] {manager.py:878} INFO - 
================================================================================
DAG File Processing Stats

File Path                                PID    Runtime      # DAGs    # Errors  Last Runtime    Last Run
---------------------------------------  -----  ---------  --------  ----------  --------------  -------------------
/opt/airflow/dags/minio_to_snowflake.py                           1           0  1.88s           2026-09-20T15:22:41
================================================================================
[2026-09-20T15:23:14.944+0000] {manager.py:878} INFO - 
================================================================================
DAG File Processing Stats

File Path                                PID    Runtime      # DAGs    # Errors  Last Runtime    Last Run
---------------------------------------  -----  ---------  --------  ----------  --------------  -------------------
/opt/airflow/dags/minio_to_snowflake.py                           1           0  1.31s           2026-09-20T15:23:13
================================================================================
[2026-09-20T15:23:45.490+0000] {manager.py:878} INFO - 
================================================================================
DAG File Processing Stats

File Path                                PID    Runtime      # DAGs    # Errors  Last Runtime    Last Run
---------------------------------------  -----  ---------  --------  ----------  --------------  -------------------
/opt/airflow/dags/minio_to_snowflake.py                           1           0  1.29s           2026-09-20T15:23:44
================================================================================
[2026-09-20T15:24:15.821+0000] {manager.py:878} INFO - 
================================================================================
DAG File Processing Stats

File Path                                  PID  Runtime      # DAGs    # Errors  Last Runtime    Last Run
---------------------------------------  -----  ---------  --------  ----------  --------------  -------------------
/opt/airflow/dags/minio_to_snowflake.py  62565  1.02s             1           0  1.29s           2026-09-20T15:23:44
================================================================================
[2026-09-20T15:24:46.059+0000] {manager.py:878} INFO - 
================================================================================
DAG File Processing Stats

File Path                                PID    Runtime      # DAGs    # Errors  Last Runtime    Last Run
---------------------------------------  -----  ---------  --------  ----------  --------------  -------------------
/opt/airflow/dags/minio_to_snowflake.py                           1           0  2.14s           2026-09-20T15:24:16
================================================================================
[2026-09-20T15:25:16.271+0000] {manager.py:878} INFO - 
================================================================================
DAG File Processing Stats

File Path                                PID    Runtime      # DAGs    # Errors  Last Runtime    Last Run
---------------------------------------  -----  ---------  --------  ----------  --------------  -------------------
/opt/airflow/dags/minio_to_snowflake.py                           1           0  1.99s           2026-09-20T15:24:49
================================================================================
[2026-09-20T15:25:18.288+0000] {manager.py:737} INFO - Searching for files in /opt/airflow/dags
[2026-09-20T15:25:18.392+0000] {manager.py:740} INFO - There are 1 files in /opt/airflow/dags
[2026-09-20T15:25:46.663+0000] {manager.py:878} INFO - 
================================================================================
DAG File Processing Stats

File Path                                PID    Runtime      # DAGs    # Errors  Last Runtime    Last Run
---------------------------------------  -----  ---------  --------  ----------  --------------  -------------------
/opt/airflow/dags/minio_to_snowflake.py                           1           0  2.01s           2026-09-20T15:25:21
================================================================================
[2026-09-20T15:26:17.147+0000] {manager.py:878} INFO - 
================================================================================
DAG File Processing Stats

File Path                                PID    Runtime      # DAGs    # Errors  Last Runtime    Last Run
---------------------------------------  -----  ---------  --------  ----------  --------------  -------------------
/opt/airflow/dags/minio_to_snowflake.py                           1           0  2.38s           2026-09-20T15:25:54
================================================================================
[2026-09-20T15:26:47.739+0000] {manager.py:878} INFO - 
================================================================================
DAG File Processing Stats

File Path                                PID    Runtime      # DAGs    # Errors  Last Runtime    Last Run
---------------------------------------  -----  ---------  --------  ----------  --------------  -------------------
/opt/airflow/dags/minio_to_snowflake.py                           1           0  4.65s           2026-09-20T15:26:28
================================================================================
[2026-09-20T15:27:18.068+0000] {manager.py:878} INFO - 
================================================================================
DAG File Processing Stats

File Path                                PID    Runtime      # DAGs    # Errors  Last Runtime    Last Run
---------------------------------------  -----  ---------  --------  ----------  --------------  -------------------
/opt/airflow/dags/minio_to_snowflake.py                           1           0  3.03s           2026-09-20T15:27:02
================================================================================
[2026-09-20T15:27:48.789+0000] {manager.py:878} INFO - 
================================================================================
DAG File Processing Stats

File Path                                PID    Runtime      # DAGs    # Errors  Last Runtime    Last Run
---------------------------------------  -----  ---------  --------  ----------  --------------  -------------------
/opt/airflow/dags/minio_to_snowflake.py                           1           0  2.12s           2026-09-20T15:27:34
================================================================================
[2026-09-20T15:28:18.919+0000] {manager.py:878} INFO - 
================================================================================
DAG File Processing Stats

File Path                                PID    Runtime      # DAGs    # Errors  Last Runtime    Last Run
---------------------------------------  -----  ---------  --------  ----------  --------------  -------------------
/opt/airflow/dags/minio_to_snowflake.py                           1           0  7.70s           2026-09-20T15:28:12
================================================================================
[2026-09-20T15:28:49.090+0000] {manager.py:878} INFO - 
================================================================================
DAG File Processing Stats

File Path                                PID    Runtime      # DAGs    # Errors  Last Runtime    Last Run
---------------------------------------  -----  ---------  --------  ----------  --------------  -------------------
/opt/airflow/dags/minio_to_snowflake.py                           1           0  4.33s           2026-09-20T15:28:47
================================================================================
[2026-09-20T15:29:19.846+0000] {manager.py:878} INFO - 
================================================================================
DAG File Processing Stats

File Path                                  PID  Runtime      # DAGs    # Errors  Last Runtime    Last Run
---------------------------------------  -----  ---------  --------  ----------  --------------  -------------------
/opt/airflow/dags/minio_to_snowflake.py  66167  2.05s             1           0  4.33s           2026-09-20T15:28:47
================================================================================
[2026-09-20T15:29:50.207+0000] {manager.py:878} INFO - 
================================================================================
DAG File Processing Stats

File Path                                PID    Runtime      # DAGs    # Errors  Last Runtime    Last Run
---------------------------------------  -----  ---------  --------  ----------  --------------  -------------------
/opt/airflow/dags/minio_to_snowflake.py                           1           0  10.87s          2026-09-20T15:29:28
================================================================================
[2026-09-20T15:30:19.079+0000] {manager.py:737} INFO - Searching for files in /opt/airflow/dags
[2026-09-20T15:30:19.112+0000] {manager.py:740} INFO - There are 1 files in /opt/airflow/dags
[2026-09-20T15:30:20.238+0000] {manager.py:878} INFO - 
================================================================================
DAG File Processing Stats

File Path                                PID    Runtime      # DAGs    # Errors  Last Runtime    Last Run
---------------------------------------  -----  ---------  --------  ----------  --------------  -------------------
/opt/airflow/dags/minio_to_snowflake.py                           1           0  4.73s           2026-09-20T15:30:04
================================================================================
[2026-09-20T15:30:50.328+0000] {manager.py:878} INFO - 
================================================================================
DAG File Processing Stats

File Path                                PID    Runtime      # DAGs    # Errors  Last Runtime    Last Run
---------------------------------------  -----  ---------  --------  ----------  --------------  -------------------
/opt/airflow/dags/minio_to_snowflake.py                           1           0  12.76s          2026-09-20T15:30:47
================================================================================
[2026-09-20T15:31:20.389+0000] {manager.py:878} INFO - 
================================================================================
DAG File Processing Stats

File Path                                  PID  Runtime      # DAGs    # Errors  Last Runtime    Last Run
---------------------------------------  -----  ---------  --------  ----------  --------------  -------------------
/opt/airflow/dags/minio_to_snowflake.py  68386  3.07s             1           0  12.76s          2026-09-20T15:30:47
================================================================================
[2026-09-20T15:31:50.437+0000] {manager.py:878} INFO - 
================================================================================
DAG File Processing Stats

File Path                                PID    Runtime      # DAGs    # Errors  Last Runtime    Last Run
---------------------------------------  -----  ---------  --------  ----------  --------------  -------------------
/opt/airflow/dags/minio_to_snowflake.py                           1           0  3.90s           2026-09-20T15:31:21
================================================================================
[2026-09-20T15:32:20.835+0000] {manager.py:878} INFO - 
================================================================================
DAG File Processing Stats

File Path                                PID    Runtime      # DAGs    # Errors  Last Runtime    Last Run
---------------------------------------  -----  ---------  --------  ----------  --------------  -------------------
/opt/airflow/dags/minio_to_snowflake.py                           1           0  3.66s           2026-09-20T15:31:55
================================================================================
[2026-09-20T15:32:51.503+0000] {manager.py:878} INFO - 
================================================================================
DAG File Processing Stats

File Path                                PID    Runtime      # DAGs    # Errors  Last Runtime    Last Run
---------------------------------------  -----  ---------  --------  ----------  --------------  -------------------
/opt/airflow/dags/minio_to_snowflake.py                           1           0  3.90s           2026-09-20T15:32:29
================================================================================
[2026-09-20T15:33:21.684+0000] {manager.py:878} INFO - 
================================================================================
DAG File Processing Stats

File Path                                PID    Runtime      # DAGs    # Errors  Last Runtime    Last Run
---------------------------------------  -----  ---------  --------  ----------  --------------  -------------------
/opt/airflow/dags/minio_to_snowflake.py                           1           0  4.49s           2026-09-20T15:33:04
================================================================================
[2026-09-20T15:33:52.311+0000] {manager.py:878} INFO - 
================================================================================
DAG File Processing Stats

File Path                                  PID  Runtime      # DAGs    # Errors  Last Runtime    Last Run
---------------------------------------  -----  ---------  --------  ----------  --------------  -------------------
/opt/airflow/dags/minio_to_snowflake.py  68994  16.98s            1           0  4.49s           2026-09-20T15:33:04
================================================================================
[2026-09-20T15:34:23.397+0000] {manager.py:878} INFO - 
================================================================================
DAG File Processing Stats

File Path                                PID    Runtime      # DAGs    # Errors  Last Runtime    Last Run
---------------------------------------  -----  ---------  --------  ----------  --------------  -------------------
/opt/airflow/dags/minio_to_snowflake.py                           1           0  23.78s          2026-09-20T15:33:59
================================================================================
[2026-09-20T15:34:53.732+0000] {manager.py:878} INFO - 
================================================================================
DAG File Processing Stats

File Path                                  PID  Runtime      # DAGs    # Errors  Last Runtime    Last Run
---------------------------------------  -----  ---------  --------  ----------  --------------  -------------------
/opt/airflow/dags/minio_to_snowflake.py  70357  23.62s            1           0  23.78s          2026-09-20T15:33:59
================================================================================
[2026-09-20T15:35:19.183+0000] {manager.py:737} INFO - Searching for files in /opt/airflow/dags
[2026-09-20T15:35:19.672+0000] {manager.py:740} INFO - There are 1 files in /opt/airflow/dags
[2026-09-20T15:35:24.210+0000] {manager.py:878} INFO - 
================================================================================
DAG File Processing Stats

File Path                                PID    Runtime      # DAGs    # Errors  Last Runtime    Last Run
---------------------------------------  -----  ---------  --------  ----------  --------------  -------------------
/opt/airflow/dags/minio_to_snowflake.py                           1           0  31.40s          2026-09-20T15:35:01
================================================================================
[2026-09-20T15:35:54.563+0000] {manager.py:878} INFO - 
================================================================================
DAG File Processing Stats

File Path                                  PID  Runtime      # DAGs    # Errors  Last Runtime    Last Run
---------------------------------------  -----  ---------  --------  ----------  --------------  -------------------
/opt/airflow/dags/minio_to_snowflake.py  71011  21.80s            1           0  31.40s          2026-09-20T15:35:01
================================================================================
[2026-09-20T15:36:24.907+0000] {manager.py:878} INFO - 
================================================================================
DAG File Processing Stats

File Path                                PID    Runtime      # DAGs    # Errors  Last Runtime    Last Run
---------------------------------------  -----  ---------  --------  ----------  --------------  -------------------
/opt/airflow/dags/minio_to_snowflake.py                           1           0  27.15s          2026-09-20T15:35:59
================================================================================
[2026-09-20T15:36:55.809+0000] {manager.py:878} INFO - 
================================================================================
DAG File Processing Stats

File Path                                  PID  Runtime      # DAGs    # Errors  Last Runtime    Last Run
---------------------------------------  -----  ---------  --------  ----------  --------------  -------------------
/opt/airflow/dags/minio_to_snowflake.py  71195  25.77s            1           0  27.15s          2026-09-20T15:35:59
================================================================================
[2026-09-20T15:37:26.622+0000] {manager.py:878} INFO - 
================================================================================
DAG File Processing Stats

File Path                                PID    Runtime      # DAGs    # Errors  Last Runtime    Last Run
---------------------------------------  -----  ---------  --------  ----------  --------------  -------------------
/opt/airflow/dags/minio_to_snowflake.py                           1           0  31.55s          2026-09-20T15:37:01
================================================================================
[2026-09-20T15:37:56.922+0000] {manager.py:878} INFO - 
================================================================================
DAG File Processing Stats

File Path                                PID    Runtime      # DAGs    # Errors  Last Runtime    Last Run
---------------------------------------  -----  ---------  --------  ----------  --------------  -------------------
/opt/airflow/dags/minio_to_snowflake.py                           1           0  10.81s          2026-09-20T15:37:42
================================================================================
[2026-09-20T15:38:27.101+0000] {manager.py:878} INFO - 
================================================================================
DAG File Processing Stats

File Path                                PID    Runtime      # DAGs    # Errors  Last Runtime    Last Run
---------------------------------------  -----  ---------  --------  ----------  --------------  -------------------
/opt/airflow/dags/minio_to_snowflake.py                           1           0  3.91s           2026-09-20T15:38:16
================================================================================
[2026-09-20T15:38:57.605+0000] {manager.py:878} INFO - 
================================================================================
DAG File Processing Stats

File Path                                PID    Runtime      # DAGs    # Errors  Last Runtime    Last Run
---------------------------------------  -----  ---------  --------  ----------  --------------  -------------------
/opt/airflow/dags/minio_to_snowflake.py                           1           0  3.66s           2026-09-20T15:38:50
================================================================================
[2026-09-20T15:39:28.387+0000] {manager.py:878} INFO - 
================================================================================
DAG File Processing Stats

File Path                                PID    Runtime      # DAGs    # Errors  Last Runtime    Last Run
---------------------------------------  -----  ---------  --------  ----------  --------------  -------------------
/opt/airflow/dags/minio_to_snowflake.py                           1           0  4.09s           2026-09-20T15:39:25
================================================================================
[2026-09-20T15:39:58.435+0000] {manager.py:878} INFO - 
================================================================================
DAG File Processing Stats

File Path                                  PID  Runtime      # DAGs    # Errors  Last Runtime    Last Run
---------------------------------------  -----  ---------  --------  ----------  --------------  -------------------
/opt/airflow/dags/minio_to_snowflake.py  72649  2.27s             1           0  4.09s           2026-09-20T15:39:25
================================================================================
[2026-09-20T15:40:19.312+0000] {manager.py:737} INFO - Searching for files in /opt/airflow/dags
[2026-09-20T15:40:19.361+0000] {manager.py:740} INFO - There are 1 files in /opt/airflow/dags
[2026-09-20T15:40:28.476+0000] {manager.py:878} INFO - 
================================================================================
DAG File Processing Stats

File Path                                PID    Runtime      # DAGs    # Errors  Last Runtime    Last Run
---------------------------------------  -----  ---------  --------  ----------  --------------  -------------------
/opt/airflow/dags/minio_to_snowflake.py                           1           0  19.15s          2026-09-20T15:40:15
================================================================================
[2026-09-20T15:40:58.595+0000] {manager.py:878} INFO - 
================================================================================
DAG File Processing Stats

File Path                                PID    Runtime      # DAGs    # Errors  Last Runtime    Last Run
---------------------------------------  -----  ---------  --------  ----------  --------------  -------------------
/opt/airflow/dags/minio_to_snowflake.py                           1           0  10.15s          2026-09-20T15:40:55
================================================================================
[2026-09-20T15:41:28.850+0000] {manager.py:878} INFO - 
================================================================================
DAG File Processing Stats

File Path                                  PID  Runtime      # DAGs    # Errors  Last Runtime    Last Run
---------------------------------------  -----  ---------  --------  ----------  --------------  -------------------
/opt/airflow/dags/minio_to_snowflake.py  74349  3.08s             1           0  10.15s          2026-09-20T15:40:55
================================================================================
[2026-09-20T15:41:58.934+0000] {manager.py:878} INFO - 
================================================================================
DAG File Processing Stats

File Path                                PID    Runtime      # DAGs    # Errors  Last Runtime    Last Run
---------------------------------------  -----  ---------  --------  ----------  --------------  -------------------
/opt/airflow/dags/minio_to_snowflake.py                           1           0  8.41s           2026-09-20T15:41:34
================================================================================
[2026-09-20T15:42:29.320+0000] {manager.py:878} INFO - 
================================================================================
DAG File Processing Stats

File Path                                PID    Runtime      # DAGs    # Errors  Last Runtime    Last Run
---------------------------------------  -----  ---------  --------  ----------  --------------  -------------------
/opt/airflow/dags/minio_to_snowflake.py                           1           0  5.56s           2026-09-20T15:42:10
================================================================================
[2026-09-20T15:42:59.799+0000] {manager.py:878} INFO - 
================================================================================
DAG File Processing Stats

File Path                                PID    Runtime      # DAGs    # Errors  Last Runtime    Last Run
---------------------------------------  -----  ---------  --------  ----------  --------------  -------------------
/opt/airflow/dags/minio_to_snowflake.py                           1           0  7.27s           2026-09-20T15:42:47
================================================================================
[2026-09-20T15:43:30.243+0000] {manager.py:878} INFO - 
================================================================================
DAG File Processing Stats

File Path                                PID    Runtime      # DAGs    # Errors  Last Runtime    Last Run
---------------------------------------  -----  ---------  --------  ----------  --------------  -------------------
/opt/airflow/dags/minio_to_snowflake.py                           1           0  3.33s           2026-09-20T15:43:21
================================================================================
[2026-09-20T15:44:00.391+0000] {manager.py:878} INFO - 
================================================================================
DAG File Processing Stats

File Path                                PID    Runtime      # DAGs    # Errors  Last Runtime    Last Run
---------------------------------------  -----  ---------  --------  ----------  --------------  -------------------
/opt/airflow/dags/minio_to_snowflake.py                           1           0  3.89s           2026-09-20T15:43:55
================================================================================
[2026-09-20T15:44:30.937+0000] {manager.py:878} INFO - 
================================================================================
DAG File Processing Stats

File Path                                  PID  Runtime      # DAGs    # Errors  Last Runtime    Last Run
---------------------------------------  -----  ---------  --------  ----------  --------------  -------------------
/opt/airflow/dags/minio_to_snowflake.py  76729  5.16s             1           0  3.89s           2026-09-20T15:43:55
================================================================================
[2026-09-20T15:45:01.354+0000] {manager.py:878} INFO - 
================================================================================
DAG File Processing Stats

File Path                                PID    Runtime      # DAGs    # Errors  Last Runtime    Last Run
---------------------------------------  -----  ---------  --------  ----------  --------------  -------------------
/opt/airflow/dags/minio_to_snowflake.py                           1           0  11.44s          2026-09-20T15:44:37
================================================================================
[2026-09-20T15:45:19.600+0000] {manager.py:737} INFO - Searching for files in /opt/airflow/dags
[2026-09-20T15:45:19.652+0000] {manager.py:740} INFO - There are 1 files in /opt/airflow/dags
[2026-09-20T15:45:31.960+0000] {manager.py:878} INFO - 
================================================================================
DAG File Processing Stats

File Path                                PID    Runtime      # DAGs    # Errors  Last Runtime    Last Run
---------------------------------------  -----  ---------  --------  ----------  --------------  -------------------
/opt/airflow/dags/minio_to_snowflake.py                           1           0  6.59s           2026-09-20T15:45:14
================================================================================
[2026-09-20T15:46:02.149+0000] {manager.py:878} INFO - 
================================================================================
DAG File Processing Stats

File Path                                PID    Runtime      # DAGs    # Errors  Last Runtime    Last Run
---------------------------------------  -----  ---------  --------  ----------  --------------  -------------------
/opt/airflow/dags/minio_to_snowflake.py                           1           0  9.62s           2026-09-20T15:45:54
================================================================================
[2026-09-20T15:46:32.206+0000] {manager.py:878} INFO - 
================================================================================
DAG File Processing Stats

File Path                                PID    Runtime      # DAGs    # Errors  Last Runtime    Last Run
---------------------------------------  -----  ---------  --------  ----------  --------------  -------------------
/opt/airflow/dags/minio_to_snowflake.py                           1           0  4.71s           2026-09-20T15:46:29
================================================================================
[2026-09-20T15:47:02.443+0000] {manager.py:878} INFO - 
================================================================================
DAG File Processing Stats

File Path                                  PID  Runtime      # DAGs    # Errors  Last Runtime    Last Run
---------------------------------------  -----  ---------  --------  ----------  --------------  -------------------
/opt/airflow/dags/minio_to_snowflake.py  77842  3.06s             1           0  4.71s           2026-09-20T15:46:29
================================================================================
[2026-09-20T15:47:32.749+0000] {manager.py:878} INFO - 
================================================================================
DAG File Processing Stats

File Path                                PID    Runtime      # DAGs    # Errors  Last Runtime    Last Run
---------------------------------------  -----  ---------  --------  ----------  --------------  -------------------
/opt/airflow/dags/minio_to_snowflake.py                           1           0  5.60s           2026-09-20T15:47:04
================================================================================
[2026-09-20T15:48:03.422+0000] {manager.py:878} INFO - 
================================================================================
DAG File Processing Stats

File Path                                PID    Runtime      # DAGs    # Errors  Last Runtime    Last Run
---------------------------------------  -----  ---------  --------  ----------  --------------  -------------------
/opt/airflow/dags/minio_to_snowflake.py                           1           0  2.76s           2026-09-20T15:47:38
================================================================================
[2026-09-20T15:48:33.517+0000] {manager.py:878} INFO - 
================================================================================
DAG File Processing Stats

File Path                                PID    Runtime      # DAGs    # Errors  Last Runtime    Last Run
---------------------------------------  -----  ---------  --------  ----------  --------------  -------------------
/opt/airflow/dags/minio_to_snowflake.py                           1           0  4.45s           2026-09-20T15:48:13
================================================================================
[2026-09-20T15:49:04.207+0000] {manager.py:878} INFO - 
================================================================================
DAG File Processing Stats

File Path                                PID    Runtime      # DAGs    # Errors  Last Runtime    Last Run
---------------------------------------  -----  ---------  --------  ----------  --------------  -------------------
/opt/airflow/dags/minio_to_snowflake.py                           1           0  5.40s           2026-09-20T15:48:49
================================================================================
[2026-09-20T15:49:34.264+0000] {manager.py:878} INFO - 
================================================================================
DAG File Processing Stats

File Path                                PID    Runtime      # DAGs    # Errors  Last Runtime    Last Run
---------------------------------------  -----  ---------  --------  ----------  --------------  -------------------
/opt/airflow/dags/minio_to_snowflake.py                           1           0  3.75s           2026-09-20T15:49:23
================================================================================
[2026-09-20T15:50:04.586+0000] {manager.py:878} INFO - 
================================================================================
DAG File Processing Stats

File Path                                PID    Runtime      # DAGs    # Errors  Last Runtime    Last Run
---------------------------------------  -----  ---------  --------  ----------  --------------  -------------------
/opt/airflow/dags/minio_to_snowflake.py                           1           0  3.11s           2026-09-20T15:49:56
================================================================================
[2026-09-20T15:50:19.712+0000] {manager.py:737} INFO - Searching for files in /opt/airflow/dags
[2026-09-20T15:50:19.748+0000] {manager.py:740} INFO - There are 1 files in /opt/airflow/dags
[2026-09-20T15:50:34.849+0000] {manager.py:878} INFO - 
================================================================================
DAG File Processing Stats

File Path                                PID    Runtime      # DAGs    # Errors  Last Runtime    Last Run
---------------------------------------  -----  ---------  --------  ----------  --------------  -------------------
/opt/airflow/dags/minio_to_snowflake.py                           1           0  1.95s           2026-09-20T15:50:28
================================================================================
[2026-09-20T15:51:05.090+0000] {manager.py:878} INFO - 
================================================================================
DAG File Processing Stats

File Path                                PID    Runtime      # DAGs    # Errors  Last Runtime    Last Run
---------------------------------------  -----  ---------  --------  ----------  --------------  -------------------
/opt/airflow/dags/minio_to_snowflake.py                           1           0  2.06s           2026-09-20T15:51:01
================================================================================
[2026-09-20T15:51:35.322+0000] {manager.py:878} INFO - 
================================================================================
DAG File Processing Stats

File Path                                PID    Runtime      # DAGs    # Errors  Last Runtime    Last Run
---------------------------------------  -----  ---------  --------  ----------  --------------  -------------------
/opt/airflow/dags/minio_to_snowflake.py                           1           0  1.26s           2026-09-20T15:51:32
================================================================================
[2026-09-20T15:52:05.459+0000] {manager.py:878} INFO - 
================================================================================
DAG File Processing Stats

File Path                                  PID  Runtime      # DAGs    # Errors  Last Runtime    Last Run
---------------------------------------  -----  ---------  --------  ----------  --------------  -------------------
/opt/airflow/dags/minio_to_snowflake.py  82855  2.60s             1           0  1.26s           2026-09-20T15:51:32
================================================================================
[2026-09-20T15:52:35.613+0000] {manager.py:878} INFO - 
================================================================================
DAG File Processing Stats

File Path                                PID    Runtime      # DAGs    # Errors  Last Runtime    Last Run
---------------------------------------  -----  ---------  --------  ----------  --------------  -------------------
/opt/airflow/dags/minio_to_snowflake.py                           1           0  9.48s           2026-09-20T15:52:12
================================================================================
[2026-09-20T15:53:06.102+0000] {manager.py:878} INFO - 
================================================================================
DAG File Processing Stats

File Path                                PID    Runtime      # DAGs    # Errors  Last Runtime    Last Run
---------------------------------------  -----  ---------  --------  ----------  --------------  -------------------
/opt/airflow/dags/minio_to_snowflake.py                           1           0  4.52s           2026-09-20T15:52:47
================================================================================
[2026-09-20T15:53:36.466+0000] {manager.py:878} INFO - 
================================================================================
DAG File Processing Stats

File Path                                PID    Runtime      # DAGs    # Errors  Last Runtime    Last Run
---------------------------------------  -----  ---------  --------  ----------  --------------  -------------------
/opt/airflow/dags/minio_to_snowflake.py                           1           0  2.79s           2026-09-20T15:53:20
================================================================================
[2026-09-20T15:54:06.703+0000] {manager.py:878} INFO - 
================================================================================
DAG File Processing Stats

File Path                                PID    Runtime      # DAGs    # Errors  Last Runtime    Last Run
---------------------------------------  -----  ---------  --------  ----------  --------------  -------------------
/opt/airflow/dags/minio_to_snowflake.py                           1           0  2.61s           2026-09-20T15:53:53
================================================================================
[2026-09-20T15:54:37.463+0000] {manager.py:878} INFO - 
================================================================================
DAG File Processing Stats

File Path                                PID    Runtime      # DAGs    # Errors  Last Runtime    Last Run
---------------------------------------  -----  ---------  --------  ----------  --------------  -------------------
/opt/airflow/dags/minio_to_snowflake.py                           1           0  12.67s          2026-09-20T15:54:36
================================================================================
[2026-09-20T15:55:07.742+0000] {manager.py:878} INFO - 
================================================================================
DAG File Processing Stats

File Path                                  PID  Runtime      # DAGs    # Errors  Last Runtime    Last Run
---------------------------------------  -----  ---------  --------  ----------  --------------  -------------------
/opt/airflow/dags/minio_to_snowflake.py  84012  0.89s             1           0  12.67s          2026-09-20T15:54:36
================================================================================
[2026-09-20T15:55:20.494+0000] {manager.py:737} INFO - Searching for files in /opt/airflow/dags
[2026-09-20T15:55:22.887+0000] {manager.py:740} INFO - There are 1 files in /opt/airflow/dags
[2026-09-20T15:55:38.990+0000] {manager.py:878} INFO - 
================================================================================
DAG File Processing Stats

File Path                                PID    Runtime      # DAGs    # Errors  Last Runtime    Last Run
---------------------------------------  -----  ---------  --------  ----------  --------------  -------------------
/opt/airflow/dags/minio_to_snowflake.py                           1           0  20.25s          2026-09-20T15:55:27
================================================================================
[2026-09-20T15:56:09.145+0000] {manager.py:878} INFO - 
================================================================================
DAG File Processing Stats

File Path                                  PID  Runtime      # DAGs    # Errors  Last Runtime    Last Run
---------------------------------------  -----  ---------  --------  ----------  --------------  -------------------
/opt/airflow/dags/minio_to_snowflake.py  84128  11.21s            1           0  20.25s          2026-09-20T15:55:27
================================================================================
[2026-09-20T15:56:39.234+0000] {manager.py:878} INFO - 
================================================================================
DAG File Processing Stats

File Path                                  PID  Runtime      # DAGs    # Errors  Last Runtime    Last Run
---------------------------------------  -----  ---------  --------  ----------  --------------  -------------------
/opt/airflow/dags/minio_to_snowflake.py  84128  41.41s            1           0  20.25s          2026-09-20T15:55:27
================================================================================
[2026-09-20T15:57:09.616+0000] {manager.py:878} INFO - 
================================================================================
DAG File Processing Stats

File Path                                  PID  Runtime      # DAGs    # Errors  Last Runtime    Last Run
---------------------------------------  -----  ---------  --------  ----------  --------------  -------------------
/opt/airflow/dags/minio_to_snowflake.py  85468  0.07s             1           0  41.48s          2026-09-20T15:56:39
================================================================================
[2026-09-20T15:57:40.278+0000] {manager.py:878} INFO - 
================================================================================
DAG File Processing Stats

File Path                                PID    Runtime      # DAGs    # Errors  Last Runtime    Last Run
---------------------------------------  -----  ---------  --------  ----------  --------------  -------------------
/opt/airflow/dags/minio_to_snowflake.py                           1           0  22.70s          2026-09-20T15:57:32
================================================================================
[2026-09-20T15:58:10.567+0000] {manager.py:878} INFO - 
================================================================================
DAG File Processing Stats

File Path                                  PID  Runtime      # DAGs    # Errors  Last Runtime    Last Run
---------------------------------------  -----  ---------  --------  ----------  --------------  -------------------
/opt/airflow/dags/minio_to_snowflake.py  86296  8.14s             1           0  22.70s          2026-09-20T15:57:32
================================================================================
[2026-09-20T15:58:40.886+0000] {manager.py:878} INFO - 
================================================================================
DAG File Processing Stats

File Path                                PID    Runtime      # DAGs    # Errors  Last Runtime    Last Run
---------------------------------------  -----  ---------  --------  ----------  --------------  -------------------
/opt/airflow/dags/minio_to_snowflake.py                           1           0  11.56s          2026-09-20T15:58:13
================================================================================
[2026-09-20T15:59:11.029+0000] {manager.py:878} INFO - 
================================================================================
DAG File Processing Stats

File Path                                PID    Runtime      # DAGs    # Errors  Last Runtime    Last Run
---------------------------------------  -----  ---------  --------  ----------  --------------  -------------------
/opt/airflow/dags/minio_to_snowflake.py                           1           0  13.36s          2026-09-20T15:58:57
================================================================================
[2026-09-20T15:59:41.125+0000] {manager.py:878} INFO - 
================================================================================
DAG File Processing Stats

File Path                                PID    Runtime      # DAGs    # Errors  Last Runtime    Last Run
---------------------------------------  -----  ---------  --------  ----------  --------------  -------------------
/opt/airflow/dags/minio_to_snowflake.py                           1           0  10.10s          2026-09-20T15:59:38
================================================================================
[2026-09-20T16:00:11.341+0000] {manager.py:878} INFO - 
================================================================================
DAG File Processing Stats

File Path                                PID    Runtime      # DAGs    # Errors  Last Runtime    Last Run
---------------------------------------  -----  ---------  --------  ----------  --------------  -------------------
/opt/airflow/dags/minio_to_snowflake.py                           1           0  2.93s           2026-09-20T16:00:11
================================================================================
[2026-09-20T16:00:20.929+0000] {manager.py:737} INFO - Searching for files in /opt/airflow/dags
[2026-09-20T16:00:21.157+0000] {manager.py:740} INFO - There are 1 files in /opt/airflow/dags
[2026-09-20T16:00:41.736+0000] {manager.py:878} INFO - 
================================================================================
DAG File Processing Stats

File Path                                  PID  Runtime      # DAGs    # Errors  Last Runtime    Last Run
---------------------------------------  -----  ---------  --------  ----------  --------------  -------------------
/opt/airflow/dags/minio_to_snowflake.py  87054  0.02s             1           0  2.93s           2026-09-20T16:00:11
================================================================================
[2026-09-20T16:01:11.930+0000] {manager.py:878} INFO - 
================================================================================
DAG File Processing Stats

File Path                                PID    Runtime      # DAGs    # Errors  Last Runtime    Last Run
---------------------------------------  -----  ---------  --------  ----------  --------------  -------------------
/opt/airflow/dags/minio_to_snowflake.py                           1           0  6.33s           2026-09-20T16:00:48
================================================================================
[2026-09-20T16:01:42.142+0000] {manager.py:878} INFO - 
================================================================================
DAG File Processing Stats

File Path                                  PID  Runtime      # DAGs    # Errors  Last Runtime    Last Run
---------------------------------------  -----  ---------  --------  ----------  --------------  -------------------
/opt/airflow/dags/minio_to_snowflake.py  87230  23.17s            1           0  6.33s           2026-09-20T16:00:48
================================================================================
[2026-09-20T16:02:12.751+0000] {manager.py:878} INFO - 
================================================================================
DAG File Processing Stats

File Path                                PID    Runtime      # DAGs    # Errors  Last Runtime    Last Run
---------------------------------------  -----  ---------  --------  ----------  --------------  -------------------
/opt/airflow/dags/minio_to_snowflake.py                           1           0  26.33s          2026-09-20T16:01:45
================================================================================
[2026-09-20T16:02:43.059+0000] {manager.py:878} INFO - 
================================================================================
DAG File Processing Stats

File Path                                  PID  Runtime      # DAGs    # Errors  Last Runtime    Last Run
---------------------------------------  -----  ---------  --------  ----------  --------------  -------------------
/opt/airflow/dags/minio_to_snowflake.py  87708  26.94s            1           0  26.33s          2026-09-20T16:01:45
================================================================================
[2026-09-20T16:03:13.716+0000] {manager.py:878} INFO - 
================================================================================
DAG File Processing Stats

File Path                                PID    Runtime      # DAGs    # Errors  Last Runtime    Last Run
---------------------------------------  -----  ---------  --------  ----------  --------------  -------------------
/opt/airflow/dags/minio_to_snowflake.py                           1           0  45.42s          2026-09-20T16:03:01
================================================================================
[2026-09-20T16:03:44.121+0000] {manager.py:878} INFO - 
================================================================================
DAG File Processing Stats

File Path                                PID    Runtime      # DAGs    # Errors  Last Runtime    Last Run
---------------------------------------  -----  ---------  --------  ----------  --------------  -------------------
/opt/airflow/dags/minio_to_snowflake.py                           1           0  5.51s           2026-09-20T16:03:37
================================================================================
[2026-09-20T16:04:14.572+0000] {manager.py:878} INFO - 
================================================================================
DAG File Processing Stats

File Path                                PID    Runtime      # DAGs    # Errors  Last Runtime    Last Run
---------------------------------------  -----  ---------  --------  ----------  --------------  -------------------
/opt/airflow/dags/minio_to_snowflake.py                           1           0  4.69s           2026-09-20T16:04:12
================================================================================
[2026-09-20T16:04:44.935+0000] {manager.py:878} INFO - 
================================================================================
DAG File Processing Stats

File Path                                  PID  Runtime      # DAGs    # Errors  Last Runtime    Last Run
---------------------------------------  -----  ---------  --------  ----------  --------------  -------------------
/opt/airflow/dags/minio_to_snowflake.py  89705  2.05s             1           0  4.69s           2026-09-20T16:04:12
================================================================================
[2026-09-20T16:05:15.335+0000] {manager.py:878} INFO - 
================================================================================
DAG File Processing Stats

File Path                                PID    Runtime      # DAGs    # Errors  Last Runtime    Last Run
---------------------------------------  -----  ---------  --------  ----------  --------------  -------------------
/opt/airflow/dags/minio_to_snowflake.py                           1           0  4.29s           2026-09-20T16:04:47
================================================================================
[2026-09-20T16:05:21.461+0000] {manager.py:737} INFO - Searching for files in /opt/airflow/dags
[2026-09-20T16:05:21.504+0000] {manager.py:740} INFO - There are 1 files in /opt/airflow/dags
[2026-09-20T16:05:45.812+0000] {manager.py:878} INFO - 
================================================================================
DAG File Processing Stats

File Path                                PID    Runtime      # DAGs    # Errors  Last Runtime    Last Run
---------------------------------------  -----  ---------  --------  ----------  --------------  -------------------
/opt/airflow/dags/minio_to_snowflake.py                           1           0  3.11s           2026-09-20T16:05:20
================================================================================
[2026-09-20T16:06:16.138+0000] {manager.py:878} INFO - 
================================================================================
DAG File Processing Stats

File Path                                PID    Runtime      # DAGs    # Errors  Last Runtime    Last Run
---------------------------------------  -----  ---------  --------  ----------  --------------  -------------------
/opt/airflow/dags/minio_to_snowflake.py                           1           0  2.56s           2026-09-20T16:05:53
================================================================================
[2026-09-20T16:06:46.915+0000] {manager.py:878} INFO - 
================================================================================
DAG File Processing Stats

File Path                                PID    Runtime      # DAGs    # Errors  Last Runtime    Last Run
---------------------------------------  -----  ---------  --------  ----------  --------------  -------------------
/opt/airflow/dags/minio_to_snowflake.py                           1           0  3.10s           2026-09-20T16:06:26
================================================================================
[2026-09-20T16:07:17.248+0000] {manager.py:878} INFO - 
================================================================================
DAG File Processing Stats

File Path                                PID    Runtime      # DAGs    # Errors  Last Runtime    Last Run
---------------------------------------  -----  ---------  --------  ----------  --------------  -------------------
/opt/airflow/dags/minio_to_snowflake.py                           1           0  2.92s           2026-09-20T16:06:59
================================================================================
[2026-09-20T16:07:47.703+0000] {manager.py:878} INFO - 
================================================================================
DAG File Processing Stats

File Path                                PID    Runtime      # DAGs    # Errors  Last Runtime    Last Run
---------------------------------------  -----  ---------  --------  ----------  --------------  -------------------
/opt/airflow/dags/minio_to_snowflake.py                           1           0  4.22s           2026-09-20T16:07:34
================================================================================
[2026-09-20T16:08:18.071+0000] {manager.py:878} INFO - 
================================================================================
DAG File Processing Stats

File Path                                PID    Runtime      # DAGs    # Errors  Last Runtime    Last Run
---------------------------------------  -----  ---------  --------  ----------  --------------  -------------------
/opt/airflow/dags/minio_to_snowflake.py                           1           0  2.39s           2026-09-20T16:08:07
================================================================================
[2026-09-20T16:08:48.660+0000] {manager.py:878} INFO - 
================================================================================
DAG File Processing Stats

File Path                                PID    Runtime      # DAGs    # Errors  Last Runtime    Last Run
---------------------------------------  -----  ---------  --------  ----------  --------------  -------------------
/opt/airflow/dags/minio_to_snowflake.py                           1           0  2.18s           2026-09-20T16:08:39
================================================================================
[2026-09-20T16:09:18.740+0000] {manager.py:878} INFO - 
================================================================================
DAG File Processing Stats

File Path                                PID    Runtime      # DAGs    # Errors  Last Runtime    Last Run
---------------------------------------  -----  ---------  --------  ----------  --------------  -------------------
/opt/airflow/dags/minio_to_snowflake.py                           1           0  2.83s           2026-09-20T16:09:12
================================================================================
[2026-09-20T16:09:49.260+0000] {manager.py:878} INFO - 
================================================================================
DAG File Processing Stats

File Path                                PID    Runtime      # DAGs    # Errors  Last Runtime    Last Run
---------------------------------------  -----  ---------  --------  ----------  --------------  -------------------
/opt/airflow/dags/minio_to_snowflake.py                           1           0  1.47s           2026-09-20T16:09:44
================================================================================
[2026-09-20T16:10:19.378+0000] {manager.py:878} INFO - 
================================================================================
DAG File Processing Stats

File Path                                PID    Runtime      # DAGs    # Errors  Last Runtime    Last Run
---------------------------------------  -----  ---------  --------  ----------  --------------  -------------------
/opt/airflow/dags/minio_to_snowflake.py                           1           0  1.70s           2026-09-20T16:10:16
================================================================================
[2026-09-20T16:10:21.712+0000] {manager.py:737} INFO - Searching for files in /opt/airflow/dags
[2026-09-20T16:10:21.746+0000] {manager.py:740} INFO - There are 1 files in /opt/airflow/dags
[2026-09-20T16:10:50.119+0000] {manager.py:878} INFO - 
================================================================================
DAG File Processing Stats

File Path                                  PID  Runtime      # DAGs    # Errors  Last Runtime    Last Run
---------------------------------------  -----  ---------  --------  ----------  --------------  -------------------
/opt/airflow/dags/minio_to_snowflake.py  95459  3.06s             1           0  1.70s           2026-09-20T16:10:16
================================================================================
[2026-09-20T16:11:20.603+0000] {manager.py:878} INFO - 
================================================================================
DAG File Processing Stats

File Path                                PID    Runtime      # DAGs    # Errors  Last Runtime    Last Run
---------------------------------------  -----  ---------  --------  ----------  --------------  -------------------
/opt/airflow/dags/minio_to_snowflake.py                           1           0  6.72s           2026-09-20T16:10:53
================================================================================
[2026-09-20T16:11:51.407+0000] {manager.py:878} INFO - 
================================================================================
DAG File Processing Stats

File Path                                PID    Runtime      # DAGs    # Errors  Last Runtime    Last Run
---------------------------------------  -----  ---------  --------  ----------  --------------  -------------------
/opt/airflow/dags/minio_to_snowflake.py                           1           0  8.91s           2026-09-20T16:11:33
================================================================================
[2026-09-20T16:12:21.520+0000] {manager.py:878} INFO - 
================================================================================
DAG File Processing Stats

File Path                                PID    Runtime      # DAGs    # Errors  Last Runtime    Last Run
---------------------------------------  -----  ---------  --------  ----------  --------------  -------------------
/opt/airflow/dags/minio_to_snowflake.py                           1           0  6.57s           2026-09-20T16:12:10
================================================================================
[2026-09-20T16:12:51.898+0000] {manager.py:878} INFO - 
================================================================================
DAG File Processing Stats

File Path                                PID    Runtime      # DAGs    # Errors  Last Runtime    Last Run
---------------------------------------  -----  ---------  --------  ----------  --------------  -------------------
/opt/airflow/dags/minio_to_snowflake.py                           1           0  5.55s           2026-09-20T16:12:45
================================================================================
[2026-09-20T16:13:22.324+0000] {manager.py:878} INFO - 
================================================================================
DAG File Processing Stats

File Path                                PID    Runtime      # DAGs    # Errors  Last Runtime    Last Run
---------------------------------------  -----  ---------  --------  ----------  --------------  -------------------
/opt/airflow/dags/minio_to_snowflake.py                           1           0  5.91s           2026-09-20T16:13:22
================================================================================
[2026-09-20T16:13:52.896+0000] {manager.py:878} INFO - 
================================================================================
DAG File Processing Stats

File Path                                  PID  Runtime      # DAGs    # Errors  Last Runtime    Last Run
---------------------------------------  -----  ---------  --------  ----------  --------------  -------------------
/opt/airflow/dags/minio_to_snowflake.py  96321  0.03s             1           0  5.91s           2026-09-20T16:13:22
================================================================================
[2026-09-20T16:14:23.354+0000] {manager.py:878} INFO - 
================================================================================
DAG File Processing Stats

File Path                                PID    Runtime      # DAGs    # Errors  Last Runtime    Last Run
---------------------------------------  -----  ---------  --------  ----------  --------------  -------------------
/opt/airflow/dags/minio_to_snowflake.py                           1           0  3.61s           2026-09-20T16:13:56
================================================================================
[2026-09-20T16:14:53.484+0000] {manager.py:878} INFO - 
================================================================================
DAG File Processing Stats

File Path                                PID    Runtime      # DAGs    # Errors  Last Runtime    Last Run
---------------------------------------  -----  ---------  --------  ----------  --------------  -------------------
/opt/airflow/dags/minio_to_snowflake.py                           1           0  12.31s          2026-09-20T16:14:39
================================================================================
[2026-09-20T16:15:21.967+0000] {manager.py:737} INFO - Searching for files in /opt/airflow/dags
[2026-09-20T16:15:22.733+0000] {manager.py:740} INFO - There are 1 files in /opt/airflow/dags
[2026-09-20T16:15:23.746+0000] {manager.py:878} INFO - 
================================================================================
DAG File Processing Stats

File Path                                  PID  Runtime      # DAGs    # Errors  Last Runtime    Last Run
---------------------------------------  -----  ---------  --------  ----------  --------------  -------------------
/opt/airflow/dags/minio_to_snowflake.py  96391  12.93s            1           0  12.31s          2026-09-20T16:14:39
================================================================================
[2026-09-20T16:15:43.805+0000] {manager.py:1016} ERROR - Processor for /opt/airflow/dags/minio_to_snowflake.py exited with return code 1.
[2026-09-20T16:15:54.072+0000] {manager.py:878} INFO - 
================================================================================
DAG File Processing Stats

File Path                                PID    Runtime      # DAGs    # Errors  Last Runtime    Last Run
---------------------------------------  -----  ---------  --------  ----------  --------------  -------------------
/opt/airflow/dags/minio_to_snowflake.py                           0          -1  32.94s          2026-09-20T16:15:43
================================================================================
[2026-09-20T16:16:24.955+0000] {manager.py:878} INFO - 
================================================================================
DAG File Processing Stats

File Path                                  PID  Runtime      # DAGs    # Errors  Last Runtime    Last Run
---------------------------------------  -----  ---------  --------  ----------  --------------  -------------------
/opt/airflow/dags/minio_to_snowflake.py  98211  10.38s            0          -1  32.94s          2026-09-20T16:15:43
================================================================================
[2026-09-20T16:16:55.398+0000] {manager.py:878} INFO - 
================================================================================
DAG File Processing Stats

File Path                                PID    Runtime      # DAGs    # Errors  Last Runtime    Last Run
---------------------------------------  -----  ---------  --------  ----------  --------------  -------------------
/opt/airflow/dags/minio_to_snowflake.py                           1           0  14.84s          2026-09-20T16:16:29
================================================================================
[2026-09-20T16:17:25.409+0000] {manager.py:878} INFO - 
================================================================================
DAG File Processing Stats

File Path                                PID    Runtime      # DAGs    # Errors  Last Runtime    Last Run
---------------------------------------  -----  ---------  --------  ----------  --------------  -------------------
/opt/airflow/dags/minio_to_snowflake.py                           1           0  13.99s          2026-09-20T16:17:13
================================================================================
[2026-09-20T16:17:55.708+0000] {manager.py:878} INFO - 
================================================================================
DAG File Processing Stats

File Path                                PID    Runtime      # DAGs    # Errors  Last Runtime    Last Run
---------------------------------------  -----  ---------  --------  ----------  --------------  -------------------
/opt/airflow/dags/minio_to_snowflake.py                           1           0  6.89s           2026-09-20T16:17:50
================================================================================
[2026-09-20T16:18:26.097+0000] {manager.py:878} INFO - 
================================================================================
DAG File Processing Stats

File Path                                  PID  Runtime      # DAGs    # Errors  Last Runtime    Last Run
---------------------------------------  -----  ---------  --------  ----------  --------------  -------------------
/opt/airflow/dags/minio_to_snowflake.py  98816  5.17s             1           0  6.89s           2026-09-20T16:17:50
================================================================================
[2026-09-20T16:18:56.331+0000] {manager.py:878} INFO - 
================================================================================
DAG File Processing Stats

File Path                                PID    Runtime      # DAGs    # Errors  Last Runtime    Last Run
---------------------------------------  -----  ---------  --------  ----------  --------------  -------------------
/opt/airflow/dags/minio_to_snowflake.py                           1           0  6.71s           2026-09-20T16:18:27
================================================================================
[2026-09-20T16:19:26.783+0000] {manager.py:878} INFO - 
================================================================================
DAG File Processing Stats

File Path                                PID    Runtime      # DAGs    # Errors  Last Runtime    Last Run
---------------------------------------  -----  ---------  --------  ----------  --------------  -------------------
/opt/airflow/dags/minio_to_snowflake.py                           1           0  2.90s           2026-09-20T16:19:00
================================================================================
[2026-09-20T16:19:57.454+0000] {manager.py:878} INFO - 
================================================================================
DAG File Processing Stats

File Path                                PID    Runtime      # DAGs    # Errors  Last Runtime    Last Run
---------------------------------------  -----  ---------  --------  ----------  --------------  -------------------
/opt/airflow/dags/minio_to_snowflake.py                           1           0  4.47s           2026-09-20T16:19:35
================================================================================
[2026-09-20T16:20:22.051+0000] {manager.py:737} INFO - Searching for files in /opt/airflow/dags
[2026-09-20T16:20:22.172+0000] {manager.py:740} INFO - There are 1 files in /opt/airflow/dags
[2026-09-20T16:20:28.360+0000] {manager.py:878} INFO - 
================================================================================
DAG File Processing Stats

File Path                                PID    Runtime      # DAGs    # Errors  Last Runtime    Last Run
---------------------------------------  -----  ---------  --------  ----------  --------------  -------------------
/opt/airflow/dags/minio_to_snowflake.py                           1           0  4.27s           2026-09-20T16:20:09
================================================================================
[2026-09-20T16:20:58.956+0000] {manager.py:878} INFO - 
================================================================================
DAG File Processing Stats

File Path                                PID    Runtime      # DAGs    # Errors  Last Runtime    Last Run
---------------------------------------  -----  ---------  --------  ----------  --------------  -------------------
/opt/airflow/dags/minio_to_snowflake.py                           1           0  5.15s           2026-09-20T16:20:45
================================================================================
[2026-09-20T16:21:29.532+0000] {manager.py:878} INFO - 
================================================================================
DAG File Processing Stats

File Path                                PID    Runtime      # DAGs    # Errors  Last Runtime    Last Run
---------------------------------------  -----  ---------  --------  ----------  --------------  -------------------
/opt/airflow/dags/minio_to_snowflake.py                           1           0  10.11s          2026-09-20T16:21:26
================================================================================
[2026-09-20T16:22:00.120+0000] {manager.py:878} INFO - 
================================================================================
DAG File Processing Stats

File Path                                   PID  Runtime      # DAGs    # Errors  Last Runtime    Last Run
---------------------------------------  ------  ---------  --------  ----------  --------------  -------------------
/opt/airflow/dags/minio_to_snowflake.py  101443  3.13s             1           0  10.11s          2026-09-20T16:21:26
================================================================================
[2026-09-20T16:22:30.667+0000] {manager.py:878} INFO - 
================================================================================
DAG File Processing Stats

File Path                                PID    Runtime      # DAGs    # Errors  Last Runtime    Last Run
---------------------------------------  -----  ---------  --------  ----------  --------------  -------------------
/opt/airflow/dags/minio_to_snowflake.py                           1           0  8.41s           2026-09-20T16:22:05
================================================================================
[2026-09-20T16:23:01.073+0000] {manager.py:878} INFO - 
================================================================================
DAG File Processing Stats

File Path                                PID    Runtime      # DAGs    # Errors  Last Runtime    Last Run
---------------------------------------  -----  ---------  --------  ----------  --------------  -------------------
/opt/airflow/dags/minio_to_snowflake.py                           1           0  19.41s          2026-09-20T16:22:55
================================================================================
[2026-09-20T16:23:31.550+0000] {manager.py:878} INFO - 
================================================================================
DAG File Processing Stats

File Path                                PID    Runtime      # DAGs    # Errors  Last Runtime    Last Run
---------------------------------------  -----  ---------  --------  ----------  --------------  -------------------
/opt/airflow/dags/minio_to_snowflake.py                           1           0  5.12s           2026-09-20T16:23:30
================================================================================
[2026-09-20T16:24:02.214+0000] {manager.py:878} INFO - 
================================================================================
DAG File Processing Stats

File Path                                   PID  Runtime      # DAGs    # Errors  Last Runtime    Last Run
---------------------------------------  ------  ---------  --------  ----------  --------------  -------------------
/opt/airflow/dags/minio_to_snowflake.py  101956  1.03s             1           0  5.12s           2026-09-20T16:23:30
================================================================================
[2026-09-20T16:24:32.640+0000] {manager.py:878} INFO - 
================================================================================
DAG File Processing Stats

File Path                                PID    Runtime      # DAGs    # Errors  Last Runtime    Last Run
---------------------------------------  -----  ---------  --------  ----------  --------------  -------------------
/opt/airflow/dags/minio_to_snowflake.py                           1           0  22.04s          2026-09-20T16:24:23
================================================================================
[2026-09-20T16:25:02.776+0000] {manager.py:878} INFO - 
================================================================================
DAG File Processing Stats

File Path                                   PID  Runtime      # DAGs    # Errors  Last Runtime    Last Run
---------------------------------------  ------  ---------  --------  ----------  --------------  -------------------
/opt/airflow/dags/minio_to_snowflake.py  102176  9.29s             1           0  22.04s          2026-09-20T16:24:23
================================================================================
[2026-09-20T16:25:22.369+0000] {manager.py:737} INFO - Searching for files in /opt/airflow/dags
[2026-09-20T16:25:22.648+0000] {manager.py:740} INFO - There are 1 files in /opt/airflow/dags
[2026-09-20T16:25:33.949+0000] {manager.py:878} INFO - 
================================================================================
DAG File Processing Stats

File Path                                PID    Runtime      # DAGs    # Errors  Last Runtime    Last Run
---------------------------------------  -----  ---------  --------  ----------  --------------  -------------------
/opt/airflow/dags/minio_to_snowflake.py                           1           0  28.09s          2026-09-20T16:25:21
================================================================================
[2026-09-20T16:26:04.144+0000] {manager.py:878} INFO - 
================================================================================
DAG File Processing Stats

File Path                                PID    Runtime      # DAGs    # Errors  Last Runtime    Last Run
---------------------------------------  -----  ---------  --------  ----------  --------------  -------------------
/opt/airflow/dags/minio_to_snowflake.py                           1           0  5.75s           2026-09-20T16:25:58
================================================================================
[2026-09-20T16:26:34.147+0000] {manager.py:878} INFO - 
================================================================================
DAG File Processing Stats

File Path                                   PID  Runtime      # DAGs    # Errors  Last Runtime    Last Run
---------------------------------------  ------  ---------  --------  ----------  --------------  -------------------
/opt/airflow/dags/minio_to_snowflake.py  102472  5.56s             1           0  5.75s           2026-09-20T16:25:58
================================================================================
[2026-09-20T16:27:04.453+0000] {manager.py:878} INFO - 
================================================================================
DAG File Processing Stats

File Path                                PID    Runtime      # DAGs    # Errors  Last Runtime    Last Run
---------------------------------------  -----  ---------  --------  ----------  --------------  -------------------
/opt/airflow/dags/minio_to_snowflake.py                           1           0  6.59s           2026-09-20T16:26:35
================================================================================
[2026-09-20T16:27:35.066+0000] {manager.py:878} INFO - 
================================================================================
DAG File Processing Stats

File Path                                PID    Runtime      # DAGs    # Errors  Last Runtime    Last Run
---------------------------------------  -----  ---------  --------  ----------  --------------  -------------------
/opt/airflow/dags/minio_to_snowflake.py                           1           0  17.57s          2026-09-20T16:27:22
================================================================================
[2026-09-20T16:28:05.827+0000] {manager.py:878} INFO - 
================================================================================
DAG File Processing Stats

File Path                                PID    Runtime      # DAGs    # Errors  Last Runtime    Last Run
---------------------------------------  -----  ---------  --------  ----------  --------------  -------------------
/opt/airflow/dags/minio_to_snowflake.py                           1           0  4.36s           2026-09-20T16:27:57
================================================================================
[2026-09-20T16:28:36.018+0000] {manager.py:878} INFO - 
================================================================================
DAG File Processing Stats

File Path                                PID    Runtime      # DAGs    # Errors  Last Runtime    Last Run
---------------------------------------  -----  ---------  --------  ----------  --------------  -------------------
/opt/airflow/dags/minio_to_snowflake.py                           1           0  7.74s           2026-09-20T16:28:36
================================================================================
[2026-09-20T16:29:06.557+0000] {manager.py:878} INFO - 
================================================================================
DAG File Processing Stats

File Path                                   PID  Runtime      # DAGs    # Errors  Last Runtime    Last Run
---------------------------------------  ------  ---------  --------  ----------  --------------  -------------------
/opt/airflow/dags/minio_to_snowflake.py  104704  0.03s             1           0  7.74s           2026-09-20T16:28:36
================================================================================
[2026-09-20T16:29:36.570+0000] {manager.py:878} INFO - 
================================================================================
DAG File Processing Stats

File Path                                PID    Runtime      # DAGs    # Errors  Last Runtime    Last Run
---------------------------------------  -----  ---------  --------  ----------  --------------  -------------------
/opt/airflow/dags/minio_to_snowflake.py                           1           0  3.78s           2026-09-20T16:29:10
================================================================================
[2026-09-20T16:30:06.909+0000] {manager.py:878} INFO - 
================================================================================
DAG File Processing Stats

File Path                                   PID  Runtime      # DAGs    # Errors  Last Runtime    Last Run
---------------------------------------  ------  ---------  --------  ----------  --------------  -------------------
/opt/airflow/dags/minio_to_snowflake.py  104867  26.10s            1           0  3.78s           2026-09-20T16:29:10
================================================================================
[2026-09-20T16:30:22.875+0000] {manager.py:737} INFO - Searching for files in /opt/airflow/dags
[2026-09-20T16:30:23.118+0000] {manager.py:740} INFO - There are 1 files in /opt/airflow/dags
[2026-09-20T16:30:37.245+0000] {manager.py:878} INFO - 
================================================================================
DAG File Processing Stats

File Path                                PID    Runtime      # DAGs    # Errors  Last Runtime    Last Run
---------------------------------------  -----  ---------  --------  ----------  --------------  -------------------
/opt/airflow/dags/minio_to_snowflake.py                           1           0  47.71s          2026-09-20T16:30:28
================================================================================
[2026-09-20T16:31:07.951+0000] {manager.py:878} INFO - 
================================================================================
DAG File Processing Stats

File Path                                   PID  Runtime      # DAGs    # Errors  Last Runtime    Last Run
---------------------------------------  ------  ---------  --------  ----------  --------------  -------------------
/opt/airflow/dags/minio_to_snowflake.py  105100  9.18s             1           0  47.71s          2026-09-20T16:30:28
================================================================================
[2026-09-20T16:31:38.137+0000] {manager.py:878} INFO - 
================================================================================
DAG File Processing Stats

File Path                                PID    Runtime      # DAGs    # Errors  Last Runtime    Last Run
---------------------------------------  -----  ---------  --------  ----------  --------------  -------------------
/opt/airflow/dags/minio_to_snowflake.py                           1           0  12.99s          2026-09-20T16:31:11
================================================================================
[2026-09-20T16:32:08.175+0000] {manager.py:878} INFO - 
================================================================================
DAG File Processing Stats

File Path                                PID    Runtime      # DAGs    # Errors  Last Runtime    Last Run
---------------------------------------  -----  ---------  --------  ----------  --------------  -------------------
/opt/airflow/dags/minio_to_snowflake.py                           1           0  5.59s           2026-09-20T16:31:48
================================================================================
[2026-09-20T16:32:39.106+0000] {manager.py:878} INFO - 
================================================================================
DAG File Processing Stats

File Path                                PID    Runtime      # DAGs    # Errors  Last Runtime    Last Run
---------------------------------------  -----  ---------  --------  ----------  --------------  -------------------
/opt/airflow/dags/minio_to_snowflake.py                           1           0  5.43s           2026-09-20T16:32:23
================================================================================
[2026-09-20T16:33:09.271+0000] {manager.py:878} INFO - 
================================================================================
DAG File Processing Stats

File Path                                PID    Runtime      # DAGs    # Errors  Last Runtime    Last Run
---------------------------------------  -----  ---------  --------  ----------  --------------  -------------------
/opt/airflow/dags/minio_to_snowflake.py                           1           0  5.73s           2026-09-20T16:33:00
================================================================================
[2026-09-20T16:33:39.521+0000] {manager.py:878} INFO - 
================================================================================
DAG File Processing Stats

File Path                                   PID  Runtime      # DAGs    # Errors  Last Runtime    Last Run
---------------------------------------  ------  ---------  --------  ----------  --------------  -------------------
/opt/airflow/dags/minio_to_snowflake.py  106322  9.17s             1           0  5.73s           2026-09-20T16:33:00
================================================================================
[2026-09-20T16:34:09.822+0000] {manager.py:878} INFO - 
================================================================================
DAG File Processing Stats

File Path                                PID    Runtime      # DAGs    # Errors  Last Runtime    Last Run
---------------------------------------  -----  ---------  --------  ----------  --------------  -------------------
/opt/airflow/dags/minio_to_snowflake.py                           1           0  9.48s           2026-09-20T16:33:39
================================================================================
[2026-09-20T16:34:40.198+0000] {manager.py:878} INFO - 
================================================================================
DAG File Processing Stats

File Path                                PID    Runtime      # DAGs    # Errors  Last Runtime    Last Run
---------------------------------------  -----  ---------  --------  ----------  --------------  -------------------
/opt/airflow/dags/minio_to_snowflake.py                           1           0  10.59s          2026-09-20T16:34:21
================================================================================
[2026-09-20T16:35:10.904+0000] {manager.py:878} INFO - 
================================================================================
DAG File Processing Stats

File Path                                PID    Runtime      # DAGs    # Errors  Last Runtime    Last Run
---------------------------------------  -----  ---------  --------  ----------  --------------  -------------------
/opt/airflow/dags/minio_to_snowflake.py                           1           0  13.33s          2026-09-20T16:35:04
================================================================================
[2026-09-20T16:35:23.136+0000] {manager.py:737} INFO - Searching for files in /opt/airflow/dags
[2026-09-20T16:35:23.300+0000] {manager.py:740} INFO - There are 1 files in /opt/airflow/dags
[2026-09-20T16:35:40.982+0000] {manager.py:878} INFO - 
================================================================================
DAG File Processing Stats

File Path                                   PID  Runtime      # DAGs    # Errors  Last Runtime    Last Run
---------------------------------------  ------  ---------  --------  ----------  --------------  -------------------
/opt/airflow/dags/minio_to_snowflake.py  107795  6.08s             1           0  13.33s          2026-09-20T16:35:04
================================================================================
[2026-09-20T16:36:11.100+0000] {manager.py:878} INFO - 
================================================================================
DAG File Processing Stats

File Path                                PID    Runtime      # DAGs    # Errors  Last Runtime    Last Run
---------------------------------------  -----  ---------  --------  ----------  --------------  -------------------
/opt/airflow/dags/minio_to_snowflake.py                           1           0  8.13s           2026-09-20T16:35:43
================================================================================
[2026-09-20T16:36:41.541+0000] {manager.py:878} INFO - 
================================================================================
DAG File Processing Stats

File Path                                PID    Runtime      # DAGs    # Errors  Last Runtime    Last Run
---------------------------------------  -----  ---------  --------  ----------  --------------  -------------------
/opt/airflow/dags/minio_to_snowflake.py                           1           0  7.90s           2026-09-20T16:36:21
================================================================================
[2026-09-20T16:37:12.045+0000] {manager.py:878} INFO - 
================================================================================
DAG File Processing Stats

File Path                                   PID  Runtime      # DAGs    # Errors  Last Runtime    Last Run
---------------------------------------  ------  ---------  --------  ----------  --------------  -------------------
/opt/airflow/dags/minio_to_snowflake.py  108110  20.50s            1           0  7.90s           2026-09-20T16:36:21
================================================================================
[2026-09-20T16:37:42.414+0000] {manager.py:878} INFO - 
================================================================================
DAG File Processing Stats

File Path                                PID    Runtime      # DAGs    # Errors  Last Runtime    Last Run
---------------------------------------  -----  ---------  --------  ----------  --------------  -------------------
/opt/airflow/dags/minio_to_snowflake.py                           1           0  21.33s          2026-09-20T16:37:12
================================================================================
[2026-09-20T16:38:12.651+0000] {manager.py:878} INFO - 
================================================================================
DAG File Processing Stats

File Path                                   PID  Runtime      # DAGs    # Errors  Last Runtime    Last Run
---------------------------------------  ------  ---------  --------  ----------  --------------  -------------------
/opt/airflow/dags/minio_to_snowflake.py  108281  29.46s            1           0  21.33s          2026-09-20T16:37:12
================================================================================
[2026-09-20T16:38:14.735+0000] {manager.py:1016} ERROR - Processor for /opt/airflow/dags/minio_to_snowflake.py exited with return code 1.
[2026-09-20T16:38:43.002+0000] {manager.py:878} INFO - 
================================================================================
DAG File Processing Stats

File Path                                PID    Runtime      # DAGs    # Errors  Last Runtime    Last Run
---------------------------------------  -----  ---------  --------  ----------  --------------  -------------------
/opt/airflow/dags/minio_to_snowflake.py                           0          -1  31.55s          2026-09-20T16:38:14
================================================================================
[2026-09-20T16:39:13.847+0000] {manager.py:878} INFO - 
================================================================================
DAG File Processing Stats

File Path                                PID    Runtime      # DAGs    # Errors  Last Runtime    Last Run
---------------------------------------  -----  ---------  --------  ----------  --------------  -------------------
/opt/airflow/dags/minio_to_snowflake.py                           1           0  10.43s          2026-09-20T16:38:55
================================================================================
[2026-09-20T16:39:44.583+0000] {manager.py:878} INFO - 
================================================================================
DAG File Processing Stats

File Path                                PID    Runtime      # DAGs    # Errors  Last Runtime    Last Run
---------------------------------------  -----  ---------  --------  ----------  --------------  -------------------
/opt/airflow/dags/minio_to_snowflake.py                           1           0  6.08s           2026-09-20T16:39:32
================================================================================
[2026-09-20T16:40:15.383+0000] {manager.py:878} INFO - 
================================================================================
DAG File Processing Stats

File Path                                PID    Runtime      # DAGs    # Errors  Last Runtime    Last Run
---------------------------------------  -----  ---------  --------  ----------  --------------  -------------------
/opt/airflow/dags/minio_to_snowflake.py                           1           0  6.92s           2026-09-20T16:40:10
================================================================================
[2026-09-20T16:40:23.660+0000] {manager.py:737} INFO - Searching for files in /opt/airflow/dags
[2026-09-20T16:40:23.853+0000] {manager.py:740} INFO - There are 1 files in /opt/airflow/dags
[2026-09-20T16:40:45.773+0000] {manager.py:878} INFO - 
================================================================================
DAG File Processing Stats

File Path                                   PID  Runtime      # DAGs    # Errors  Last Runtime    Last Run
---------------------------------------  ------  ---------  --------  ----------  --------------  -------------------
/opt/airflow/dags/minio_to_snowflake.py  110585  5.36s             1           0  6.92s           2026-09-20T16:40:10
================================================================================
[2026-09-20T16:41:16.235+0000] {manager.py:878} INFO - 
================================================================================
DAG File Processing Stats

File Path                                PID    Runtime      # DAGs    # Errors  Last Runtime    Last Run
---------------------------------------  -----  ---------  --------  ----------  --------------  -------------------
/opt/airflow/dags/minio_to_snowflake.py                           1           0  7.83s           2026-09-20T16:40:48
================================================================================
[2026-09-20T16:41:46.703+0000] {manager.py:878} INFO - 
================================================================================
DAG File Processing Stats

File Path                                PID    Runtime      # DAGs    # Errors  Last Runtime    Last Run
---------------------------------------  -----  ---------  --------  ----------  --------------  -------------------
/opt/airflow/dags/minio_to_snowflake.py                           1           0  19.08s          2026-09-20T16:41:37
================================================================================
[2026-09-20T16:42:17.050+0000] {manager.py:878} INFO - 
================================================================================
DAG File Processing Stats

File Path                                   PID  Runtime      # DAGs    # Errors  Last Runtime    Last Run
---------------------------------------  ------  ---------  --------  ----------  --------------  -------------------
/opt/airflow/dags/minio_to_snowflake.py  110788  9.29s             1           0  19.08s          2026-09-20T16:41:37
================================================================================
[2026-09-20T16:42:47.070+0000] {manager.py:878} INFO - 
================================================================================
DAG File Processing Stats

File Path                                PID    Runtime      # DAGs    # Errors  Last Runtime    Last Run
---------------------------------------  -----  ---------  --------  ----------  --------------  -------------------
/opt/airflow/dags/minio_to_snowflake.py                           1           0  13.68s          2026-09-20T16:42:21
================================================================================
[2026-09-20T16:43:17.151+0000] {manager.py:878} INFO - 
================================================================================
DAG File Processing Stats

File Path                                PID    Runtime      # DAGs    # Errors  Last Runtime    Last Run
---------------------------------------  -----  ---------  --------  ----------  --------------  -------------------
/opt/airflow/dags/minio_to_snowflake.py                           1           0  14.54s          2026-09-20T16:43:06
================================================================================
[2026-09-20T16:43:47.168+0000] {manager.py:878} INFO - 
================================================================================
DAG File Processing Stats

File Path                                   PID  Runtime      # DAGs    # Errors  Last Runtime    Last Run
---------------------------------------  ------  ---------  --------  ----------  --------------  -------------------
/opt/airflow/dags/minio_to_snowflake.py  111127  10.44s            1           0  14.54s          2026-09-20T16:43:06
================================================================================
[2026-09-20T16:44:18.027+0000] {manager.py:878} INFO - 
================================================================================
DAG File Processing Stats

File Path                                   PID  Runtime      # DAGs    # Errors  Last Runtime    Last Run
---------------------------------------  ------  ---------  --------  ----------  --------------  -------------------
/opt/airflow/dags/minio_to_snowflake.py  111261  0.04s             1           0  10.70s          2026-09-20T16:43:47
================================================================================
[2026-09-20T16:44:48.656+0000] {manager.py:878} INFO - 
================================================================================
DAG File Processing Stats

File Path                                PID    Runtime      # DAGs    # Errors  Last Runtime    Last Run
---------------------------------------  -----  ---------  --------  ----------  --------------  -------------------
/opt/airflow/dags/minio_to_snowflake.py                           1           0  13.25s          2026-09-20T16:44:31
================================================================================
[2026-09-20T16:45:18.910+0000] {manager.py:878} INFO - 
================================================================================
DAG File Processing Stats

File Path                                   PID  Runtime      # DAGs    # Errors  Last Runtime    Last Run
---------------------------------------  ------  ---------  --------  ----------  --------------  -------------------
/opt/airflow/dags/minio_to_snowflake.py  111423  17.52s            1           0  13.25s          2026-09-20T16:44:31
================================================================================
[2026-09-20T16:45:23.798+0000] {manager.py:737} INFO - Searching for files in /opt/airflow/dags
[2026-09-20T16:45:24.012+0000] {manager.py:740} INFO - There are 1 files in /opt/airflow/dags
[2026-09-20T16:45:49.962+0000] {manager.py:878} INFO - 
================================================================================
DAG File Processing Stats

File Path                                   PID  Runtime      # DAGs    # Errors  Last Runtime    Last Run
---------------------------------------  ------  ---------  --------  ----------  --------------  -------------------
/opt/airflow/dags/minio_to_snowflake.py  111569  0.02s             1           0  18.25s          2026-09-20T16:45:19
================================================================================
[2026-09-20T16:46:20.331+0000] {manager.py:878} INFO - 
================================================================================
DAG File Processing Stats

File Path                                PID    Runtime      # DAGs    # Errors  Last Runtime    Last Run
---------------------------------------  -----  ---------  --------  ----------  --------------  -------------------
/opt/airflow/dags/minio_to_snowflake.py                           1           0  8.85s           2026-09-20T16:45:58
================================================================================
[2026-09-20T16:46:50.527+0000] {manager.py:878} INFO - 
================================================================================
DAG File Processing Stats

File Path                                   PID  Runtime      # DAGs    # Errors  Last Runtime    Last Run
---------------------------------------  ------  ---------  --------  ----------  --------------  -------------------
/opt/airflow/dags/minio_to_snowflake.py  111621  21.56s            1           0  8.85s           2026-09-20T16:45:58
================================================================================
[2026-09-20T16:47:21.291+0000] {manager.py:878} INFO - 
================================================================================
DAG File Processing Stats

File Path                                PID    Runtime      # DAGs    # Errors  Last Runtime    Last Run
---------------------------------------  -----  ---------  --------  ----------  --------------  -------------------
/opt/airflow/dags/minio_to_snowflake.py                           1           0  30.90s          2026-09-20T16:46:59
================================================================================
[2026-09-20T16:47:51.440+0000] {manager.py:878} INFO - 
================================================================================
DAG File Processing Stats

File Path                                   PID  Runtime      # DAGs    # Errors  Last Runtime    Last Run
---------------------------------------  ------  ---------  --------  ----------  --------------  -------------------
/opt/airflow/dags/minio_to_snowflake.py  111634  20.69s            1           0  30.90s          2026-09-20T16:46:59
================================================================================
[2026-09-20T16:48:21.086+0000] {manager.py:1203} ERROR - Processor for /opt/airflow/dags/minio_to_snowflake.py with PID 111634 started at 2026-09-20T16:47:30.743557+00:00 has timed out, killing it.
[2026-09-20T16:48:22.605+0000] {manager.py:878} INFO - 
================================================================================
DAG File Processing Stats

File Path                                PID    Runtime      # DAGs    # Errors  Last Runtime    Last Run
---------------------------------------  -----  ---------  --------  ----------  --------------  -------------------
/opt/airflow/dags/minio_to_snowflake.py                           0           1  50.33s          2026-09-20T16:48:21
================================================================================
[2026-09-20T16:48:53.296+0000] {manager.py:878} INFO - 
================================================================================
DAG File Processing Stats

File Path                                   PID  Runtime      # DAGs    # Errors  Last Runtime    Last Run
---------------------------------------  ------  ---------  --------  ----------  --------------  -------------------
/opt/airflow/dags/minio_to_snowflake.py  112958  1.20s             0           1  50.33s          2026-09-20T16:48:21
================================================================================
[2026-09-20T16:49:23.400+0000] {manager.py:878} INFO - 
================================================================================
DAG File Processing Stats

File Path                                   PID  Runtime      # DAGs    # Errors  Last Runtime    Last Run
---------------------------------------  ------  ---------  --------  ----------  --------------  -------------------
/opt/airflow/dags/minio_to_snowflake.py  112958  31.27s            0           1  50.33s          2026-09-20T16:48:21
================================================================================
[2026-09-20T16:49:43.040+0000] {manager.py:1203} ERROR - Processor for /opt/airflow/dags/minio_to_snowflake.py with PID 112958 started at 2026-09-20T16:48:52.078780+00:00 has timed out, killing it.
[2026-09-20T16:49:54.509+0000] {manager.py:878} INFO - 
================================================================================
DAG File Processing Stats

File Path                                PID    Runtime      # DAGs    # Errors  Last Runtime    Last Run
---------------------------------------  -----  ---------  --------  ----------  --------------  -------------------
/opt/airflow/dags/minio_to_snowflake.py                           0           1  50.96s          2026-09-20T16:49:43
================================================================================
[2026-09-20T16:50:24.517+0000] {manager.py:737} INFO - Searching for files in /opt/airflow/dags
[2026-09-20T16:50:24.834+0000] {manager.py:740} INFO - There are 1 files in /opt/airflow/dags
[2026-09-20T16:50:25.211+0000] {manager.py:878} INFO - 
================================================================================
DAG File Processing Stats

File Path                                   PID  Runtime      # DAGs    # Errors  Last Runtime    Last Run
---------------------------------------  ------  ---------  --------  ----------  --------------  -------------------
/opt/airflow/dags/minio_to_snowflake.py  113647  11.09s            0           1  50.96s          2026-09-20T16:49:43
================================================================================
[2026-09-20T16:50:45.479+0000] {manager.py:1016} ERROR - Processor for /opt/airflow/dags/minio_to_snowflake.py exited with return code 1.
[2026-09-20T16:50:55.590+0000] {manager.py:878} INFO - 
================================================================================
DAG File Processing Stats

File Path                                PID    Runtime      # DAGs    # Errors  Last Runtime    Last Run
---------------------------------------  -----  ---------  --------  ----------  --------------  -------------------
/opt/airflow/dags/minio_to_snowflake.py                           0          -1  31.35s          2026-09-20T16:50:45
================================================================================
[2026-09-20T16:51:25.831+0000] {manager.py:878} INFO - 
================================================================================
DAG File Processing Stats

File Path                                   PID  Runtime      # DAGs    # Errors  Last Runtime    Last Run
---------------------------------------  ------  ---------  --------  ----------  --------------  -------------------
/opt/airflow/dags/minio_to_snowflake.py  113777  9.55s             0          -1  31.35s          2026-09-20T16:50:45
================================================================================
[2026-09-20T16:51:55.862+0000] {manager.py:878} INFO - 
================================================================================
DAG File Processing Stats

File Path                                PID    Runtime      # DAGs    # Errors  Last Runtime    Last Run
---------------------------------------  -----  ---------  --------  ----------  --------------  -------------------
/opt/airflow/dags/minio_to_snowflake.py                           1           0  25.48s          2026-09-20T16:51:41
================================================================================
[2026-09-20T16:52:26.562+0000] {manager.py:878} INFO - 
================================================================================
DAG File Processing Stats

File Path                                   PID  Runtime      # DAGs    # Errors  Last Runtime    Last Run
---------------------------------------  ------  ---------  --------  ----------  --------------  -------------------
/opt/airflow/dags/minio_to_snowflake.py  113986  14.25s            1           0  25.48s          2026-09-20T16:51:41
================================================================================
[2026-09-20T16:52:47.803+0000] {manager.py:1016} ERROR - Processor for /opt/airflow/dags/minio_to_snowflake.py exited with return code 1.
[2026-09-20T16:52:56.707+0000] {manager.py:878} INFO - 
================================================================================
DAG File Processing Stats

File Path                                PID    Runtime      # DAGs    # Errors  Last Runtime    Last Run
---------------------------------------  -----  ---------  --------  ----------  --------------  -------------------
/opt/airflow/dags/minio_to_snowflake.py                           0          -1  35.51s          2026-09-20T16:52:47
================================================================================
[2026-09-20T16:53:26.844+0000] {manager.py:878} INFO - 
================================================================================
DAG File Processing Stats

File Path                                   PID  Runtime      # DAGs    # Errors  Last Runtime    Last Run
---------------------------------------  ------  ---------  --------  ----------  --------------  -------------------
/opt/airflow/dags/minio_to_snowflake.py  114189  8.22s             0          -1  35.51s          2026-09-20T16:52:47
================================================================================
[2026-09-20T16:53:57.485+0000] {manager.py:878} INFO - 
================================================================================
DAG File Processing Stats

File Path                                PID    Runtime      # DAGs    # Errors  Last Runtime    Last Run
---------------------------------------  -----  ---------  --------  ----------  --------------  -------------------
/opt/airflow/dags/minio_to_snowflake.py                           1           0  13.93s          2026-09-20T16:53:32
================================================================================
[2026-09-20T16:54:27.978+0000] {manager.py:878} INFO - 
================================================================================
DAG File Processing Stats

File Path                                   PID  Runtime      # DAGs    # Errors  Last Runtime    Last Run
---------------------------------------  ------  ---------  --------  ----------  --------------  -------------------
/opt/airflow/dags/minio_to_snowflake.py  114374  24.53s            1           0  13.93s          2026-09-20T16:53:32
================================================================================
[2026-09-20T16:54:37.871+0000] {manager.py:1016} ERROR - Processor for /opt/airflow/dags/minio_to_snowflake.py exited with return code 1.
[2026-09-20T16:54:58.222+0000] {manager.py:878} INFO - 
================================================================================
DAG File Processing Stats

File Path                                PID    Runtime      # DAGs    # Errors  Last Runtime    Last Run
---------------------------------------  -----  ---------  --------  ----------  --------------  -------------------
/opt/airflow/dags/minio_to_snowflake.py                           0          -1  34.44s          2026-09-20T16:54:37
================================================================================
[2026-09-20T16:55:24.930+0000] {manager.py:737} INFO - Searching for files in /opt/airflow/dags
[2026-09-20T16:55:25.072+0000] {manager.py:740} INFO - There are 1 files in /opt/airflow/dags
[2026-09-20T16:55:28.229+0000] {manager.py:878} INFO - 
================================================================================
DAG File Processing Stats

File Path                                PID    Runtime      # DAGs    # Errors  Last Runtime    Last Run
---------------------------------------  -----  ---------  --------  ----------  --------------  -------------------
/opt/airflow/dags/minio_to_snowflake.py                           1           0  10.34s          2026-09-20T16:55:18
================================================================================
[2026-09-20T16:55:58.674+0000] {manager.py:878} INFO - 
================================================================================
DAG File Processing Stats

File Path                                PID    Runtime      # DAGs    # Errors  Last Runtime    Last Run
---------------------------------------  -----  ---------  --------  ----------  --------------  -------------------
/opt/airflow/dags/minio_to_snowflake.py                           1           0  5.01s           2026-09-20T16:55:54
================================================================================
[2026-09-20T16:56:29.675+0000] {manager.py:878} INFO - 
================================================================================
DAG File Processing Stats

File Path                                   PID  Runtime      # DAGs    # Errors  Last Runtime    Last Run
---------------------------------------  ------  ---------  --------  ----------  --------------  -------------------
/opt/airflow/dags/minio_to_snowflake.py  114703  4.20s             1           0  5.01s           2026-09-20T16:55:54
================================================================================
[2026-09-20T16:56:59.731+0000] {manager.py:878} INFO - 
================================================================================
DAG File Processing Stats

File Path                                PID    Runtime      # DAGs    # Errors  Last Runtime    Last Run
---------------------------------------  -----  ---------  --------  ----------  --------------  -------------------
/opt/airflow/dags/minio_to_snowflake.py                           1           0  27.78s          2026-09-20T16:56:53
================================================================================
[2026-09-20T16:57:29.949+0000] {manager.py:878} INFO - 
================================================================================
DAG File Processing Stats

File Path                                   PID  Runtime      # DAGs    # Errors  Last Runtime    Last Run
---------------------------------------  ------  ---------  --------  ----------  --------------  -------------------
/opt/airflow/dags/minio_to_snowflake.py  116682  6.21s             1           0  27.78s          2026-09-20T16:56:53
================================================================================
[2026-09-20T16:57:59.984+0000] {manager.py:878} INFO - 
================================================================================
DAG File Processing Stats

File Path                                PID    Runtime      # DAGs    # Errors  Last Runtime    Last Run
---------------------------------------  -----  ---------  --------  ----------  --------------  -------------------
/opt/airflow/dags/minio_to_snowflake.py                           1           0  22.98s          2026-09-20T16:57:46
================================================================================
[2026-09-20T16:58:30.055+0000] {manager.py:878} INFO - 
================================================================================
DAG File Processing Stats

File Path                                   PID  Runtime      # DAGs    # Errors  Last Runtime    Last Run
---------------------------------------  ------  ---------  --------  ----------  --------------  -------------------
/opt/airflow/dags/minio_to_snowflake.py  116694  12.75s            1           0  22.98s          2026-09-20T16:57:46
================================================================================
[2026-09-20T16:58:51.734+0000] {manager.py:1016} ERROR - Processor for /opt/airflow/dags/minio_to_snowflake.py exited with return code 1.
[2026-09-20T16:59:00.338+0000] {manager.py:878} INFO - 
================================================================================
DAG File Processing Stats

File Path                                PID    Runtime      # DAGs    # Errors  Last Runtime    Last Run
---------------------------------------  -----  ---------  --------  ----------  --------------  -------------------
/opt/airflow/dags/minio_to_snowflake.py                           0          -1  34.41s          2026-09-20T16:58:51
================================================================================
[2026-09-20T16:59:30.669+0000] {manager.py:878} INFO - 
================================================================================
DAG File Processing Stats

File Path                                   PID  Runtime      # DAGs    # Errors  Last Runtime    Last Run
---------------------------------------  ------  ---------  --------  ----------  --------------  -------------------
/opt/airflow/dags/minio_to_snowflake.py  116786  8.50s             0          -1  34.41s          2026-09-20T16:58:51
================================================================================
[2026-09-20T17:00:00.733+0000] {manager.py:878} INFO - 
================================================================================
DAG File Processing Stats

File Path                                   PID  Runtime      # DAGs    # Errors  Last Runtime    Last Run
---------------------------------------  ------  ---------  --------  ----------  --------------  -------------------
/opt/airflow/dags/minio_to_snowflake.py  116786  38.57s            0          -1  34.41s          2026-09-20T16:58:51
================================================================================
[2026-09-20T17:00:12.596+0000] {manager.py:1203} ERROR - Processor for /opt/airflow/dags/minio_to_snowflake.py with PID 116786 started at 2026-09-20T16:59:22.157807+00:00 has timed out, killing it.
[2026-09-20T17:00:25.197+0000] {manager.py:737} INFO - Searching for files in /opt/airflow/dags
[2026-09-20T17:00:25.389+0000] {manager.py:740} INFO - There are 1 files in /opt/airflow/dags
[2026-09-20T17:00:30.755+0000] {manager.py:878} INFO - 
================================================================================
DAG File Processing Stats

File Path                                PID    Runtime      # DAGs    # Errors  Last Runtime    Last Run
---------------------------------------  -----  ---------  --------  ----------  --------------  -------------------
/opt/airflow/dags/minio_to_snowflake.py                           0           1  50.43s          2026-09-20T17:00:12
================================================================================
[2026-09-20T17:01:00.938+0000] {manager.py:878} INFO - 
================================================================================
DAG File Processing Stats

File Path                                   PID  Runtime      # DAGs    # Errors  Last Runtime    Last Run
---------------------------------------  ------  ---------  --------  ----------  --------------  -------------------
/opt/airflow/dags/minio_to_snowflake.py  117087  17.70s            0           1  50.43s          2026-09-20T17:00:12
================================================================================
[2026-09-20T17:01:31.384+0000] {manager.py:878} INFO - 
================================================================================
DAG File Processing Stats

File Path                                PID    Runtime      # DAGs    # Errors  Last Runtime    Last Run
---------------------------------------  -----  ---------  --------  ----------  --------------  -------------------
/opt/airflow/dags/minio_to_snowflake.py                           1           0  20.68s          2026-09-20T17:01:03
================================================================================
[2026-09-20T17:02:02.266+0000] {manager.py:878} INFO - 
================================================================================
DAG File Processing Stats

File Path                                PID    Runtime      # DAGs    # Errors  Last Runtime    Last Run
---------------------------------------  -----  ---------  --------  ----------  --------------  -------------------
/opt/airflow/dags/minio_to_snowflake.py                           1           0  8.22s           2026-09-20T17:01:42
================================================================================
[2026-09-20T17:02:32.655+0000] {manager.py:878} INFO - 
================================================================================
DAG File Processing Stats

File Path                                PID    Runtime      # DAGs    # Errors  Last Runtime    Last Run
---------------------------------------  -----  ---------  --------  ----------  --------------  -------------------
/opt/airflow/dags/minio_to_snowflake.py                           1           0  9.53s           2026-09-20T17:02:23
================================================================================
[2026-09-20T17:03:03.470+0000] {manager.py:878} INFO - 
================================================================================
DAG File Processing Stats

File Path                                   PID  Runtime      # DAGs    # Errors  Last Runtime    Last Run
---------------------------------------  ------  ---------  --------  ----------  --------------  -------------------
/opt/airflow/dags/minio_to_snowflake.py  117518  9.50s             1           0  9.53s           2026-09-20T17:02:23
================================================================================
[2026-09-20T17:03:25.781+0000] {manager.py:1016} ERROR - Processor for /opt/airflow/dags/minio_to_snowflake.py exited with return code 1.
[2026-09-20T17:03:33.917+0000] {manager.py:878} INFO - 
================================================================================
DAG File Processing Stats

File Path                                PID    Runtime      # DAGs    # Errors  Last Runtime    Last Run
---------------------------------------  -----  ---------  --------  ----------  --------------  -------------------
/opt/airflow/dags/minio_to_snowflake.py                           0          -1  31.83s          2026-09-20T17:03:25
================================================================================
[2026-09-20T17:04:04.782+0000] {manager.py:878} INFO - 
================================================================================
DAG File Processing Stats

File Path                                   PID  Runtime      # DAGs    # Errors  Last Runtime    Last Run
---------------------------------------  ------  ---------  --------  ----------  --------------  -------------------
/opt/airflow/dags/minio_to_snowflake.py  117712  8.32s             0          -1  31.83s          2026-09-20T17:03:25
================================================================================
[2026-09-20T17:04:35.083+0000] {manager.py:878} INFO - 
================================================================================
DAG File Processing Stats

File Path                                PID    Runtime      # DAGs    # Errors  Last Runtime    Last Run
---------------------------------------  -----  ---------  --------  ----------  --------------  -------------------
/opt/airflow/dags/minio_to_snowflake.py                           1           0  17.97s          2026-09-20T17:04:14
================================================================================
[2026-09-20T17:05:05.693+0000] {manager.py:878} INFO - 
================================================================================
DAG File Processing Stats

File Path                                   PID  Runtime      # DAGs    # Errors  Last Runtime    Last Run
---------------------------------------  ------  ---------  --------  ----------  --------------  -------------------
/opt/airflow/dags/minio_to_snowflake.py  117716  20.05s            1           0  17.97s          2026-09-20T17:04:14
================================================================================
[2026-09-20T17:05:25.201+0000] {manager.py:737} INFO - Searching for files in /opt/airflow/dags
[2026-09-20T17:05:25.653+0000] {manager.py:740} INFO - There are 1 files in /opt/airflow/dags
[2026-09-20T17:05:36.475+0000] {manager.py:1203} ERROR - Processor for /opt/airflow/dags/minio_to_snowflake.py with PID 117716 started at 2026-09-20T17:04:45.588946+00:00 has timed out, killing it.
[2026-09-20T17:05:36.730+0000] {manager.py:878} INFO - 
================================================================================
DAG File Processing Stats

File Path                                PID    Runtime      # DAGs    # Errors  Last Runtime    Last Run
---------------------------------------  -----  ---------  --------  ----------  --------------  -------------------
/opt/airflow/dags/minio_to_snowflake.py                           0           1  50.89s          2026-09-20T17:05:36
================================================================================
[2026-09-20T17:06:07.893+0000] {manager.py:878} INFO - 
================================================================================
DAG File Processing Stats

File Path                                   PID  Runtime      # DAGs    # Errors  Last Runtime    Last Run
---------------------------------------  ------  ---------  --------  ----------  --------------  -------------------
/opt/airflow/dags/minio_to_snowflake.py  117728  0.11s             0           1  50.89s          2026-09-20T17:05:36
================================================================================
[2026-09-20T17:06:38.557+0000] {manager.py:878} INFO - 
================================================================================
DAG File Processing Stats

File Path                                   PID  Runtime      # DAGs    # Errors  Last Runtime    Last Run
---------------------------------------  ------  ---------  --------  ----------  --------------  -------------------
/opt/airflow/dags/minio_to_snowflake.py  117728  30.77s            0           1  50.89s          2026-09-20T17:05:36
================================================================================
[2026-09-20T17:06:57.812+0000] {manager.py:1203} ERROR - Processor for /opt/airflow/dags/minio_to_snowflake.py with PID 117728 started at 2026-09-20T17:06:07.732469+00:00 has timed out, killing it.
[2026-09-20T17:07:09.988+0000] {manager.py:878} INFO - 
================================================================================
DAG File Processing Stats

File Path                                PID    Runtime      # DAGs    # Errors  Last Runtime    Last Run
---------------------------------------  -----  ---------  --------  ----------  --------------  -------------------
/opt/airflow/dags/minio_to_snowflake.py                           0           1  50.08s          2026-09-20T17:06:57
================================================================================
[2026-09-20T17:07:40.576+0000] {manager.py:878} INFO - 
================================================================================
DAG File Processing Stats

File Path                                   PID  Runtime      # DAGs    # Errors  Last Runtime    Last Run
---------------------------------------  ------  ---------  --------  ----------  --------------  -------------------
/opt/airflow/dags/minio_to_snowflake.py  118788  11.64s            0           1  50.08s          2026-09-20T17:06:57
================================================================================
[2026-09-20T17:08:10.674+0000] {manager.py:878} INFO - 
================================================================================
DAG File Processing Stats

File Path                                PID    Runtime      # DAGs    # Errors  Last Runtime    Last Run
---------------------------------------  -----  ---------  --------  ----------  --------------  -------------------
/opt/airflow/dags/minio_to_snowflake.py                           1           0  26.81s          2026-09-20T17:07:55
================================================================================
[2026-09-20T17:08:41.335+0000] {manager.py:878} INFO - 
================================================================================
DAG File Processing Stats

File Path                                   PID  Runtime      # DAGs    # Errors  Last Runtime    Last Run
---------------------------------------  ------  ---------  --------  ----------  --------------  -------------------
/opt/airflow/dags/minio_to_snowflake.py  119741  15.30s            1           0  26.81s          2026-09-20T17:07:55
================================================================================
[2026-09-20T17:08:58.005+0000] {manager.py:1016} ERROR - Processor for /opt/airflow/dags/minio_to_snowflake.py exited with return code 1.
[2026-09-20T17:09:12.303+0000] {manager.py:878} INFO - 
================================================================================
DAG File Processing Stats

File Path                                PID    Runtime      # DAGs    # Errors  Last Runtime    Last Run
---------------------------------------  -----  ---------  --------  ----------  --------------  -------------------
/opt/airflow/dags/minio_to_snowflake.py                           0          -1  31.95s          2026-09-20T17:08:57
================================================================================
[2026-09-20T17:09:42.453+0000] {manager.py:878} INFO - 
================================================================================
DAG File Processing Stats

File Path                                   PID  Runtime      # DAGs    # Errors  Last Runtime    Last Run
---------------------------------------  ------  ---------  --------  ----------  --------------  -------------------
/opt/airflow/dags/minio_to_snowflake.py  119930  12.80s            0          -1  31.95s          2026-09-20T17:08:57
================================================================================
[2026-09-20T17:10:03.756+0000] {manager.py:1016} ERROR - Processor for /opt/airflow/dags/minio_to_snowflake.py exited with return code 1.
[2026-09-20T17:10:12.902+0000] {manager.py:878} INFO - 
================================================================================
DAG File Processing Stats

File Path                                PID    Runtime      # DAGs    # Errors  Last Runtime    Last Run
---------------------------------------  -----  ---------  --------  ----------  --------------  -------------------
/opt/airflow/dags/minio_to_snowflake.py                           0          -1  34.11s          2026-09-20T17:10:03
================================================================================
[2026-09-20T17:10:25.381+0000] {manager.py:737} INFO - Searching for files in /opt/airflow/dags
[2026-09-20T17:10:25.496+0000] {manager.py:740} INFO - There are 1 files in /opt/airflow/dags
[2026-09-20T17:10:43.010+0000] {manager.py:878} INFO - 
================================================================================
DAG File Processing Stats

File Path                                   PID  Runtime      # DAGs    # Errors  Last Runtime    Last Run
---------------------------------------  ------  ---------  --------  ----------  --------------  -------------------
/opt/airflow/dags/minio_to_snowflake.py  120158  8.27s             0          -1  34.11s          2026-09-20T17:10:03
================================================================================
[2026-09-20T17:11:13.935+0000] {manager.py:878} INFO - 
================================================================================
DAG File Processing Stats

File Path                                PID    Runtime      # DAGs    # Errors  Last Runtime    Last Run
---------------------------------------  -----  ---------  --------  ----------  --------------  -------------------
/opt/airflow/dags/minio_to_snowflake.py                           1           0  14.67s          2026-09-20T17:10:49
================================================================================
[2026-09-20T17:11:44.424+0000] {manager.py:878} INFO - 
================================================================================
DAG File Processing Stats

File Path                                PID    Runtime      # DAGs    # Errors  Last Runtime    Last Run
---------------------------------------  -----  ---------  --------  ----------  --------------  -------------------
/opt/airflow/dags/minio_to_snowflake.py                           1           0  19.19s          2026-09-20T17:11:39
================================================================================
[2026-09-20T17:12:14.949+0000] {manager.py:878} INFO - 
================================================================================
DAG File Processing Stats

File Path                                   PID  Runtime      # DAGs    # Errors  Last Runtime    Last Run
---------------------------------------  ------  ---------  --------  ----------  --------------  -------------------
/opt/airflow/dags/minio_to_snowflake.py  120563  5.10s             1           0  19.19s          2026-09-20T17:11:39
================================================================================
[2026-09-20T17:12:45.363+0000] {manager.py:878} INFO - 
================================================================================
DAG File Processing Stats

File Path                                PID    Runtime      # DAGs    # Errors  Last Runtime    Last Run
---------------------------------------  -----  ---------  --------  ----------  --------------  -------------------
/opt/airflow/dags/minio_to_snowflake.py                           1           0  15.50s          2026-09-20T17:12:25
================================================================================
[2026-09-20T17:13:15.855+0000] {manager.py:878} INFO - 
================================================================================
DAG File Processing Stats

File Path                                PID    Runtime      # DAGs    # Errors  Last Runtime    Last Run
---------------------------------------  -----  ---------  --------  ----------  --------------  -------------------
/opt/airflow/dags/minio_to_snowflake.py                           1           0  7.09s           2026-09-20T17:13:02
================================================================================
[2026-09-20T17:13:46.363+0000] {manager.py:878} INFO - 
================================================================================
DAG File Processing Stats

File Path                                   PID  Runtime      # DAGs    # Errors  Last Runtime    Last Run
---------------------------------------  ------  ---------  --------  ----------  --------------  -------------------
/opt/airflow/dags/minio_to_snowflake.py  120761  12.78s            1           0  7.09s           2026-09-20T17:13:02
================================================================================
[2026-09-20T17:14:17.035+0000] {manager.py:878} INFO - 
================================================================================
DAG File Processing Stats

File Path                                   PID  Runtime      # DAGs    # Errors  Last Runtime    Last Run
---------------------------------------  ------  ---------  --------  ----------  --------------  -------------------
/opt/airflow/dags/minio_to_snowflake.py  120761  43.50s            1           0  7.09s           2026-09-20T17:13:02
================================================================================
[2026-09-20T17:14:24.153+0000] {manager.py:1203} ERROR - Processor for /opt/airflow/dags/minio_to_snowflake.py with PID 120761 started at 2026-09-20T17:13:33.537159+00:00 has timed out, killing it.
[2026-09-20T17:14:47.706+0000] {manager.py:878} INFO - 
================================================================================
DAG File Processing Stats

File Path                                PID    Runtime      # DAGs    # Errors  Last Runtime    Last Run
---------------------------------------  -----  ---------  --------  ----------  --------------  -------------------
/opt/airflow/dags/minio_to_snowflake.py                           0           1  50.62s          2026-09-20T17:14:24
================================================================================
[2026-09-20T17:15:17.708+0000] {manager.py:878} INFO - 
================================================================================
DAG File Processing Stats

File Path                                PID    Runtime      # DAGs    # Errors  Last Runtime    Last Run
---------------------------------------  -----  ---------  --------  ----------  --------------  -------------------
/opt/airflow/dags/minio_to_snowflake.py                           1           0  13.65s          2026-09-20T17:15:08
================================================================================
[2026-09-20T17:15:25.528+0000] {manager.py:737} INFO - Searching for files in /opt/airflow/dags
[2026-09-20T17:15:25.603+0000] {manager.py:740} INFO - There are 1 files in /opt/airflow/dags
[2026-09-20T17:15:47.711+0000] {manager.py:878} INFO - 
================================================================================
DAG File Processing Stats

File Path                                PID    Runtime      # DAGs    # Errors  Last Runtime    Last Run
---------------------------------------  -----  ---------  --------  ----------  --------------  -------------------
/opt/airflow/dags/minio_to_snowflake.py                           1           0  7.85s           2026-09-20T17:15:46
================================================================================
[2026-09-20T17:16:18.107+0000] {manager.py:878} INFO - 
================================================================================
DAG File Processing Stats

File Path                                   PID  Runtime      # DAGs    # Errors  Last Runtime    Last Run
---------------------------------------  ------  ---------  --------  ----------  --------------  -------------------
/opt/airflow/dags/minio_to_snowflake.py  122985  1.04s             1           0  7.85s           2026-09-20T17:15:46
================================================================================
[2026-09-20T17:16:48.839+0000] {manager.py:878} INFO - 
================================================================================
DAG File Processing Stats

File Path                                PID    Runtime      # DAGs    # Errors  Last Runtime    Last Run
---------------------------------------  -----  ---------  --------  ----------  --------------  -------------------
/opt/airflow/dags/minio_to_snowflake.py                           1           0  3.67s           2026-09-20T17:16:20
================================================================================
[2026-09-20T17:17:19.142+0000] {manager.py:878} INFO - 
================================================================================
DAG File Processing Stats

File Path                                PID    Runtime      # DAGs    # Errors  Last Runtime    Last Run
---------------------------------------  -----  ---------  --------  ----------  --------------  -------------------
/opt/airflow/dags/minio_to_snowflake.py                           1           0  6.83s           2026-09-20T17:16:57
================================================================================
[2026-09-20T17:17:49.850+0000] {manager.py:878} INFO - 
================================================================================
DAG File Processing Stats

File Path                                PID    Runtime      # DAGs    # Errors  Last Runtime    Last Run
---------------------------------------  -----  ---------  --------  ----------  --------------  -------------------
/opt/airflow/dags/minio_to_snowflake.py                           1           0  3.60s           2026-09-20T17:17:31
================================================================================
[2026-09-20T17:18:20.484+0000] {manager.py:878} INFO - 
================================================================================
DAG File Processing Stats

File Path                                PID    Runtime      # DAGs    # Errors  Last Runtime    Last Run
---------------------------------------  -----  ---------  --------  ----------  --------------  -------------------
/opt/airflow/dags/minio_to_snowflake.py                           1           0  4.58s           2026-09-20T17:18:06
================================================================================
[2026-09-20T17:18:50.671+0000] {manager.py:878} INFO - 
================================================================================
DAG File Processing Stats

File Path                                   PID  Runtime      # DAGs    # Errors  Last Runtime    Last Run
---------------------------------------  ------  ---------  --------  ----------  --------------  -------------------
/opt/airflow/dags/minio_to_snowflake.py  123723  13.72s            1           0  4.58s           2026-09-20T17:18:06
================================================================================
[2026-09-20T17:19:20.675+0000] {manager.py:878} INFO - 
================================================================================
DAG File Processing Stats

File Path                                PID    Runtime      # DAGs    # Errors  Last Runtime    Last Run
---------------------------------------  -----  ---------  --------  ----------  --------------  -------------------
/opt/airflow/dags/minio_to_snowflake.py                           1           0  21.51s          2026-09-20T17:18:58
================================================================================
[2026-09-20T17:19:51.051+0000] {manager.py:878} INFO - 
================================================================================
DAG File Processing Stats

File Path                                PID    Runtime      # DAGs    # Errors  Last Runtime    Last Run
---------------------------------------  -----  ---------  --------  ----------  --------------  -------------------
/opt/airflow/dags/minio_to_snowflake.py                           1           0  5.05s           2026-09-20T17:19:33
================================================================================
[2026-09-20T17:20:21.505+0000] {manager.py:878} INFO - 
================================================================================
DAG File Processing Stats

File Path                                PID    Runtime      # DAGs    # Errors  Last Runtime    Last Run
---------------------------------------  -----  ---------  --------  ----------  --------------  -------------------
/opt/airflow/dags/minio_to_snowflake.py                           1           0  5.20s           2026-09-20T17:20:09
================================================================================
[2026-09-20T17:20:25.570+0000] {manager.py:737} INFO - Searching for files in /opt/airflow/dags
[2026-09-20T17:20:25.682+0000] {manager.py:740} INFO - There are 1 files in /opt/airflow/dags
[2026-09-20T17:20:52.153+0000] {manager.py:878} INFO - 
================================================================================
DAG File Processing Stats

File Path                                PID    Runtime      # DAGs    # Errors  Last Runtime    Last Run
---------------------------------------  -----  ---------  --------  ----------  --------------  -------------------
/opt/airflow/dags/minio_to_snowflake.py                           1           0  4.08s           2026-09-20T17:20:44
================================================================================
[2026-09-20T17:21:22.812+0000] {manager.py:878} INFO - 
================================================================================
DAG File Processing Stats

File Path                                   PID  Runtime      # DAGs    # Errors  Last Runtime    Last Run
---------------------------------------  ------  ---------  --------  ----------  --------------  -------------------
/opt/airflow/dags/minio_to_snowflake.py  126195  8.21s             1           0  4.08s           2026-09-20T17:20:44
================================================================================
[2026-09-20T17:21:52.828+0000] {manager.py:878} INFO - 
================================================================================
DAG File Processing Stats

File Path                                PID    Runtime      # DAGs    # Errors  Last Runtime    Last Run
---------------------------------------  -----  ---------  --------  ----------  --------------  -------------------
/opt/airflow/dags/minio_to_snowflake.py                           1           0  9.81s           2026-09-20T17:21:24
================================================================================
[2026-09-20T17:22:22.998+0000] {manager.py:878} INFO - 
================================================================================
DAG File Processing Stats

File Path                                PID    Runtime      # DAGs    # Errors  Last Runtime    Last Run
---------------------------------------  -----  ---------  --------  ----------  --------------  -------------------
/opt/airflow/dags/minio_to_snowflake.py                           1           0  4.86s           2026-09-20T17:21:59
================================================================================
[2026-09-20T17:22:53.444+0000] {manager.py:878} INFO - 
================================================================================
DAG File Processing Stats

File Path                                PID    Runtime      # DAGs    # Errors  Last Runtime    Last Run
---------------------------------------  -----  ---------  --------  ----------  --------------  -------------------
/opt/airflow/dags/minio_to_snowflake.py                           1           0  3.64s           2026-09-20T17:22:33
================================================================================
[2026-09-20T17:23:23.614+0000] {manager.py:878} INFO - 
================================================================================
DAG File Processing Stats

File Path                                PID    Runtime      # DAGs    # Errors  Last Runtime    Last Run
---------------------------------------  -----  ---------  --------  ----------  --------------  -------------------
/opt/airflow/dags/minio_to_snowflake.py                           1           0  3.81s           2026-09-20T17:23:07
================================================================================
[2026-09-20T17:23:53.997+0000] {manager.py:878} INFO - 
================================================================================
DAG File Processing Stats

File Path                                PID    Runtime      # DAGs    # Errors  Last Runtime    Last Run
---------------------------------------  -----  ---------  --------  ----------  --------------  -------------------
/opt/airflow/dags/minio_to_snowflake.py                           1           0  5.16s           2026-09-20T17:23:42
================================================================================
[2026-09-20T17:24:24.596+0000] {manager.py:878} INFO - 
================================================================================
DAG File Processing Stats

File Path                                   PID  Runtime      # DAGs    # Errors  Last Runtime    Last Run
---------------------------------------  ------  ---------  --------  ----------  --------------  -------------------
/opt/airflow/dags/minio_to_snowflake.py  127674  11.19s            1           0  5.16s           2026-09-20T17:23:42
================================================================================
[2026-09-20T17:24:55.058+0000] {manager.py:878} INFO - 
================================================================================
DAG File Processing Stats

File Path                                   PID  Runtime      # DAGs    # Errors  Last Runtime    Last Run
---------------------------------------  ------  ---------  --------  ----------  --------------  -------------------
/opt/airflow/dags/minio_to_snowflake.py  128909  0.02s             1           0  11.56s          2026-09-20T17:24:24
================================================================================
[2026-09-20T17:25:25.409+0000] {manager.py:878} INFO - 
================================================================================
DAG File Processing Stats

File Path                                PID    Runtime      # DAGs    # Errors  Last Runtime    Last Run
---------------------------------------  -----  ---------  --------  ----------  --------------  -------------------
/opt/airflow/dags/minio_to_snowflake.py                           1           0  3.92s           2026-09-20T17:24:58
================================================================================
[2026-09-20T17:25:25.742+0000] {manager.py:737} INFO - Searching for files in /opt/airflow/dags
[2026-09-20T17:25:25.848+0000] {manager.py:740} INFO - There are 1 files in /opt/airflow/dags
[2026-09-20T17:25:55.770+0000] {manager.py:878} INFO - 
================================================================================
DAG File Processing Stats

File Path                                PID    Runtime      # DAGs    # Errors  Last Runtime    Last Run
---------------------------------------  -----  ---------  --------  ----------  --------------  -------------------
/opt/airflow/dags/minio_to_snowflake.py                           1           0  3.99s           2026-09-20T17:25:33
================================================================================
[2026-09-20T17:26:26.132+0000] {manager.py:878} INFO - 
================================================================================
DAG File Processing Stats

File Path                                PID    Runtime      # DAGs    # Errors  Last Runtime    Last Run
---------------------------------------  -----  ---------  --------  ----------  --------------  -------------------
/opt/airflow/dags/minio_to_snowflake.py                           1           0  5.40s           2026-09-20T17:26:09
================================================================================
[2026-09-20T17:26:56.443+0000] {manager.py:878} INFO - 
================================================================================
DAG File Processing Stats

File Path                                PID    Runtime      # DAGs    # Errors  Last Runtime    Last Run
---------------------------------------  -----  ---------  --------  ----------  --------------  -------------------
/opt/airflow/dags/minio_to_snowflake.py                           1           0  3.59s           2026-09-20T17:26:43
================================================================================
[2026-09-20T17:27:26.602+0000] {manager.py:878} INFO - 
================================================================================
DAG File Processing Stats

File Path                                PID    Runtime      # DAGs    # Errors  Last Runtime    Last Run
---------------------------------------  -----  ---------  --------  ----------  --------------  -------------------
/opt/airflow/dags/minio_to_snowflake.py                           1           0  4.84s           2026-09-20T17:27:18
================================================================================
[2026-09-20T17:27:56.978+0000] {manager.py:878} INFO - 
================================================================================
DAG File Processing Stats

File Path                                PID    Runtime      # DAGs    # Errors  Last Runtime    Last Run
---------------------------------------  -----  ---------  --------  ----------  --------------  -------------------
/opt/airflow/dags/minio_to_snowflake.py                           1           0  6.45s           2026-09-20T17:27:55
================================================================================
[2026-09-20T17:28:27.176+0000] {manager.py:878} INFO - 
================================================================================
DAG File Processing Stats

File Path                                   PID  Runtime      # DAGs    # Errors  Last Runtime    Last Run
---------------------------------------  ------  ---------  --------  ----------  --------------  -------------------
/opt/airflow/dags/minio_to_snowflake.py  129952  1.26s             1           0  6.45s           2026-09-20T17:27:55
================================================================================
[2026-09-20T17:28:57.687+0000] {manager.py:878} INFO - 
================================================================================
DAG File Processing Stats

File Path                                   PID  Runtime      # DAGs    # Errors  Last Runtime    Last Run
---------------------------------------  ------  ---------  --------  ----------  --------------  -------------------
/opt/airflow/dags/minio_to_snowflake.py  129952  31.76s            1           0  6.45s           2026-09-20T17:27:55
================================================================================
[2026-09-20T17:29:28.272+0000] {manager.py:878} INFO - 
================================================================================
DAG File Processing Stats

File Path                                   PID  Runtime      # DAGs    # Errors  Last Runtime    Last Run
---------------------------------------  ------  ---------  --------  ----------  --------------  -------------------
/opt/airflow/dags/minio_to_snowflake.py  131910  0.10s             1           0  32.09s          2026-09-20T17:28:57
================================================================================
[2026-09-20T17:29:58.403+0000] {manager.py:878} INFO - 
================================================================================
DAG File Processing Stats

File Path                                PID    Runtime      # DAGs    # Errors  Last Runtime    Last Run
---------------------------------------  -----  ---------  --------  ----------  --------------  -------------------
/opt/airflow/dags/minio_to_snowflake.py                           1           0  13.12s          2026-09-20T17:29:41
================================================================================
[2026-09-20T17:30:25.818+0000] {manager.py:737} INFO - Searching for files in /opt/airflow/dags
[2026-09-20T17:30:25.856+0000] {manager.py:740} INFO - There are 1 files in /opt/airflow/dags
[2026-09-20T17:30:28.913+0000] {manager.py:878} INFO - 
================================================================================
DAG File Processing Stats

File Path                                PID    Runtime      # DAGs    # Errors  Last Runtime    Last Run
---------------------------------------  -----  ---------  --------  ----------  --------------  -------------------
/opt/airflow/dags/minio_to_snowflake.py                           1           0  3.43s           2026-09-20T17:30:14
================================================================================
[2026-09-20T17:30:59.007+0000] {manager.py:878} INFO - 
================================================================================
DAG File Processing Stats

File Path                                PID    Runtime      # DAGs    # Errors  Last Runtime    Last Run
---------------------------------------  -----  ---------  --------  ----------  --------------  -------------------
/opt/airflow/dags/minio_to_snowflake.py                           1           0  1.87s           2026-09-20T17:30:46
================================================================================
[2026-09-20T17:31:29.507+0000] {manager.py:878} INFO - 
================================================================================
DAG File Processing Stats

File Path                                PID    Runtime      # DAGs    # Errors  Last Runtime    Last Run
---------------------------------------  -----  ---------  --------  ----------  --------------  -------------------
/opt/airflow/dags/minio_to_snowflake.py                           1           0  2.39s           2026-09-20T17:31:19
================================================================================
[2026-09-20T17:31:59.684+0000] {manager.py:878} INFO - 
================================================================================
DAG File Processing Stats

File Path                                PID    Runtime      # DAGs    # Errors  Last Runtime    Last Run
---------------------------------------  -----  ---------  --------  ----------  --------------  -------------------
/opt/airflow/dags/minio_to_snowflake.py                           1           0  3.97s           2026-09-20T17:31:53
================================================================================
[2026-09-20T17:32:29.696+0000] {manager.py:878} INFO - 
================================================================================
DAG File Processing Stats

File Path                                PID    Runtime      # DAGs    # Errors  Last Runtime    Last Run
---------------------------------------  -----  ---------  --------  ----------  --------------  -------------------
/opt/airflow/dags/minio_to_snowflake.py                           1           0  2.79s           2026-09-20T17:32:26
================================================================================
[2026-09-20T17:33:00.094+0000] {manager.py:878} INFO - 
================================================================================
DAG File Processing Stats

File Path                                   PID  Runtime      # DAGs    # Errors  Last Runtime    Last Run
---------------------------------------  ------  ---------  --------  ----------  --------------  -------------------
/opt/airflow/dags/minio_to_snowflake.py  134950  3.07s             1           0  2.79s           2026-09-20T17:32:26
================================================================================
[2026-09-20T17:33:30.764+0000] {manager.py:878} INFO - 
================================================================================
DAG File Processing Stats

File Path                                   PID  Runtime      # DAGs    # Errors  Last Runtime    Last Run
---------------------------------------  ------  ---------  --------  ----------  --------------  -------------------
/opt/airflow/dags/minio_to_snowflake.py  135091  0.20s             1           0  3.30s           2026-09-20T17:33:00
================================================================================
[2026-09-20T17:34:01.244+0000] {manager.py:878} INFO - 
================================================================================
DAG File Processing Stats

File Path                                PID    Runtime      # DAGs    # Errors  Last Runtime    Last Run
---------------------------------------  -----  ---------  --------  ----------  --------------  -------------------
/opt/airflow/dags/minio_to_snowflake.py                           1           0  12.04s          2026-09-20T17:33:42
================================================================================
[2026-09-20T17:34:32.031+0000] {manager.py:878} INFO - 
================================================================================
DAG File Processing Stats

File Path                                PID    Runtime      # DAGs    # Errors  Last Runtime    Last Run
---------------------------------------  -----  ---------  --------  ----------  --------------  -------------------
/opt/airflow/dags/minio_to_snowflake.py                           1           0  3.12s           2026-09-20T17:34:15
================================================================================
[2026-09-20T17:35:02.321+0000] {manager.py:878} INFO - 
================================================================================
DAG File Processing Stats

File Path                                PID    Runtime      # DAGs    # Errors  Last Runtime    Last Run
---------------------------------------  -----  ---------  --------  ----------  --------------  -------------------
/opt/airflow/dags/minio_to_snowflake.py                           1           0  3.10s           2026-09-20T17:34:49
================================================================================
[2026-09-20T17:35:25.908+0000] {manager.py:737} INFO - Searching for files in /opt/airflow/dags
[2026-09-20T17:35:25.952+0000] {manager.py:740} INFO - There are 1 files in /opt/airflow/dags
[2026-09-20T17:35:32.662+0000] {manager.py:878} INFO - 
================================================================================
DAG File Processing Stats

File Path                                PID    Runtime      # DAGs    # Errors  Last Runtime    Last Run
---------------------------------------  -----  ---------  --------  ----------  --------------  -------------------
/opt/airflow/dags/minio_to_snowflake.py                           1           0  3.42s           2026-09-20T17:35:22
================================================================================
[2026-09-20T17:36:02.965+0000] {manager.py:878} INFO - 
================================================================================
DAG File Processing Stats

File Path                                PID    Runtime      # DAGs    # Errors  Last Runtime    Last Run
---------------------------------------  -----  ---------  --------  ----------  --------------  -------------------
/opt/airflow/dags/minio_to_snowflake.py                           1           0  5.88s           2026-09-20T17:35:58
================================================================================
[2026-09-20T17:36:33.021+0000] {manager.py:878} INFO - 
================================================================================
DAG File Processing Stats

File Path                                   PID  Runtime      # DAGs    # Errors  Last Runtime    Last Run
---------------------------------------  ------  ---------  --------  ----------  --------------  -------------------
/opt/airflow/dags/minio_to_snowflake.py  135986  2.56s             1           0  5.88s           2026-09-20T17:35:58
================================================================================
[2026-09-20T17:37:03.508+0000] {manager.py:878} INFO - 
================================================================================
DAG File Processing Stats

File Path                                PID    Runtime      # DAGs    # Errors  Last Runtime    Last Run
---------------------------------------  -----  ---------  --------  ----------  --------------  -------------------
/opt/airflow/dags/minio_to_snowflake.py                           1           0  29.20s          2026-09-20T17:36:59
================================================================================
[2026-09-20T17:37:34.215+0000] {manager.py:878} INFO - 
================================================================================
DAG File Processing Stats

File Path                                   PID  Runtime      # DAGs    # Errors  Last Runtime    Last Run
---------------------------------------  ------  ---------  --------  ----------  --------------  -------------------
/opt/airflow/dags/minio_to_snowflake.py  137993  4.17s             1           0  29.20s          2026-09-20T17:36:59
================================================================================
[2026-09-20T17:38:04.585+0000] {manager.py:878} INFO - 
================================================================================
DAG File Processing Stats

File Path                                PID    Runtime      # DAGs    # Errors  Last Runtime    Last Run
---------------------------------------  -----  ---------  --------  ----------  --------------  -------------------
/opt/airflow/dags/minio_to_snowflake.py                           1           0  14.47s          2026-09-20T17:37:44
================================================================================
[2026-09-20T17:38:34.841+0000] {manager.py:878} INFO - 
================================================================================
DAG File Processing Stats

File Path                                PID    Runtime      # DAGs    # Errors  Last Runtime    Last Run
---------------------------------------  -----  ---------  --------  ----------  --------------  -------------------
/opt/airflow/dags/minio_to_snowflake.py                           1           0  4.41s           2026-09-20T17:38:19
================================================================================
[2026-09-20T17:39:05.499+0000] {manager.py:878} INFO - 
================================================================================
DAG File Processing Stats

File Path                                PID    Runtime      # DAGs    # Errors  Last Runtime    Last Run
---------------------------------------  -----  ---------  --------  ----------  --------------  -------------------
/opt/airflow/dags/minio_to_snowflake.py                           1           0  2.11s           2026-09-20T17:38:51
================================================================================
[2026-09-20T17:39:35.749+0000] {manager.py:878} INFO - 
================================================================================
DAG File Processing Stats

File Path                                PID    Runtime      # DAGs    # Errors  Last Runtime    Last Run
---------------------------------------  -----  ---------  --------  ----------  --------------  -------------------
/opt/airflow/dags/minio_to_snowflake.py                           1           0  2.76s           2026-09-20T17:39:24
================================================================================
[2026-09-20T17:40:05.933+0000] {manager.py:878} INFO - 
================================================================================
DAG File Processing Stats

File Path                                PID    Runtime      # DAGs    # Errors  Last Runtime    Last Run
---------------------------------------  -----  ---------  --------  ----------  --------------  -------------------
/opt/airflow/dags/minio_to_snowflake.py                           1           0  1.64s           2026-09-20T17:39:56
================================================================================
[2026-09-20T17:40:26.062+0000] {manager.py:737} INFO - Searching for files in /opt/airflow/dags
[2026-09-20T17:40:26.091+0000] {manager.py:740} INFO - There are 1 files in /opt/airflow/dags
[2026-09-20T17:40:36.158+0000] {manager.py:878} INFO - 
================================================================================
DAG File Processing Stats

File Path                                PID    Runtime      # DAGs    # Errors  Last Runtime    Last Run
---------------------------------------  -----  ---------  --------  ----------  --------------  -------------------
/opt/airflow/dags/minio_to_snowflake.py                           1           0  1.63s           2026-09-20T17:40:28
================================================================================
[2026-09-20T17:41:06.210+0000] {manager.py:878} INFO - 
================================================================================
DAG File Processing Stats

File Path                                PID    Runtime      # DAGs    # Errors  Last Runtime    Last Run
---------------------------------------  -----  ---------  --------  ----------  --------------  -------------------
/opt/airflow/dags/minio_to_snowflake.py                           1           0  2.78s           2026-09-20T17:41:01
================================================================================
[2026-09-20T17:41:36.491+0000] {manager.py:878} INFO - 
================================================================================
DAG File Processing Stats

File Path                                   PID  Runtime      # DAGs    # Errors  Last Runtime    Last Run
---------------------------------------  ------  ---------  --------  ----------  --------------  -------------------
/opt/airflow/dags/minio_to_snowflake.py  141233  5.09s             1           0  2.78s           2026-09-20T17:41:01
================================================================================
[2026-09-20T17:42:06.697+0000] {manager.py:878} INFO - 
================================================================================
DAG File Processing Stats

File Path                                PID    Runtime      # DAGs    # Errors  Last Runtime    Last Run
---------------------------------------  -----  ---------  --------  ----------  --------------  -------------------
/opt/airflow/dags/minio_to_snowflake.py                           1           0  6.14s           2026-09-20T17:41:37
================================================================================
[2026-09-20T17:42:37.006+0000] {manager.py:878} INFO - 
================================================================================
DAG File Processing Stats

File Path                                PID    Runtime      # DAGs    # Errors  Last Runtime    Last Run
---------------------------------------  -----  ---------  --------  ----------  --------------  -------------------
/opt/airflow/dags/minio_to_snowflake.py                           1           0  4.45s           2026-09-20T17:42:12
================================================================================
[2026-09-20T17:43:07.214+0000] {manager.py:878} INFO - 
================================================================================
DAG File Processing Stats

File Path                                PID    Runtime      # DAGs    # Errors  Last Runtime    Last Run
---------------------------------------  -----  ---------  --------  ----------  --------------  -------------------
/opt/airflow/dags/minio_to_snowflake.py                           1           0  2.00s           2026-09-20T17:42:44
================================================================================
[2026-09-20T17:43:37.967+0000] {manager.py:878} INFO - 
================================================================================
DAG File Processing Stats

File Path                                PID    Runtime      # DAGs    # Errors  Last Runtime    Last Run
---------------------------------------  -----  ---------  --------  ----------  --------------  -------------------
/opt/airflow/dags/minio_to_snowflake.py                           1           0  3.03s           2026-09-20T17:43:17
================================================================================
[2026-09-20T17:44:16.941+0000] {manager.py:878} INFO - 
================================================================================
DAG File Processing Stats

File Path                                   PID  Runtime      # DAGs    # Errors  Last Runtime    Last Run
---------------------------------------  ------  ---------  --------  ----------  --------------  -------------------
/opt/airflow/dags/minio_to_snowflake.py  142058  22.67s            1           0  3.03s           2026-09-20T17:43:17
================================================================================
[2026-09-20T17:44:24.367+0000] {manager.py:1016} ERROR - Processor for /opt/airflow/dags/minio_to_snowflake.py exited with return code 1.
[2026-09-20T17:44:49.658+0000] {manager.py:878} INFO - 
================================================================================
DAG File Processing Stats

File Path                                PID    Runtime      # DAGs    # Errors  Last Runtime    Last Run
---------------------------------------  -----  ---------  --------  ----------  --------------  -------------------
/opt/airflow/dags/minio_to_snowflake.py                           0          -1  36.20s          2026-09-20T17:44:24
================================================================================
[2026-09-20T17:45:20.515+0000] {manager.py:878} INFO - 
================================================================================
DAG File Processing Stats

File Path                                   PID  Runtime      # DAGs    # Errors  Last Runtime    Last Run
---------------------------------------  ------  ---------  --------  ----------  --------------  -------------------
/opt/airflow/dags/minio_to_snowflake.py  142061  25.11s            0          -1  36.20s          2026-09-20T17:44:24
================================================================================
[2026-09-20T17:45:26.586+0000] {manager.py:737} INFO - Searching for files in /opt/airflow/dags
[2026-09-20T17:45:26.725+0000] {manager.py:740} INFO - There are 1 files in /opt/airflow/dags
[2026-09-20T17:45:51.103+0000] {manager.py:878} INFO - 
================================================================================
DAG File Processing Stats

File Path                                PID    Runtime      # DAGs    # Errors  Last Runtime    Last Run
---------------------------------------  -----  ---------  --------  ----------  --------------  -------------------
/opt/airflow/dags/minio_to_snowflake.py                           1           0  33.65s          2026-09-20T17:45:29
================================================================================
[2026-09-20T17:46:21.710+0000] {manager.py:878} INFO - 
================================================================================
DAG File Processing Stats

File Path                                PID    Runtime      # DAGs    # Errors  Last Runtime    Last Run
---------------------------------------  -----  ---------  --------  ----------  --------------  -------------------
/opt/airflow/dags/minio_to_snowflake.py                           1           0  2.27s           2026-09-20T17:46:01
================================================================================
[2026-09-20T17:46:52.002+0000] {manager.py:878} INFO - 
================================================================================
DAG File Processing Stats

File Path                                PID    Runtime      # DAGs    # Errors  Last Runtime    Last Run
---------------------------------------  -----  ---------  --------  ----------  --------------  -------------------
/opt/airflow/dags/minio_to_snowflake.py                           1           0  8.05s           2026-09-20T17:46:39
================================================================================
[2026-09-20T17:47:22.628+0000] {manager.py:878} INFO - 
================================================================================
DAG File Processing Stats

File Path                                PID    Runtime      # DAGs    # Errors  Last Runtime    Last Run
---------------------------------------  -----  ---------  --------  ----------  --------------  -------------------
/opt/airflow/dags/minio_to_snowflake.py                           1           0  7.56s           2026-09-20T17:47:17
================================================================================
[2026-09-20T17:47:53.317+0000] {manager.py:878} INFO - 
================================================================================
DAG File Processing Stats

File Path                                   PID  Runtime      # DAGs    # Errors  Last Runtime    Last Run
---------------------------------------  ------  ---------  --------  ----------  --------------  -------------------
/opt/airflow/dags/minio_to_snowflake.py  144551  5.19s             1           0  7.56s           2026-09-20T17:47:17
================================================================================
[2026-09-20T17:48:23.462+0000] {manager.py:878} INFO - 
================================================================================
DAG File Processing Stats

File Path                                PID    Runtime      # DAGs    # Errors  Last Runtime    Last Run
---------------------------------------  -----  ---------  --------  ----------  --------------  -------------------
/opt/airflow/dags/minio_to_snowflake.py                           1           0  5.99s           2026-09-20T17:47:54
================================================================================
[2026-09-20T17:48:53.913+0000] {manager.py:878} INFO - 
================================================================================
DAG File Processing Stats

File Path                                PID    Runtime      # DAGs    # Errors  Last Runtime    Last Run
---------------------------------------  -----  ---------  --------  ----------  --------------  -------------------
/opt/airflow/dags/minio_to_snowflake.py                           1           0  5.17s           2026-09-20T17:48:29
================================================================================
[2026-09-20T17:49:24.268+0000] {manager.py:878} INFO - 
================================================================================
DAG File Processing Stats

File Path                                PID    Runtime      # DAGs    # Errors  Last Runtime    Last Run
---------------------------------------  -----  ---------  --------  ----------  --------------  -------------------
/opt/airflow/dags/minio_to_snowflake.py                           1           0  6.10s           2026-09-20T17:49:06
================================================================================
[2026-09-20T17:49:54.329+0000] {manager.py:878} INFO - 
================================================================================
DAG File Processing Stats

File Path                                PID    Runtime      # DAGs    # Errors  Last Runtime    Last Run
---------------------------------------  -----  ---------  --------  ----------  --------------  -------------------
/opt/airflow/dags/minio_to_snowflake.py                           1           0  1.85s           2026-09-20T17:49:38
================================================================================
[2026-09-20T17:50:24.847+0000] {manager.py:878} INFO - 
================================================================================
DAG File Processing Stats

File Path                                PID    Runtime      # DAGs    # Errors  Last Runtime    Last Run
---------------------------------------  -----  ---------  --------  ----------  --------------  -------------------
/opt/airflow/dags/minio_to_snowflake.py                           1           0  3.37s           2026-09-20T17:50:11
================================================================================
[2026-09-20T17:50:26.860+0000] {manager.py:737} INFO - Searching for files in /opt/airflow/dags
[2026-09-20T17:50:26.894+0000] {manager.py:740} INFO - There are 1 files in /opt/airflow/dags
[2026-09-20T17:50:55.283+0000] {manager.py:878} INFO - 
================================================================================
DAG File Processing Stats

File Path                                PID    Runtime      # DAGs    # Errors  Last Runtime    Last Run
---------------------------------------  -----  ---------  --------  ----------  --------------  -------------------
/opt/airflow/dags/minio_to_snowflake.py                           1           0  6.36s           2026-09-20T17:50:48
================================================================================
[2026-09-20T17:51:25.668+0000] {manager.py:878} INFO - 
================================================================================
DAG File Processing Stats

File Path                                PID    Runtime      # DAGs    # Errors  Last Runtime    Last Run
---------------------------------------  -----  ---------  --------  ----------  --------------  -------------------
/opt/airflow/dags/minio_to_snowflake.py                           1           0  6.54s           2026-09-20T17:51:25
================================================================================
[2026-09-20T17:51:55.910+0000] {manager.py:878} INFO - 
================================================================================
DAG File Processing Stats

File Path                                   PID  Runtime      # DAGs    # Errors  Last Runtime    Last Run
---------------------------------------  ------  ---------  --------  ----------  --------------  -------------------
/opt/airflow/dags/minio_to_snowflake.py  147725  0.64s             1           0  6.54s           2026-09-20T17:51:25
================================================================================
[2026-09-20T17:52:26.108+0000] {manager.py:878} INFO - 
================================================================================
DAG File Processing Stats

File Path                                PID    Runtime      # DAGs    # Errors  Last Runtime    Last Run
---------------------------------------  -----  ---------  --------  ----------  --------------  -------------------
/opt/airflow/dags/minio_to_snowflake.py                           1           0  2.03s           2026-09-20T17:51:57
================================================================================
[2026-09-20T17:52:56.718+0000] {manager.py:878} INFO - 
================================================================================
DAG File Processing Stats

File Path                                PID    Runtime      # DAGs    # Errors  Last Runtime    Last Run
---------------------------------------  -----  ---------  --------  ----------  --------------  -------------------
/opt/airflow/dags/minio_to_snowflake.py                           1           0  2.18s           2026-09-20T17:52:29
================================================================================
[2026-09-20T17:53:27.084+0000] {manager.py:878} INFO - 
================================================================================
DAG File Processing Stats

File Path                                PID    Runtime      # DAGs    # Errors  Last Runtime    Last Run
---------------------------------------  -----  ---------  --------  ----------  --------------  -------------------
/opt/airflow/dags/minio_to_snowflake.py                           1           0  1.49s           2026-09-20T17:53:01
================================================================================
[2026-09-20T17:53:57.334+0000] {manager.py:878} INFO - 
================================================================================
DAG File Processing Stats

File Path                                PID    Runtime      # DAGs    # Errors  Last Runtime    Last Run
---------------------------------------  -----  ---------  --------  ----------  --------------  -------------------
/opt/airflow/dags/minio_to_snowflake.py                           1           0  2.73s           2026-09-20T17:53:34
================================================================================
[2026-09-20T17:54:27.709+0000] {manager.py:878} INFO - 
================================================================================
DAG File Processing Stats

File Path                                PID    Runtime      # DAGs    # Errors  Last Runtime    Last Run
---------------------------------------  -----  ---------  --------  ----------  --------------  -------------------
/opt/airflow/dags/minio_to_snowflake.py                           1           0  3.25s           2026-09-20T17:54:07
================================================================================
[2026-09-20T17:54:58.116+0000] {manager.py:878} INFO - 
================================================================================
DAG File Processing Stats

File Path                                PID    Runtime      # DAGs    # Errors  Last Runtime    Last Run
---------------------------------------  -----  ---------  --------  ----------  --------------  -------------------
/opt/airflow/dags/minio_to_snowflake.py                           1           0  1.64s           2026-09-20T17:54:39
================================================================================
[2026-09-20T17:55:27.025+0000] {manager.py:737} INFO - Searching for files in /opt/airflow/dags
[2026-09-20T17:55:27.061+0000] {manager.py:740} INFO - There are 1 files in /opt/airflow/dags
[2026-09-20T17:55:29.102+0000] {manager.py:878} INFO - 
================================================================================
DAG File Processing Stats

File Path                                PID    Runtime      # DAGs    # Errors  Last Runtime    Last Run
---------------------------------------  -----  ---------  --------  ----------  --------------  -------------------
/opt/airflow/dags/minio_to_snowflake.py                           1           0  1.33s           2026-09-20T17:55:10
================================================================================
[2026-09-20T17:55:59.430+0000] {manager.py:878} INFO - 
================================================================================
DAG File Processing Stats

File Path                                PID    Runtime      # DAGs    # Errors  Last Runtime    Last Run
---------------------------------------  -----  ---------  --------  ----------  --------------  -------------------
/opt/airflow/dags/minio_to_snowflake.py                           1           0  2.67s           2026-09-20T17:55:43
================================================================================
[2026-09-20T17:56:29.507+0000] {manager.py:878} INFO - 
================================================================================
DAG File Processing Stats

File Path                                PID    Runtime      # DAGs    # Errors  Last Runtime    Last Run
---------------------------------------  -----  ---------  --------  ----------  --------------  -------------------
/opt/airflow/dags/minio_to_snowflake.py                           1           0  2.30s           2026-09-20T17:56:16
================================================================================
[2026-09-20T17:56:59.744+0000] {manager.py:878} INFO - 
================================================================================
DAG File Processing Stats

File Path                                PID    Runtime      # DAGs    # Errors  Last Runtime    Last Run
---------------------------------------  -----  ---------  --------  ----------  --------------  -------------------
/opt/airflow/dags/minio_to_snowflake.py                           1           0  2.57s           2026-09-20T17:56:49
================================================================================
[2026-09-20T17:57:29.793+0000] {manager.py:878} INFO - 
================================================================================
DAG File Processing Stats

File Path                                PID    Runtime      # DAGs    # Errors  Last Runtime    Last Run
---------------------------------------  -----  ---------  --------  ----------  --------------  -------------------
/opt/airflow/dags/minio_to_snowflake.py                           1           0  1.19s           2026-09-20T17:57:20
================================================================================
[2026-09-20T17:57:59.962+0000] {manager.py:878} INFO - 
================================================================================
DAG File Processing Stats

File Path                                PID    Runtime      # DAGs    # Errors  Last Runtime    Last Run
---------------------------------------  -----  ---------  --------  ----------  --------------  -------------------
/opt/airflow/dags/minio_to_snowflake.py                           1           0  1.51s           2026-09-20T17:57:52
================================================================================
[2026-09-20T17:58:30.034+0000] {manager.py:878} INFO - 
================================================================================
DAG File Processing Stats

File Path                                PID    Runtime      # DAGs    # Errors  Last Runtime    Last Run
---------------------------------------  -----  ---------  --------  ----------  --------------  -------------------
/opt/airflow/dags/minio_to_snowflake.py                           1           0  1.53s           2026-09-20T17:58:23
================================================================================
[2026-09-20T17:59:00.225+0000] {manager.py:878} INFO - 
================================================================================
DAG File Processing Stats

File Path                                PID    Runtime      # DAGs    # Errors  Last Runtime    Last Run
---------------------------------------  -----  ---------  --------  ----------  --------------  -------------------
/opt/airflow/dags/minio_to_snowflake.py                           1           0  1.31s           2026-09-20T17:58:55
================================================================================
[2026-09-20T17:59:30.243+0000] {manager.py:878} INFO - 
================================================================================
DAG File Processing Stats

File Path                                PID    Runtime      # DAGs    # Errors  Last Runtime    Last Run
---------------------------------------  -----  ---------  --------  ----------  --------------  -------------------
/opt/airflow/dags/minio_to_snowflake.py                           1           0  1.54s           2026-09-20T17:59:27
================================================================================
[2026-09-20T18:00:00.468+0000] {manager.py:878} INFO - 
================================================================================
DAG File Processing Stats

File Path                                PID    Runtime      # DAGs    # Errors  Last Runtime    Last Run
---------------------------------------  -----  ---------  --------  ----------  --------------  -------------------
/opt/airflow/dags/minio_to_snowflake.py                           1           0  1.45s           2026-09-20T17:59:58
================================================================================
[2026-09-20T18:00:27.035+0000] {manager.py:737} INFO - Searching for files in /opt/airflow/dags
[2026-09-20T18:00:27.067+0000] {manager.py:740} INFO - There are 1 files in /opt/airflow/dags
[2026-09-20T18:00:30.538+0000] {manager.py:878} INFO - 
================================================================================
DAG File Processing Stats

File Path                                PID    Runtime      # DAGs    # Errors  Last Runtime    Last Run
---------------------------------------  -----  ---------  --------  ----------  --------------  -------------------
/opt/airflow/dags/minio_to_snowflake.py                           1           0  1.42s           2026-09-20T18:00:30
================================================================================
[2026-09-20T18:01:00.729+0000] {manager.py:878} INFO - 
================================================================================
DAG File Processing Stats

File Path                                   PID  Runtime      # DAGs    # Errors  Last Runtime    Last Run
---------------------------------------  ------  ---------  --------  ----------  --------------  -------------------
/opt/airflow/dags/minio_to_snowflake.py  156642  0.01s             1           0  1.42s           2026-09-20T18:00:30
================================================================================
[2026-09-20T18:01:30.916+0000] {manager.py:878} INFO - 
================================================================================
DAG File Processing Stats

File Path                                PID    Runtime      # DAGs    # Errors  Last Runtime    Last Run
---------------------------------------  -----  ---------  --------  ----------  --------------  -------------------
/opt/airflow/dags/minio_to_snowflake.py                           1           0  1.29s           2026-09-20T18:01:02
================================================================================
[2026-09-20T18:02:01.373+0000] {manager.py:878} INFO - 
================================================================================
DAG File Processing Stats

File Path                                PID    Runtime      # DAGs    # Errors  Last Runtime    Last Run
---------------------------------------  -----  ---------  --------  ----------  --------------  -------------------
/opt/airflow/dags/minio_to_snowflake.py                           1           0  1.53s           2026-09-20T18:01:33
================================================================================
[2026-09-20T18:02:31.493+0000] {manager.py:878} INFO - 
================================================================================
DAG File Processing Stats

File Path                                PID    Runtime      # DAGs    # Errors  Last Runtime    Last Run
---------------------------------------  -----  ---------  --------  ----------  --------------  -------------------
/opt/airflow/dags/minio_to_snowflake.py                           1           0  2.86s           2026-09-20T18:02:06
================================================================================
[2026-09-20T18:03:02.140+0000] {manager.py:878} INFO - 
================================================================================
DAG File Processing Stats

File Path                                   PID  Runtime      # DAGs    # Errors  Last Runtime    Last Run
---------------------------------------  ------  ---------  --------  ----------  --------------  -------------------
/opt/airflow/dags/minio_to_snowflake.py  157228  24.57s            1           0  2.86s           2026-09-20T18:02:06
================================================================================
[2026-09-20T18:03:32.522+0000] {manager.py:878} INFO - 
================================================================================
DAG File Processing Stats

File Path                                PID    Runtime      # DAGs    # Errors  Last Runtime    Last Run
---------------------------------------  -----  ---------  --------  ----------  --------------  -------------------
/opt/airflow/dags/minio_to_snowflake.py                           1           0  32.74s          2026-09-20T18:03:10
================================================================================
[2026-09-20T18:04:03.101+0000] {manager.py:878} INFO - 
================================================================================
DAG File Processing Stats

File Path                                PID    Runtime      # DAGs    # Errors  Last Runtime    Last Run
---------------------------------------  -----  ---------  --------  ----------  --------------  -------------------
/opt/airflow/dags/minio_to_snowflake.py                           1           0  17.27s          2026-09-20T18:03:57
================================================================================
[2026-09-20T18:04:33.810+0000] {manager.py:878} INFO - 
================================================================================
DAG File Processing Stats

File Path                                   PID  Runtime      # DAGs    # Errors  Last Runtime    Last Run
---------------------------------------  ------  ---------  --------  ----------  --------------  -------------------
/opt/airflow/dags/minio_to_snowflake.py  159309  5.12s             1           0  17.27s          2026-09-20T18:03:57
================================================================================
[2026-09-20T18:05:04.156+0000] {manager.py:878} INFO - 
================================================================================
DAG File Processing Stats

File Path                                PID    Runtime      # DAGs    # Errors  Last Runtime    Last Run
---------------------------------------  -----  ---------  --------  ----------  --------------  -------------------
/opt/airflow/dags/minio_to_snowflake.py                           1           0  13.76s          2026-09-20T18:04:42
================================================================================
[2026-09-20T18:05:27.191+0000] {manager.py:737} INFO - Searching for files in /opt/airflow/dags
[2026-09-20T18:05:27.238+0000] {manager.py:740} INFO - There are 1 files in /opt/airflow/dags
[2026-09-20T18:05:34.356+0000] {manager.py:878} INFO - 
================================================================================
DAG File Processing Stats

File Path                                PID    Runtime      # DAGs    # Errors  Last Runtime    Last Run
---------------------------------------  -----  ---------  --------  ----------  --------------  -------------------
/opt/airflow/dags/minio_to_snowflake.py                           1           0  3.41s           2026-09-20T18:05:16
================================================================================
[2026-09-20T18:06:04.636+0000] {manager.py:878} INFO - 
================================================================================
DAG File Processing Stats

File Path                                PID    Runtime      # DAGs    # Errors  Last Runtime    Last Run
---------------------------------------  -----  ---------  --------  ----------  --------------  -------------------
/opt/airflow/dags/minio_to_snowflake.py                           1           0  3.50s           2026-09-20T18:05:49
================================================================================
[2026-09-20T18:06:34.993+0000] {manager.py:878} INFO - 
================================================================================
DAG File Processing Stats

File Path                                PID    Runtime      # DAGs    # Errors  Last Runtime    Last Run
---------------------------------------  -----  ---------  --------  ----------  --------------  -------------------
/opt/airflow/dags/minio_to_snowflake.py                           1           0  3.64s           2026-09-20T18:06:23
================================================================================
[2026-09-20T18:07:05.534+0000] {manager.py:878} INFO - 
================================================================================
DAG File Processing Stats

File Path                                PID    Runtime      # DAGs    # Errors  Last Runtime    Last Run
---------------------------------------  -----  ---------  --------  ----------  --------------  -------------------
/opt/airflow/dags/minio_to_snowflake.py                           1           0  3.40s           2026-09-20T18:06:57
================================================================================
[2026-09-20T18:07:35.638+0000] {manager.py:878} INFO - 
================================================================================
DAG File Processing Stats

File Path                                PID    Runtime      # DAGs    # Errors  Last Runtime    Last Run
---------------------------------------  -----  ---------  --------  ----------  --------------  -------------------
/opt/airflow/dags/minio_to_snowflake.py                           1           0  3.81s           2026-09-20T18:07:31
================================================================================
[2026-09-20T18:08:06.326+0000] {manager.py:878} INFO - 
================================================================================
DAG File Processing Stats

File Path                                   PID  Runtime      # DAGs    # Errors  Last Runtime    Last Run
---------------------------------------  ------  ---------  --------  ----------  --------------  -------------------
/opt/airflow/dags/minio_to_snowflake.py  160320  4.42s             1           0  3.81s           2026-09-20T18:07:31
================================================================================
[2026-09-20T18:08:36.893+0000] {manager.py:878} INFO - 
================================================================================
DAG File Processing Stats

File Path                                PID    Runtime      # DAGs    # Errors  Last Runtime    Last Run
---------------------------------------  -----  ---------  --------  ----------  --------------  -------------------
/opt/airflow/dags/minio_to_snowflake.py                           1           0  26.31s          2026-09-20T18:08:28
================================================================================
[2026-09-20T18:09:07.222+0000] {manager.py:878} INFO - 
================================================================================
DAG File Processing Stats

File Path                                   PID  Runtime      # DAGs    # Errors  Last Runtime    Last Run
---------------------------------------  ------  ---------  --------  ----------  --------------  -------------------
/opt/airflow/dags/minio_to_snowflake.py  162323  7.67s             1           0  26.31s          2026-09-20T18:08:28
================================================================================
[2026-09-20T18:09:34.744+0000] {manager.py:1016} ERROR - Processor for /opt/airflow/dags/minio_to_snowflake.py exited with return code 1.
[2026-09-20T18:09:37.802+0000] {manager.py:878} INFO - 
================================================================================
DAG File Processing Stats

File Path                                PID    Runtime      # DAGs    # Errors  Last Runtime    Last Run
---------------------------------------  -----  ---------  --------  ----------  --------------  -------------------
/opt/airflow/dags/minio_to_snowflake.py                           0          -1  35.22s          2026-09-20T18:09:34
================================================================================
[2026-09-20T18:10:08.278+0000] {manager.py:878} INFO - 
================================================================================
DAG File Processing Stats

File Path                                   PID  Runtime      # DAGs    # Errors  Last Runtime    Last Run
---------------------------------------  ------  ---------  --------  ----------  --------------  -------------------
/opt/airflow/dags/minio_to_snowflake.py  162402  3.12s             0          -1  35.22s          2026-09-20T18:09:34
================================================================================
[2026-09-20T18:10:27.920+0000] {manager.py:737} INFO - Searching for files in /opt/airflow/dags
[2026-09-20T18:10:27.968+0000] {manager.py:740} INFO - There are 1 files in /opt/airflow/dags
[2026-09-20T18:10:39.093+0000] {manager.py:878} INFO - 
================================================================================
DAG File Processing Stats

File Path                                PID    Runtime      # DAGs    # Errors  Last Runtime    Last Run
---------------------------------------  -----  ---------  --------  ----------  --------------  -------------------
/opt/airflow/dags/minio_to_snowflake.py                           1           0  6.68s           2026-09-20T18:10:11
================================================================================
[2026-09-20T18:11:12.649+0000] {manager.py:878} INFO - 
================================================================================
DAG File Processing Stats

File Path                                PID    Runtime      # DAGs    # Errors  Last Runtime    Last Run
---------------------------------------  -----  ---------  --------  ----------  --------------  -------------------
/opt/airflow/dags/minio_to_snowflake.py                           1           0  3.43s           2026-09-20T18:10:45
================================================================================
[2026-09-20T18:11:43.212+0000] {manager.py:878} INFO - 
================================================================================
DAG File Processing Stats

File Path                                PID    Runtime      # DAGs    # Errors  Last Runtime    Last Run
---------------------------------------  -----  ---------  --------  ----------  --------------  -------------------
/opt/airflow/dags/minio_to_snowflake.py                           1           0  7.89s           2026-09-20T18:11:23
================================================================================
[2026-09-20T18:12:13.748+0000] {manager.py:878} INFO - 
================================================================================
DAG File Processing Stats

File Path                                PID    Runtime      # DAGs    # Errors  Last Runtime    Last Run
---------------------------------------  -----  ---------  --------  ----------  --------------  -------------------
/opt/airflow/dags/minio_to_snowflake.py                           1           0  10.04s          2026-09-20T18:12:04
================================================================================
[2026-09-20T18:12:44.182+0000] {manager.py:878} INFO - 
================================================================================
DAG File Processing Stats

File Path                                PID    Runtime      # DAGs    # Errors  Last Runtime    Last Run
---------------------------------------  -----  ---------  --------  ----------  --------------  -------------------
/opt/airflow/dags/minio_to_snowflake.py                           1           0  5.69s           2026-09-20T18:12:41
================================================================================
[2026-09-20T18:13:14.466+0000] {manager.py:878} INFO - 
================================================================================
DAG File Processing Stats

File Path                                   PID  Runtime      # DAGs    # Errors  Last Runtime    Last Run
---------------------------------------  ------  ---------  --------  ----------  --------------  -------------------
/opt/airflow/dags/minio_to_snowflake.py  163237  3.11s             1           0  5.69s           2026-09-20T18:12:41
================================================================================
[2026-09-20T18:13:44.826+0000] {manager.py:878} INFO - 
================================================================================
DAG File Processing Stats

File Path                                PID    Runtime      # DAGs    # Errors  Last Runtime    Last Run
---------------------------------------  -----  ---------  --------  ----------  --------------  -------------------
/opt/airflow/dags/minio_to_snowflake.py                           1           0  5.91s           2026-09-20T18:13:17
================================================================================
[2026-09-20T18:14:15.481+0000] {manager.py:878} INFO - 
================================================================================
DAG File Processing Stats

File Path                                PID    Runtime      # DAGs    # Errors  Last Runtime    Last Run
---------------------------------------  -----  ---------  --------  ----------  --------------  -------------------
/opt/airflow/dags/minio_to_snowflake.py                           1           0  3.76s           2026-09-20T18:13:51
================================================================================
[2026-09-20T18:14:45.529+0000] {manager.py:878} INFO - 
================================================================================
DAG File Processing Stats

File Path                                PID    Runtime      # DAGs    # Errors  Last Runtime    Last Run
---------------------------------------  -----  ---------  --------  ----------  --------------  -------------------
/opt/airflow/dags/minio_to_snowflake.py                           1           0  4.61s           2026-09-20T18:14:26
================================================================================
[2026-09-20T18:15:16.233+0000] {manager.py:878} INFO - 
================================================================================
DAG File Processing Stats

File Path                                PID    Runtime      # DAGs    # Errors  Last Runtime    Last Run
---------------------------------------  -----  ---------  --------  ----------  --------------  -------------------
/opt/airflow/dags/minio_to_snowflake.py                           1           0  3.72s           2026-09-20T18:15:00
================================================================================
[2026-09-20T18:15:28.517+0000] {manager.py:737} INFO - Searching for files in /opt/airflow/dags
[2026-09-20T18:15:28.636+0000] {manager.py:740} INFO - There are 1 files in /opt/airflow/dags
[2026-09-20T18:15:46.739+0000] {manager.py:878} INFO - 
================================================================================
DAG File Processing Stats

File Path                                PID    Runtime      # DAGs    # Errors  Last Runtime    Last Run
---------------------------------------  -----  ---------  --------  ----------  --------------  -------------------
/opt/airflow/dags/minio_to_snowflake.py                           1           0  5.69s           2026-09-20T18:15:36
================================================================================
[2026-09-20T18:16:17.481+0000] {manager.py:878} INFO - 
================================================================================
DAG File Processing Stats

File Path                                PID    Runtime      # DAGs    # Errors  Last Runtime    Last Run
---------------------------------------  -----  ---------  --------  ----------  --------------  -------------------
/opt/airflow/dags/minio_to_snowflake.py                           1           0  6.02s           2026-09-20T18:16:13
================================================================================
[2026-09-20T18:16:48.212+0000] {manager.py:878} INFO - 
================================================================================
DAG File Processing Stats

File Path                                   PID  Runtime      # DAGs    # Errors  Last Runtime    Last Run
---------------------------------------  ------  ---------  --------  ----------  --------------  -------------------
/opt/airflow/dags/minio_to_snowflake.py  165776  4.07s             1           0  6.02s           2026-09-20T18:16:13
================================================================================
[2026-09-20T18:17:18.719+0000] {manager.py:878} INFO - 
================================================================================
DAG File Processing Stats

File Path                                PID    Runtime      # DAGs    # Errors  Last Runtime    Last Run
---------------------------------------  -----  ---------  --------  ----------  --------------  -------------------
/opt/airflow/dags/minio_to_snowflake.py                           1           0  4.89s           2026-09-20T18:16:49
================================================================================
[2026-09-20T18:17:48.763+0000] {manager.py:878} INFO - 
================================================================================
DAG File Processing Stats

File Path                                PID    Runtime      # DAGs    # Errors  Last Runtime    Last Run
---------------------------------------  -----  ---------  --------  ----------  --------------  -------------------
/opt/airflow/dags/minio_to_snowflake.py                           1           0  4.58s           2026-09-20T18:17:24
================================================================================
[2026-09-20T18:18:19.767+0000] {manager.py:878} INFO - 
================================================================================
DAG File Processing Stats

File Path                                PID    Runtime      # DAGs    # Errors  Last Runtime    Last Run
---------------------------------------  -----  ---------  --------  ----------  --------------  -------------------
/opt/airflow/dags/minio_to_snowflake.py                           1           0  4.26s           2026-09-20T18:17:59
================================================================================
[2026-09-20T18:18:50.584+0000] {manager.py:878} INFO - 
================================================================================
DAG File Processing Stats

File Path                                PID    Runtime      # DAGs    # Errors  Last Runtime    Last Run
---------------------------------------  -----  ---------  --------  ----------  --------------  -------------------
/opt/airflow/dags/minio_to_snowflake.py                           1           0  5.22s           2026-09-20T18:18:35
================================================================================
[2026-09-20T18:19:21.447+0000] {manager.py:878} INFO - 
================================================================================
DAG File Processing Stats

File Path                                PID    Runtime      # DAGs    # Errors  Last Runtime    Last Run
---------------------------------------  -----  ---------  --------  ----------  --------------  -------------------
/opt/airflow/dags/minio_to_snowflake.py                           1           0  4.40s           2026-09-20T18:19:10
================================================================================
[2026-09-20T18:19:52.183+0000] {manager.py:878} INFO - 
================================================================================
DAG File Processing Stats

File Path                                PID    Runtime      # DAGs    # Errors  Last Runtime    Last Run
---------------------------------------  -----  ---------  --------  ----------  --------------  -------------------
/opt/airflow/dags/minio_to_snowflake.py                           1           0  4.31s           2026-09-20T18:19:45
================================================================================
[2026-09-20T18:20:22.250+0000] {manager.py:878} INFO - 
================================================================================
DAG File Processing Stats

File Path                                PID    Runtime      # DAGs    # Errors  Last Runtime    Last Run
---------------------------------------  -----  ---------  --------  ----------  --------------  -------------------
/opt/airflow/dags/minio_to_snowflake.py                           1           0  3.50s           2026-09-20T18:20:19
================================================================================
[2026-09-20T18:20:28.876+0000] {manager.py:737} INFO - Searching for files in /opt/airflow/dags
[2026-09-20T18:20:28.938+0000] {manager.py:740} INFO - There are 1 files in /opt/airflow/dags
[2026-09-20T18:20:52.406+0000] {manager.py:878} INFO - 
================================================================================
DAG File Processing Stats

File Path                                   PID  Runtime      # DAGs    # Errors  Last Runtime    Last Run
---------------------------------------  ------  ---------  --------  ----------  --------------  -------------------
/opt/airflow/dags/minio_to_snowflake.py  168453  3.07s             1           0  3.50s           2026-09-20T18:20:19
================================================================================
[2026-09-20T18:21:23.141+0000] {manager.py:878} INFO - 
================================================================================
DAG File Processing Stats

File Path                                PID    Runtime      # DAGs    # Errors  Last Runtime    Last Run
---------------------------------------  -----  ---------  --------  ----------  --------------  -------------------
/opt/airflow/dags/minio_to_snowflake.py                           1           0  4.16s           2026-09-20T18:20:53
================================================================================
[2026-09-20T18:21:53.907+0000] {manager.py:878} INFO - 
================================================================================
DAG File Processing Stats

File Path                                PID    Runtime      # DAGs    # Errors  Last Runtime    Last Run
---------------------------------------  -----  ---------  --------  ----------  --------------  -------------------
/opt/airflow/dags/minio_to_snowflake.py                           1           0  5.14s           2026-09-20T18:21:29
================================================================================
[2026-09-20T18:22:24.694+0000] {manager.py:878} INFO - 
================================================================================
DAG File Processing Stats

File Path                                PID    Runtime      # DAGs    # Errors  Last Runtime    Last Run
---------------------------------------  -----  ---------  --------  ----------  --------------  -------------------
/opt/airflow/dags/minio_to_snowflake.py                           1           0  6.19s           2026-09-20T18:22:06
================================================================================
[2026-09-20T18:22:55.173+0000] {manager.py:878} INFO - 
================================================================================
DAG File Processing Stats

File Path                                PID    Runtime      # DAGs    # Errors  Last Runtime    Last Run
---------------------------------------  -----  ---------  --------  ----------  --------------  -------------------
/opt/airflow/dags/minio_to_snowflake.py                           1           0  4.93s           2026-09-20T18:22:41
================================================================================
[2026-09-20T18:23:25.791+0000] {manager.py:878} INFO - 
================================================================================
DAG File Processing Stats

File Path                                PID    Runtime      # DAGs    # Errors  Last Runtime    Last Run
---------------------------------------  -----  ---------  --------  ----------  --------------  -------------------
/opt/airflow/dags/minio_to_snowflake.py                           1           0  5.23s           2026-09-20T18:23:17
================================================================================
[2026-09-20T18:23:56.110+0000] {manager.py:878} INFO - 
================================================================================
DAG File Processing Stats

File Path                                PID    Runtime      # DAGs    # Errors  Last Runtime    Last Run
---------------------------------------  -----  ---------  --------  ----------  --------------  -------------------
/opt/airflow/dags/minio_to_snowflake.py                           1           0  3.70s           2026-09-20T18:23:51
================================================================================
[2026-09-20T18:24:26.161+0000] {manager.py:878} INFO - 
================================================================================
DAG File Processing Stats

File Path                                   PID  Runtime      # DAGs    # Errors  Last Runtime    Last Run
---------------------------------------  ------  ---------  --------  ----------  --------------  -------------------
/opt/airflow/dags/minio_to_snowflake.py  169411  4.08s             1           0  3.70s           2026-09-20T18:23:51
================================================================================
[2026-09-20T18:24:56.226+0000] {manager.py:878} INFO - 
================================================================================
DAG File Processing Stats

File Path                                PID    Runtime      # DAGs    # Errors  Last Runtime    Last Run
---------------------------------------  -----  ---------  --------  ----------  --------------  -------------------
/opt/airflow/dags/minio_to_snowflake.py                           1           0  4.76s           2026-09-20T18:24:26
================================================================================
[2026-09-20T18:25:26.749+0000] {manager.py:878} INFO - 
================================================================================
DAG File Processing Stats

File Path                                PID    Runtime      # DAGs    # Errors  Last Runtime    Last Run
---------------------------------------  -----  ---------  --------  ----------  --------------  -------------------
/opt/airflow/dags/minio_to_snowflake.py                           1           0  3.64s           2026-09-20T18:25:00
================================================================================
[2026-09-20T18:25:29.250+0000] {manager.py:737} INFO - Searching for files in /opt/airflow/dags
[2026-09-20T18:25:29.369+0000] {manager.py:740} INFO - There are 1 files in /opt/airflow/dags
[2026-09-20T18:25:56.976+0000] {manager.py:878} INFO - 
================================================================================
DAG File Processing Stats

File Path                                PID    Runtime      # DAGs    # Errors  Last Runtime    Last Run
---------------------------------------  -----  ---------  --------  ----------  --------------  -------------------
/opt/airflow/dags/minio_to_snowflake.py                           1           0  3.98s           2026-09-20T18:25:34
================================================================================
[2026-09-20T18:26:27.573+0000] {manager.py:878} INFO - 
================================================================================
DAG File Processing Stats

File Path                                PID    Runtime      # DAGs    # Errors  Last Runtime    Last Run
---------------------------------------  -----  ---------  --------  ----------  --------------  -------------------
/opt/airflow/dags/minio_to_snowflake.py                           1           0  4.93s           2026-09-20T18:26:10
================================================================================
[2026-09-20T18:26:57.786+0000] {manager.py:878} INFO - 
================================================================================
DAG File Processing Stats

File Path                                PID    Runtime      # DAGs    # Errors  Last Runtime    Last Run
---------------------------------------  -----  ---------  --------  ----------  --------------  -------------------
/opt/airflow/dags/minio_to_snowflake.py                           1           0  8.70s           2026-09-20T18:26:49
================================================================================
[2026-09-20T18:27:28.034+0000] {manager.py:878} INFO - 
================================================================================
DAG File Processing Stats

File Path                                PID    Runtime      # DAGs    # Errors  Last Runtime    Last Run
---------------------------------------  -----  ---------  --------  ----------  --------------  -------------------
/opt/airflow/dags/minio_to_snowflake.py                           1           0  4.94s           2026-09-20T18:27:24
================================================================================
[2026-09-20T18:27:58.234+0000] {manager.py:878} INFO - 
================================================================================
DAG File Processing Stats

File Path                                   PID  Runtime      # DAGs    # Errors  Last Runtime    Last Run
---------------------------------------  ------  ---------  --------  ----------  --------------  -------------------
/opt/airflow/dags/minio_to_snowflake.py  172018  3.12s             1           0  4.94s           2026-09-20T18:27:24
================================================================================
[2026-09-20T18:28:28.504+0000] {manager.py:878} INFO - 
================================================================================
DAG File Processing Stats

File Path                                PID    Runtime      # DAGs    # Errors  Last Runtime    Last Run
---------------------------------------  -----  ---------  --------  ----------  --------------  -------------------
/opt/airflow/dags/minio_to_snowflake.py                           1           0  4.72s           2026-09-20T18:27:59
================================================================================
[2026-09-20T18:28:59.219+0000] {manager.py:878} INFO - 
================================================================================
DAG File Processing Stats

File Path                                PID    Runtime      # DAGs    # Errors  Last Runtime    Last Run
---------------------------------------  -----  ---------  --------  ----------  --------------  -------------------
/opt/airflow/dags/minio_to_snowflake.py                           1           0  4.95s           2026-09-20T18:28:34
================================================================================
[2026-09-20T18:29:30.037+0000] {manager.py:878} INFO - 
================================================================================
DAG File Processing Stats

File Path                                PID    Runtime      # DAGs    # Errors  Last Runtime    Last Run
---------------------------------------  -----  ---------  --------  ----------  --------------  -------------------
/opt/airflow/dags/minio_to_snowflake.py                           1           0  5.36s           2026-09-20T18:29:10
================================================================================
[2026-09-20T18:30:00.211+0000] {manager.py:878} INFO - 
================================================================================
DAG File Processing Stats

File Path                                PID    Runtime      # DAGs    # Errors  Last Runtime    Last Run
---------------------------------------  -----  ---------  --------  ----------  --------------  -------------------
/opt/airflow/dags/minio_to_snowflake.py                           1           0  3.62s           2026-09-20T18:29:44
================================================================================
[2026-09-20T18:30:29.270+0000] {manager.py:737} INFO - Searching for files in /opt/airflow/dags
[2026-09-20T18:30:29.380+0000] {manager.py:740} INFO - There are 1 files in /opt/airflow/dags
[2026-09-20T18:30:30.463+0000] {manager.py:878} INFO - 
================================================================================
DAG File Processing Stats

File Path                                PID    Runtime      # DAGs    # Errors  Last Runtime    Last Run
---------------------------------------  -----  ---------  --------  ----------  --------------  -------------------
/opt/airflow/dags/minio_to_snowflake.py                           1           0  4.14s           2026-09-20T18:30:19
================================================================================
[2026-09-20T18:31:00.724+0000] {manager.py:878} INFO - 
================================================================================
DAG File Processing Stats

File Path                                PID    Runtime      # DAGs    # Errors  Last Runtime    Last Run
---------------------------------------  -----  ---------  --------  ----------  --------------  -------------------
/opt/airflow/dags/minio_to_snowflake.py                           1           0  4.20s           2026-09-20T18:30:53
================================================================================
[2026-09-20T18:31:30.993+0000] {manager.py:878} INFO - 
================================================================================
DAG File Processing Stats

File Path                                PID    Runtime      # DAGs    # Errors  Last Runtime    Last Run
---------------------------------------  -----  ---------  --------  ----------  --------------  -------------------
/opt/airflow/dags/minio_to_snowflake.py                           1           0  5.08s           2026-09-20T18:31:29
================================================================================
[2026-09-20T18:32:01.911+0000] {manager.py:878} INFO - 
================================================================================
DAG File Processing Stats

File Path                                   PID  Runtime      # DAGs    # Errors  Last Runtime    Last Run
---------------------------------------  ------  ---------  --------  ----------  --------------  -------------------
/opt/airflow/dags/minio_to_snowflake.py  174733  1.10s             1           0  5.08s           2026-09-20T18:31:29
================================================================================
[2026-09-20T18:32:32.470+0000] {manager.py:878} INFO - 
================================================================================
DAG File Processing Stats

File Path                                PID    Runtime      # DAGs    # Errors  Last Runtime    Last Run
---------------------------------------  -----  ---------  --------  ----------  --------------  -------------------
/opt/airflow/dags/minio_to_snowflake.py                           1           0  6.21s           2026-09-20T18:32:07
================================================================================
[2026-09-20T18:33:02.692+0000] {manager.py:878} INFO - 
================================================================================
DAG File Processing Stats

File Path                                PID    Runtime      # DAGs    # Errors  Last Runtime    Last Run
---------------------------------------  -----  ---------  --------  ----------  --------------  -------------------
/opt/airflow/dags/minio_to_snowflake.py                           1           0  6.65s           2026-09-20T18:32:44
================================================================================
[2026-09-20T18:33:33.380+0000] {manager.py:878} INFO - 
================================================================================
DAG File Processing Stats

File Path                                PID    Runtime      # DAGs    # Errors  Last Runtime    Last Run
---------------------------------------  -----  ---------  --------  ----------  --------------  -------------------
/opt/airflow/dags/minio_to_snowflake.py                           1           0  3.68s           2026-09-20T18:33:18
================================================================================
[2026-09-20T18:34:04.118+0000] {manager.py:878} INFO - 
================================================================================
DAG File Processing Stats

File Path                                PID    Runtime      # DAGs    # Errors  Last Runtime    Last Run
---------------------------------------  -----  ---------  --------  ----------  --------------  -------------------
/opt/airflow/dags/minio_to_snowflake.py                           1           0  5.33s           2026-09-20T18:33:54
================================================================================
[2026-09-20T18:34:34.538+0000] {manager.py:878} INFO - 
================================================================================
DAG File Processing Stats

File Path                                PID    Runtime      # DAGs    # Errors  Last Runtime    Last Run
---------------------------------------  -----  ---------  --------  ----------  --------------  -------------------
/opt/airflow/dags/minio_to_snowflake.py                           1           0  4.63s           2026-09-20T18:34:29
================================================================================
[2026-09-20T18:35:04.722+0000] {manager.py:878} INFO - 
================================================================================
DAG File Processing Stats

File Path                                   PID  Runtime      # DAGs    # Errors  Last Runtime    Last Run
---------------------------------------  ------  ---------  --------  ----------  --------------  -------------------
/opt/airflow/dags/minio_to_snowflake.py  175487  5.16s             1           0  4.63s           2026-09-20T18:34:29
================================================================================
[2026-09-20T18:35:29.544+0000] {manager.py:737} INFO - Searching for files in /opt/airflow/dags
[2026-09-20T18:35:29.685+0000] {manager.py:740} INFO - There are 1 files in /opt/airflow/dags
[2026-09-20T18:35:34.817+0000] {manager.py:878} INFO - 
================================================================================
DAG File Processing Stats

File Path                                PID    Runtime      # DAGs    # Errors  Last Runtime    Last Run
---------------------------------------  -----  ---------  --------  ----------  --------------  -------------------
/opt/airflow/dags/minio_to_snowflake.py                           1           0  6.81s           2026-09-20T18:35:06
================================================================================
[2026-09-20T18:36:04.961+0000] {manager.py:878} INFO - 
================================================================================
DAG File Processing Stats

File Path                                PID    Runtime      # DAGs    # Errors  Last Runtime    Last Run
---------------------------------------  -----  ---------  --------  ----------  --------------  -------------------
/opt/airflow/dags/minio_to_snowflake.py                           1           0  3.66s           2026-09-20T18:35:40
================================================================================
[2026-09-20T18:36:35.446+0000] {manager.py:878} INFO - 
================================================================================
DAG File Processing Stats

File Path                                PID    Runtime      # DAGs    # Errors  Last Runtime    Last Run
---------------------------------------  -----  ---------  --------  ----------  --------------  -------------------
/opt/airflow/dags/minio_to_snowflake.py                           1           0  5.11s           2026-09-20T18:36:15
================================================================================
[2026-09-20T18:37:05.652+0000] {manager.py:878} INFO - 
================================================================================
DAG File Processing Stats

File Path                                PID    Runtime      # DAGs    # Errors  Last Runtime    Last Run
---------------------------------------  -----  ---------  --------  ----------  --------------  -------------------
/opt/airflow/dags/minio_to_snowflake.py                           1           0  3.81s           2026-09-20T18:36:49
================================================================================
[2026-09-20T18:37:35.686+0000] {manager.py:878} INFO - 
================================================================================
DAG File Processing Stats

File Path                                PID    Runtime      # DAGs    # Errors  Last Runtime    Last Run
---------------------------------------  -----  ---------  --------  ----------  --------------  -------------------
/opt/airflow/dags/minio_to_snowflake.py                           1           0  9.55s           2026-09-20T18:37:29
================================================================================
[2026-09-20T18:38:05.742+0000] {manager.py:878} INFO - 
================================================================================
DAG File Processing Stats

File Path                                   PID  Runtime      # DAGs    # Errors  Last Runtime    Last Run
---------------------------------------  ------  ---------  --------  ----------  --------------  -------------------
/opt/airflow/dags/minio_to_snowflake.py  177813  5.46s             1           0  9.55s           2026-09-20T18:37:29
================================================================================
[2026-09-20T18:38:35.834+0000] {manager.py:878} INFO - 
================================================================================
DAG File Processing Stats

File Path                                PID    Runtime      # DAGs    # Errors  Last Runtime    Last Run
---------------------------------------  -----  ---------  --------  ----------  --------------  -------------------
/opt/airflow/dags/minio_to_snowflake.py                           1           0  5.95s           2026-09-20T18:38:06
================================================================================
[2026-09-20T18:39:06.561+0000] {manager.py:878} INFO - 
================================================================================
DAG File Processing Stats

File Path                                PID    Runtime      # DAGs    # Errors  Last Runtime    Last Run
---------------------------------------  -----  ---------  --------  ----------  --------------  -------------------
/opt/airflow/dags/minio_to_snowflake.py                           1           0  3.58s           2026-09-20T18:38:40
================================================================================
[2026-09-20T18:39:36.630+0000] {manager.py:878} INFO - 
================================================================================
DAG File Processing Stats

File Path                                PID    Runtime      # DAGs    # Errors  Last Runtime    Last Run
---------------------------------------  -----  ---------  --------  ----------  --------------  -------------------
/opt/airflow/dags/minio_to_snowflake.py                           1           0  5.58s           2026-09-20T18:39:16
================================================================================
[2026-09-20T18:40:07.042+0000] {manager.py:878} INFO - 
================================================================================
DAG File Processing Stats

File Path                                PID    Runtime      # DAGs    # Errors  Last Runtime    Last Run
---------------------------------------  -----  ---------  --------  ----------  --------------  -------------------
/opt/airflow/dags/minio_to_snowflake.py                           1           0  5.40s           2026-09-20T18:39:51
================================================================================
[2026-09-20T18:40:29.641+0000] {manager.py:737} INFO - Searching for files in /opt/airflow/dags
[2026-09-20T18:40:29.784+0000] {manager.py:740} INFO - There are 1 files in /opt/airflow/dags
[2026-09-20T18:40:37.990+0000] {manager.py:878} INFO - 
================================================================================
DAG File Processing Stats

File Path                                PID    Runtime      # DAGs    # Errors  Last Runtime    Last Run
---------------------------------------  -----  ---------  --------  ----------  --------------  -------------------
/opt/airflow/dags/minio_to_snowflake.py                           1           0  6.31s           2026-09-20T18:40:28
================================================================================
[2026-09-20T18:41:08.353+0000] {manager.py:878} INFO - 
================================================================================
DAG File Processing Stats

File Path                                PID    Runtime      # DAGs    # Errors  Last Runtime    Last Run
---------------------------------------  -----  ---------  --------  ----------  --------------  -------------------
/opt/airflow/dags/minio_to_snowflake.py                           1           0  3.69s           2026-09-20T18:41:03
================================================================================
[2026-09-20T18:41:38.525+0000] {manager.py:878} INFO - 
================================================================================
DAG File Processing Stats

File Path                                   PID  Runtime      # DAGs    # Errors  Last Runtime    Last Run
---------------------------------------  ------  ---------  --------  ----------  --------------  -------------------
/opt/airflow/dags/minio_to_snowflake.py  178944  4.70s             1           0  3.69s           2026-09-20T18:41:03
================================================================================
[2026-09-20T18:42:08.888+0000] {manager.py:878} INFO - 
================================================================================
DAG File Processing Stats

File Path                                PID    Runtime      # DAGs    # Errors  Last Runtime    Last Run
---------------------------------------  -----  ---------  --------  ----------  --------------  -------------------
/opt/airflow/dags/minio_to_snowflake.py                           1           0  6.63s           2026-09-20T18:41:40
================================================================================
[2026-09-20T18:42:39.389+0000] {manager.py:878} INFO - 
================================================================================
DAG File Processing Stats

File Path                                PID    Runtime      # DAGs    # Errors  Last Runtime    Last Run
---------------------------------------  -----  ---------  --------  ----------  --------------  -------------------
/opt/airflow/dags/minio_to_snowflake.py                           1           0  3.82s           2026-09-20T18:42:14
================================================================================
[2026-09-20T18:43:09.573+0000] {manager.py:878} INFO - 
================================================================================
DAG File Processing Stats

File Path                                PID    Runtime      # DAGs    # Errors  Last Runtime    Last Run
---------------------------------------  -----  ---------  --------  ----------  --------------  -------------------
/opt/airflow/dags/minio_to_snowflake.py                           1           0  3.68s           2026-09-20T18:42:48
================================================================================
[2026-09-20T18:43:40.017+0000] {manager.py:878} INFO - 
================================================================================
DAG File Processing Stats

File Path                                PID    Runtime      # DAGs    # Errors  Last Runtime    Last Run
---------------------------------------  -----  ---------  --------  ----------  --------------  -------------------
/opt/airflow/dags/minio_to_snowflake.py                           1           0  4.92s           2026-09-20T18:43:23
================================================================================
[2026-09-20T18:44:10.173+0000] {manager.py:878} INFO - 
================================================================================
DAG File Processing Stats

File Path                                   PID  Runtime      # DAGs    # Errors  Last Runtime    Last Run
---------------------------------------  ------  ---------  --------  ----------  --------------  -------------------
/opt/airflow/dags/minio_to_snowflake.py  181046  15.86s            1           0  4.92s           2026-09-20T18:43:23
================================================================================
[2026-09-20T18:44:40.400+0000] {manager.py:878} INFO - 
================================================================================
DAG File Processing Stats

File Path                                PID    Runtime      # DAGs    # Errors  Last Runtime    Last Run
---------------------------------------  -----  ---------  --------  ----------  --------------  -------------------
/opt/airflow/dags/minio_to_snowflake.py                           1           0  29.74s          2026-09-20T18:44:24
================================================================================
[2026-09-20T18:45:10.763+0000] {manager.py:878} INFO - 
================================================================================
DAG File Processing Stats

File Path                                PID    Runtime      # DAGs    # Errors  Last Runtime    Last Run
---------------------------------------  -----  ---------  --------  ----------  --------------  -------------------
/opt/airflow/dags/minio_to_snowflake.py                           1           0  4.71s           2026-09-20T18:44:59
================================================================================
[2026-09-20T18:45:30.014+0000] {manager.py:737} INFO - Searching for files in /opt/airflow/dags
[2026-09-20T18:45:30.133+0000] {manager.py:740} INFO - There are 1 files in /opt/airflow/dags
[2026-09-20T18:45:41.406+0000] {manager.py:878} INFO - 
================================================================================
DAG File Processing Stats

File Path                                PID    Runtime      # DAGs    # Errors  Last Runtime    Last Run
---------------------------------------  -----  ---------  --------  ----------  --------------  -------------------
/opt/airflow/dags/minio_to_snowflake.py                           1           0  3.24s           2026-09-20T18:45:33
================================================================================
[2026-09-20T18:46:11.724+0000] {manager.py:878} INFO - 
================================================================================
DAG File Processing Stats

File Path                                PID    Runtime      # DAGs    # Errors  Last Runtime    Last Run
---------------------------------------  -----  ---------  --------  ----------  --------------  -------------------
/opt/airflow/dags/minio_to_snowflake.py                           1           0  4.86s           2026-09-20T18:46:08
================================================================================
[2026-09-20T18:46:42.192+0000] {manager.py:878} INFO - 
================================================================================
DAG File Processing Stats

File Path                                   PID  Runtime      # DAGs    # Errors  Last Runtime    Last Run
---------------------------------------  ------  ---------  --------  ----------  --------------  -------------------
/opt/airflow/dags/minio_to_snowflake.py  181663  3.10s             1           0  4.86s           2026-09-20T18:46:08
================================================================================
[2026-09-20T18:47:12.642+0000] {manager.py:878} INFO - 
================================================================================
DAG File Processing Stats

File Path                                PID    Runtime      # DAGs    # Errors  Last Runtime    Last Run
---------------------------------------  -----  ---------  --------  ----------  --------------  -------------------
/opt/airflow/dags/minio_to_snowflake.py                           1           0  4.46s           2026-09-20T18:46:43
================================================================================
[2026-09-20T18:47:43.116+0000] {manager.py:878} INFO - 
================================================================================
DAG File Processing Stats

File Path                                PID    Runtime      # DAGs    # Errors  Last Runtime    Last Run
---------------------------------------  -----  ---------  --------  ----------  --------------  -------------------
/opt/airflow/dags/minio_to_snowflake.py                           1           0  3.13s           2026-09-20T18:47:16
================================================================================
[2026-09-20T18:48:13.684+0000] {manager.py:878} INFO - 
================================================================================
DAG File Processing Stats

File Path                                PID    Runtime      # DAGs    # Errors  Last Runtime    Last Run
---------------------------------------  -----  ---------  --------  ----------  --------------  -------------------
/opt/airflow/dags/minio_to_snowflake.py                           1           0  9.13s           2026-09-20T18:47:56
================================================================================
[2026-09-20T18:48:43.715+0000] {manager.py:878} INFO - 
================================================================================
DAG File Processing Stats

File Path                                PID    Runtime      # DAGs    # Errors  Last Runtime    Last Run
---------------------------------------  -----  ---------  --------  ----------  --------------  -------------------
/opt/airflow/dags/minio_to_snowflake.py                           1           0  5.56s           2026-09-20T18:48:32
================================================================================
[2026-09-20T18:49:13.963+0000] {manager.py:878} INFO - 
================================================================================
DAG File Processing Stats

File Path                                PID    Runtime      # DAGs    # Errors  Last Runtime    Last Run
---------------------------------------  -----  ---------  --------  ----------  --------------  -------------------
/opt/airflow/dags/minio_to_snowflake.py                           1           0  8.64s           2026-09-20T18:49:11
================================================================================
[2026-09-20T18:49:44.527+0000] {manager.py:878} INFO - 
================================================================================
DAG File Processing Stats

File Path                                   PID  Runtime      # DAGs    # Errors  Last Runtime    Last Run
---------------------------------------  ------  ---------  --------  ----------  --------------  -------------------
/opt/airflow/dags/minio_to_snowflake.py  184300  2.08s             1           0  8.64s           2026-09-20T18:49:11
================================================================================
[2026-09-20T18:50:14.700+0000] {manager.py:878} INFO - 
================================================================================
DAG File Processing Stats

File Path                                PID    Runtime      # DAGs    # Errors  Last Runtime    Last Run
---------------------------------------  -----  ---------  --------  ----------  --------------  -------------------
/opt/airflow/dags/minio_to_snowflake.py                           1           0  6.63s           2026-09-20T18:49:49
================================================================================
[2026-09-20T18:50:30.088+0000] {manager.py:737} INFO - Searching for files in /opt/airflow/dags
[2026-09-20T18:50:30.544+0000] {manager.py:740} INFO - There are 1 files in /opt/airflow/dags
[2026-09-20T18:50:45.022+0000] {manager.py:878} INFO - 
================================================================================
DAG File Processing Stats

File Path                                PID    Runtime      # DAGs    # Errors  Last Runtime    Last Run
---------------------------------------  -----  ---------  --------  ----------  --------------  -------------------
/opt/airflow/dags/minio_to_snowflake.py                           1           0  6.92s           2026-09-20T18:50:26
================================================================================
[2026-09-20T18:51:15.526+0000] {manager.py:878} INFO - 
================================================================================
DAG File Processing Stats

File Path                                PID    Runtime      # DAGs    # Errors  Last Runtime    Last Run
---------------------------------------  -----  ---------  --------  ----------  --------------  -------------------
/opt/airflow/dags/minio_to_snowflake.py                           1           0  5.92s           2026-09-20T18:51:02
================================================================================
[2026-09-20T18:51:45.820+0000] {manager.py:878} INFO - 
================================================================================
DAG File Processing Stats

File Path                                PID    Runtime      # DAGs    # Errors  Last Runtime    Last Run
---------------------------------------  -----  ---------  --------  ----------  --------------  -------------------
/opt/airflow/dags/minio_to_snowflake.py                           1           0  4.74s           2026-09-20T18:51:37
================================================================================
[2026-09-20T18:52:15.982+0000] {manager.py:878} INFO - 
================================================================================
DAG File Processing Stats

File Path                                   PID  Runtime      # DAGs    # Errors  Last Runtime    Last Run
---------------------------------------  ------  ---------  --------  ----------  --------------  -------------------
/opt/airflow/dags/minio_to_snowflake.py  186145  7.76s             1           0  4.74s           2026-09-20T18:51:37
================================================================================
[2026-09-20T18:52:46.379+0000] {manager.py:878} INFO - 
================================================================================
DAG File Processing Stats

File Path                                PID    Runtime      # DAGs    # Errors  Last Runtime    Last Run
---------------------------------------  -----  ---------  --------  ----------  --------------  -------------------
/opt/airflow/dags/minio_to_snowflake.py                           1           0  12.32s          2026-09-20T18:52:20
================================================================================
[2026-09-20T18:53:16.738+0000] {manager.py:878} INFO - 
================================================================================
DAG File Processing Stats

File Path                                PID    Runtime      # DAGs    # Errors  Last Runtime    Last Run
---------------------------------------  -----  ---------  --------  ----------  --------------  -------------------
/opt/airflow/dags/minio_to_snowflake.py                           1           0  16.58s          2026-09-20T18:53:07
================================================================================
[2026-09-20T18:53:46.933+0000] {manager.py:878} INFO - 
================================================================================
DAG File Processing Stats

File Path                                PID    Runtime      # DAGs    # Errors  Last Runtime    Last Run
---------------------------------------  -----  ---------  --------  ----------  --------------  -------------------
/opt/airflow/dags/minio_to_snowflake.py                           1           0  6.77s           2026-09-20T18:53:45
================================================================================
[2026-09-20T18:54:17.213+0000] {manager.py:878} INFO - 
================================================================================
DAG File Processing Stats

File Path                                   PID  Runtime      # DAGs    # Errors  Last Runtime    Last Run
---------------------------------------  ------  ---------  --------  ----------  --------------  -------------------
/opt/airflow/dags/minio_to_snowflake.py  187000  1.36s             1           0  6.77s           2026-09-20T18:53:45
================================================================================
[2026-09-20T18:54:48.087+0000] {manager.py:878} INFO - 
================================================================================
DAG File Processing Stats

File Path                                PID    Runtime      # DAGs    # Errors  Last Runtime    Last Run
---------------------------------------  -----  ---------  --------  ----------  --------------  -------------------
/opt/airflow/dags/minio_to_snowflake.py                           1           0  6.65s           2026-09-20T18:54:22
================================================================================
[2026-09-20T18:55:18.984+0000] {manager.py:878} INFO - 
================================================================================
DAG File Processing Stats

File Path                                PID    Runtime      # DAGs    # Errors  Last Runtime    Last Run
---------------------------------------  -----  ---------  --------  ----------  --------------  -------------------
/opt/airflow/dags/minio_to_snowflake.py                           1           0  6.21s           2026-09-20T18:54:59
================================================================================
[2026-09-20T18:55:30.173+0000] {manager.py:737} INFO - Searching for files in /opt/airflow/dags
[2026-09-20T18:55:30.312+0000] {manager.py:740} INFO - There are 1 files in /opt/airflow/dags
[2026-09-20T18:55:49.122+0000] {manager.py:878} INFO - 
================================================================================
DAG File Processing Stats

File Path                                PID    Runtime      # DAGs    # Errors  Last Runtime    Last Run
---------------------------------------  -----  ---------  --------  ----------  --------------  -------------------
/opt/airflow/dags/minio_to_snowflake.py                           1           0  13.45s          2026-09-20T18:55:44
================================================================================
[2026-09-20T18:56:19.807+0000] {manager.py:878} INFO - 
================================================================================
DAG File Processing Stats

File Path                                   PID  Runtime      # DAGs    # Errors  Last Runtime    Last Run
---------------------------------------  ------  ---------  --------  ----------  --------------  -------------------
/opt/airflow/dags/minio_to_snowflake.py  187516  5.12s             1           0  13.45s          2026-09-20T18:55:44
================================================================================
[2026-09-20T18:56:49.928+0000] {manager.py:878} INFO - 
================================================================================
DAG File Processing Stats

File Path                                PID    Runtime      # DAGs    # Errors  Last Runtime    Last Run
---------------------------------------  -----  ---------  --------  ----------  --------------  -------------------
/opt/airflow/dags/minio_to_snowflake.py                           1           0  7.35s           2026-09-20T18:56:22
================================================================================
[2026-09-20T18:57:20.067+0000] {manager.py:878} INFO - 
================================================================================
DAG File Processing Stats

File Path                                PID    Runtime      # DAGs    # Errors  Last Runtime    Last Run
---------------------------------------  -----  ---------  --------  ----------  --------------  -------------------
/opt/airflow/dags/minio_to_snowflake.py                           1           0  5.41s           2026-09-20T18:56:57
================================================================================
[2026-09-20T18:57:50.789+0000] {manager.py:878} INFO - 
================================================================================
DAG File Processing Stats

File Path                                PID    Runtime      # DAGs    # Errors  Last Runtime    Last Run
---------------------------------------  -----  ---------  --------  ----------  --------------  -------------------
/opt/airflow/dags/minio_to_snowflake.py                           1           0  4.30s           2026-09-20T18:57:32
================================================================================
[2026-09-20T18:58:21.596+0000] {manager.py:878} INFO - 
================================================================================
DAG File Processing Stats

File Path                                PID    Runtime      # DAGs    # Errors  Last Runtime    Last Run
---------------------------------------  -----  ---------  --------  ----------  --------------  -------------------
/opt/airflow/dags/minio_to_snowflake.py                           1           0  12.43s          2026-09-20T18:58:15
================================================================================
[2026-09-20T18:58:52.025+0000] {manager.py:878} INFO - 
================================================================================
DAG File Processing Stats

File Path                                   PID  Runtime      # DAGs    # Errors  Last Runtime    Last Run
---------------------------------------  ------  ---------  --------  ----------  --------------  -------------------
/opt/airflow/dags/minio_to_snowflake.py  189381  5.68s             1           0  12.43s          2026-09-20T18:58:15
================================================================================
[2026-09-20T18:59:22.064+0000] {manager.py:878} INFO - 
================================================================================
DAG File Processing Stats

File Path                                PID    Runtime      # DAGs    # Errors  Last Runtime    Last Run
---------------------------------------  -----  ---------  --------  ----------  --------------  -------------------
/opt/airflow/dags/minio_to_snowflake.py                           1           0  27.36s          2026-09-20T18:59:13
================================================================================
[2026-09-20T18:59:52.592+0000] {manager.py:878} INFO - 
================================================================================
DAG File Processing Stats

File Path                                PID    Runtime      # DAGs    # Errors  Last Runtime    Last Run
---------------------------------------  -----  ---------  --------  ----------  --------------  -------------------
/opt/airflow/dags/minio_to_snowflake.py                           1           0  4.65s           2026-09-20T18:59:48
================================================================================
[2026-09-20T19:00:22.849+0000] {manager.py:878} INFO - 
================================================================================
DAG File Processing Stats

File Path                                   PID  Runtime      # DAGs    # Errors  Last Runtime    Last Run
---------------------------------------  ------  ---------  --------  ----------  --------------  -------------------
/opt/airflow/dags/minio_to_snowflake.py  189880  3.73s             1           0  4.65s           2026-09-20T18:59:48
================================================================================
[2026-09-20T19:00:30.397+0000] {manager.py:737} INFO - Searching for files in /opt/airflow/dags
[2026-09-20T19:00:30.573+0000] {manager.py:740} INFO - There are 1 files in /opt/airflow/dags
[2026-09-20T19:00:53.205+0000] {manager.py:878} INFO - 
================================================================================
DAG File Processing Stats

File Path                                PID    Runtime      # DAGs    # Errors  Last Runtime    Last Run
---------------------------------------  -----  ---------  --------  ----------  --------------  -------------------
/opt/airflow/dags/minio_to_snowflake.py                           1           0  7.32s           2026-09-20T19:00:26
================================================================================
[2026-09-20T19:01:23.569+0000] {manager.py:878} INFO - 
================================================================================
DAG File Processing Stats

File Path                                PID    Runtime      # DAGs    # Errors  Last Runtime    Last Run
---------------------------------------  -----  ---------  --------  ----------  --------------  -------------------
/opt/airflow/dags/minio_to_snowflake.py                           1           0  3.57s           2026-09-20T19:01:00
================================================================================
[2026-09-20T19:01:53.956+0000] {manager.py:878} INFO - 
================================================================================
DAG File Processing Stats

File Path                                PID    Runtime      # DAGs    # Errors  Last Runtime    Last Run
---------------------------------------  -----  ---------  --------  ----------  --------------  -------------------
/opt/airflow/dags/minio_to_snowflake.py                           1           0  3.28s           2026-09-20T19:01:34
================================================================================
[2026-09-20T19:02:23.982+0000] {manager.py:878} INFO - 
================================================================================
DAG File Processing Stats

File Path                                PID    Runtime      # DAGs    # Errors  Last Runtime    Last Run
---------------------------------------  -----  ---------  --------  ----------  --------------  -------------------
/opt/airflow/dags/minio_to_snowflake.py                           1           0  4.79s           2026-09-20T19:02:10
================================================================================
[2026-09-20T19:02:54.344+0000] {manager.py:878} INFO - 
================================================================================
DAG File Processing Stats

File Path                                PID    Runtime      # DAGs    # Errors  Last Runtime    Last Run
---------------------------------------  -----  ---------  --------  ----------  --------------  -------------------
/opt/airflow/dags/minio_to_snowflake.py                           1           0  7.00s           2026-09-20T19:02:47
================================================================================
[2026-09-20T19:03:25.028+0000] {manager.py:878} INFO - 
================================================================================
DAG File Processing Stats

File Path                                   PID  Runtime      # DAGs    # Errors  Last Runtime    Last Run
---------------------------------------  ------  ---------  --------  ----------  --------------  -------------------
/opt/airflow/dags/minio_to_snowflake.py  190624  7.25s             1           0  7.00s           2026-09-20T19:02:47
================================================================================
[2026-09-20T19:03:55.388+0000] {manager.py:878} INFO - 
================================================================================
DAG File Processing Stats

File Path                                PID    Runtime      # DAGs    # Errors  Last Runtime    Last Run
---------------------------------------  -----  ---------  --------  ----------  --------------  -------------------
/opt/airflow/dags/minio_to_snowflake.py                           1           0  16.31s          2026-09-20T19:03:34
================================================================================
[2026-09-20T19:04:25.542+0000] {manager.py:878} INFO - 
================================================================================
DAG File Processing Stats

File Path                                   PID  Runtime      # DAGs    # Errors  Last Runtime    Last Run
---------------------------------------  ------  ---------  --------  ----------  --------------  -------------------
/opt/airflow/dags/minio_to_snowflake.py  190798  20.31s            1           0  16.31s          2026-09-20T19:03:34
================================================================================
[2026-09-20T19:04:56.396+0000] {manager.py:878} INFO - 
================================================================================
DAG File Processing Stats

File Path                                PID    Runtime      # DAGs    # Errors  Last Runtime    Last Run
---------------------------------------  -----  ---------  --------  ----------  --------------  -------------------
/opt/airflow/dags/minio_to_snowflake.py                           1           0  35.03s          2026-09-20T19:04:40
================================================================================
[2026-09-20T19:05:26.877+0000] {manager.py:878} INFO - 
================================================================================
DAG File Processing Stats

File Path                                PID    Runtime      # DAGs    # Errors  Last Runtime    Last Run
---------------------------------------  -----  ---------  --------  ----------  --------------  -------------------
/opt/airflow/dags/minio_to_snowflake.py                           1           0  14.04s          2026-09-20T19:05:24
================================================================================
[2026-09-20T19:05:30.461+0000] {manager.py:737} INFO - Searching for files in /opt/airflow/dags
[2026-09-20T19:05:30.554+0000] {manager.py:740} INFO - There are 1 files in /opt/airflow/dags
[2026-09-20T19:05:57.380+0000] {manager.py:878} INFO - 
================================================================================
DAG File Processing Stats

File Path                                   PID  Runtime      # DAGs    # Errors  Last Runtime    Last Run
---------------------------------------  ------  ---------  --------  ----------  --------------  -------------------
/opt/airflow/dags/minio_to_snowflake.py  191602  2.08s             1           0  14.04s          2026-09-20T19:05:24
================================================================================
[2026-09-20T19:06:28.107+0000] {manager.py:878} INFO - 
================================================================================
DAG File Processing Stats

File Path                                PID    Runtime      # DAGs    # Errors  Last Runtime    Last Run
---------------------------------------  -----  ---------  --------  ----------  --------------  -------------------
/opt/airflow/dags/minio_to_snowflake.py                           1           0  7.64s           2026-09-20T19:06:02
================================================================================
[2026-09-20T19:06:58.741+0000] {manager.py:878} INFO - 
================================================================================
DAG File Processing Stats

File Path                                PID    Runtime      # DAGs    # Errors  Last Runtime    Last Run
---------------------------------------  -----  ---------  --------  ----------  --------------  -------------------
/opt/airflow/dags/minio_to_snowflake.py                           1           0  5.95s           2026-09-20T19:06:39
================================================================================
